Event,Latitude,Longitude,Elevation [m],Depth [m],Sample comment,O. universa [#],G. conglobatus [#],G. ruber p [#],G. ruber w [#],G. ruber [#] (sum of G. ruber pink and G. r...),G. tenellus [#],G. sacculifer wo sac [#],G. sacculifer sac [#],G. sacculifer [#] (sum of G. sacculifer no sac a...),S. dehiscens [#],G. adamsi [#],G. aequilateralis [#],G. calida [#],G. bulloides [#],G. falconensis [#],G. digitata [#],G. rubescens [#],G. humilis [#],G. quinqueloba [#],N. pachyderma s [#],N. pachyderma d [#],G. dutertrei [#],G. conglomerata [#],G. hexagona [#],P. obliquiloculata [#],G. inflata [#],G. truncatulinoides s [#],G. truncatulinoides d [#],G. crassaformis [#],G. pachyderma [#],G. hirsuta [#],G. scitula [#],G. anfracta [#],G. menardii [#],G. tumida [#],G. tumida flexuosa [#],"G. menardii [#] (sum of G. menardii, G. tumida...)",C. nitida [#],G. glutinata [#],G. iota [#],G. bradyi [#],G. pumilio [#],H. pelagica [#],H. digitata [#],Foram plankt oth [#]
A152-84,44.3498,-30.267,-2750,0,,4,0,2,28,30,4,0,2,2,0,0,4,8,61,64,0,6,0,10,8,39,3,0,0,0,67,7,10,0,45,16,41,0,0,0,0,0,0,37,0,0,0,0,0,20
A153-154,28,-38.783,-4020,0,,1,2,7,168,175,20,2,2,4,0,0,15,0,5,33,0,6,1,0,0,2,0,0,0,0,39,18,16,5,0,2,4,0,0,0,0,0,0,44,0,0,0,0,0,21
A15-559FF,8.983,51.733,-3797,0,,2,0,0,80,80,0,7,0,7,1,0,4,2,70,2,1,4,0,0,1,0,11,0,2,2,0,0,0,0,0,0,0,0,28,6,0,34,0,132,0,0,0,0,0,12
A157-3,50.9332,-41.75,-4025,0,,0,1,0,4,4,0,1,0,1,0,0,0,0,150,3,0,0,0,4,94,104,8,0,0,0,162,8,5,0,119,14,0,0,1,0,0,1,0,14,0,0,0,0,0,10
A164-13,35.7167,-67.3333,-5103,0,,1,3,0,76,76,0,29,7,36,1,0,8,2,106,5,0,0,1,0,0,7,34,0,0,22,45,15,3,0,4,27,0,0,15,18,0,33,0,7,0,0,0,0,0,16
A164-15,36.1333,-68.9167,-4624,0,,2,2,0,53,53,0,9,6,15,1,0,7,0,65,8,0,0,1,0,1,21,31,0,0,19,63,11,0,1,11,10,0,0,21,20,0,41,0,1,0,0,0,0,0,10
A164-16,36.15,-69.15,-4624,0,,7,3,0,106,106,0,26,16,42,1,0,11,3,59,16,2,0,0,0,0,10,36,0,0,14,31,26,7,0,7,17,0,0,3,6,0,9,0,34,0,0,0,0,0,16
A164-17,35.7833,-68.9333,-4824,0,,1,4,3,65,68,0,20,5,25,0,0,5,2,69,6,2,0,1,0,1,22,31,0,0,6,61,21,1,0,5,20,0,0,14,17,0,31,0,5,0,0,0,0,0,16
A164-23,36.2167,-69.4,-4512,0,,3,3,1,81,82,0,23,13,36,0,0,10,0,67,11,1,0,0,0,0,19,26,0,0,18,43,25,0,1,4,31,0,0,10,7,0,17,0,19,0,0,0,0,0,7
A167-12,31.8333,-74.35,-4700,0,,0,16,0,167,167,0,14,5,19,1,0,23,2,34,10,1,0,1,0,0,0,43,0,0,18,33,57,2,0,0,23,0,0,20,19,0,39,0,21,0,0,0,0,0,9
A167-13,31.65,-75.35,-2880,0,,2,6,24,275,299,10,58,7,65,0,0,41,13,13,69,0,5,3,0,0,3,18,0,0,27,5,63,20,0,3,17,1,0,25,5,0,30,1,52,0,0,0,0,0,13
A167-18TW,29.7667,-76.8,-1015,0,,2,2,5,94,99,9,16,3,19,0,0,21,12,1,3,0,6,0,0,0,0,8,0,0,5,1,5,7,0,0,1,3,0,5,1,0,6,1,94,0,0,0,0,0,18
A167-1TW,37.65,-72.95,-2706,0,,3,13,0,5,5,0,3,3,6,0,0,0,0,14,2,0,0,0,0,6,83,29,0,0,8,139,2,1,0,97,3,0,0,30,3,0,33,0,9,0,0,0,0,0,5
A179-13,23.9333,-75.75,-1847,0,,5,4,8,191,199,33,9,3,12,0,0,22,5,0,1,0,11,0,0,0,0,2,0,0,0,0,6,17,0,0,0,1,0,0,0,0,0,2,34,0,0,0,0,0,13
A179-15,24.8,-75.9333,-3109,0,,4,3,12,157,169,39,16,3,19,0,0,22,4,1,0,0,21,0,0,0,0,3,0,0,0,0,4,3,0,0,1,0,0,1,0,0,1,0,41,0,0,0,1,0,7
A179-20,30.7833,-67.6667,-4993,0,,5,4,1,200,201,1,8,1,9,0,0,11,0,55,2,1,0,2,0,0,1,7,0,0,1,32,32,9,0,0,15,0,0,0,0,0,0,0,9,0,0,0,0,0,8
A179-24,35.7667,-69.0833,-4663,0,,12,5,4,89,93,0,40,18,58,0,0,30,17,32,6,2,0,3,0,1,11,42,0,0,33,85,29,5,0,3,20,0,0,13,6,0,19,0,46,0,0,0,0,0,2
A179-6,19.4,-78.55,-4731,0,,8,0,23,156,179,1,40,12,52,0,0,19,5,0,3,0,3,0,0,1,1,13,0,0,0,1,0,7,3,1,0,2,0,15,3,0,18,1,22,0,0,0,0,0,15
A180-13,39.1332,-42.65,-4880,0,,2,4,0,52,52,1,9,6,15,0,0,2,3,35,2,0,0,0,0,2,40,22,0,0,12,139,27,11,0,52,42,0,0,10,1,0,11,0,19,0,0,0,0,0,11
A180-20,33.333,-27.367,-4040,0,,3,1,2,110,112,12,9,5,14,0,0,11,2,52,76,1,0,3,1,0,11,0,0,0,0,43,18,13,0,4,14,21,0,2,0,0,2,0,43,0,0,0,0,0,15
A180-69,5.2833,-17.0667,-5100,0,,2,0,0,7,7,2,1,4,5,7,0,3,2,2,0,2,1,0,0,1,1,27,0,0,25,2,1,1,6,2,1,1,0,7,191,0,198,0,3,0,0,0,0,0,2
A180-70,3.65,-18.3,-4846,0,,1,2,0,10,10,1,19,15,34,12,0,5,0,0,0,4,0,0,1,1,0,65,0,0,52,0,0,0,12,0,0,0,0,86,173,0,259,0,2,0,0,0,0,0,0
A180-74,-0.05,-24.1667,-3329,0.5,,0,1,53,0,53,1,39,0,39,0,0,5,0,23,0,0,9,0,0,2,40,125,0,0,0,42,0,56,6,57,0,1,0,0,0,0,0,0,51,0,0,0,0,0,0
A180-76,-0.7667,-26.0333,-3512,0.4,,0,0,4,85,89,0,24,7,31,0,0,10,0,16,1,0,2,0,0,0,12,57,0,0,6,22,2,31,10,75,0,0,0,1,2,0,3,0,31,0,0,0,0,0,7
A181-7,10.55,-57.3167,-3766,0,,9,6,110,171,281,0,52,40,92,0,0,25,7,0,0,3,0,0,0,0,0,33,0,0,4,0,0,2,4,0,0,1,0,11,3,0,14,5,19,0,0,0,0,0,0
A181-9,20.7332,-59.2,-5215,0,,1,40,4,213,217,0,35,25,60,2,0,13,1,0,0,0,0,0,1,0,0,21,0,0,1,0,8,9,2,0,0,0,0,4,19,0,23,0,0,0,0,0,0,0,3
ELT44.027-PC,-53.038,119.735,-3542,0,,0,0,0,0,0,0,0,0,0,0,0,0,0,111,0,0,0,0,2,232,3,0,0,0,0,45,2,0,1,0,0,0,0,0,0,0,0,0,9,0,0,0,0,0,3
ELT45.027-PC,-43.308,105.548,-3823,0.3,,0,0,,,0,0,,,0,0,0,0,0,157,0,1,0,0,12,50,17,0,0,0,0,38,13,0,0,0,0,1,,0,0,0,0,0,11,,,,,,
ELT45.070-PC,-48.008,114.478,-3726,0,,0,0,0,0,0,0,0,0,0,0,0,0,0,275,0,0,0,0,11,93,24,0,0,0,0,87,29,0,0,7,0,0,0,0,0,0,0,0,28,1,0,0,0,0,1
ELT45.073-PC,-47.533,114.423,-3768,0,,2,0,0,0,0,0,0,0,0,0,0,0,0,221,0,0,0,0,9,88,25,0,0,0,0,66,20,1,0,27,0,2,0,0,0,0,0,0,21,0,0,0,0,0,1
ELT45.077-PC,-46.448,114.417,-3854,0,,7,0,0,0,0,0,0,0,0,0,0,0,0,251,0,0,0,0,0,54,23,0,0,0,4,93,38,3,0,10,0,0,0,0,0,0,0,0,9,0,0,0,0,0,2
ELT45.078-PC,-45.037,114.348,-4084,0.31,,1,0,,,0,0,,,0,0,0,0,0,155,0,0,0,1,17,43,13,0,0,0,0,52,4,0,1,1,0,1,,0,0,0,0,0,11,,,,,,
ELT45.081-PC,-43.953,114.368,-4318,0,,23,0,0,0,2,0,0,0,0,0,0,0,0,196,0,0,0,0,3,23,47,0,0,0,0,153,38,2,0,12,0,8,0,0,0,0,0,0,8,0,0,0,0,0,4
ELT48.003-PC,-41.02,100.012,-3982,0.22,,1,0,,,0,0,,,0,0,0,0,0,174,1,0,0,2,24,21,10,0,0,0,0,41,4,0,0,4,0,0,,0,0,0,0,0,18,,,,,,
ELT48.023-PC,-39.515,83.723,-3551,0.32,,1,0,,,0,0,,,0,0,0,0,0,115,1,1,0,1,47,14,47,0,0,0,0,23,10,1,0,16,0,0,,0,0,0,0,0,23,,,,,,
ELT49.022-PC,-45.022,95.082,-2734,0,,0,0,0,0,0,0,0,0,0,0,0,0,0,123,0,0,0,0,10,49,40,0,0,0,0,64,18,2,0,21,0,0,0,0,0,0,0,0,53,0,0,0,0,0,1
ELT49.023-PC,-47.128,95.08,-3285,0,,0,0,0,0,0,0,0,0,0,0,0,0,0,148,0,0,0,0,12,74,11,0,0,0,0,54,13,1,0,5,1,0,0,0,0,0,0,0,28,0,0,0,0,0,3
ELT49.024-PC,-47.988,95.037,-3240,0,,0,0,0,0,0,0,0,0,0,0,0,0,0,124,0,0,0,0,9,76,5,0,0,0,0,33,8,0,0,9,0,0,0,0,0,0,0,0,35,0,0,0,0,0,0
ELT49.025-PC,-49.378,94.832,-3366,0,,0,0,0,0,0,0,0,0,0,0,0,0,0,128,0,0,0,0,0,78,10,0,0,0,0,54,6,1,0,2,0,1,0,0,0,0,0,0,15,0,0,0,0,0,3
KM1-41,24.5,-16.95,-1530,0,,1,0,5,50,55,1,18,14,32,0,0,2,11,63,21,0,1,2,3,2,58,0,0,0,11,90,17,4,2,121,0,0,0,0,0,0,0,0,16,0,0,0,0,0,13
RC07-21,14.267,-75.58,-4094,0,,11,6,0,0,168,0,0,0,84,4,0,13,1,0,2,1,0,0,0,0,0,72,0,0,6,0,2,2,3,0,0,0,0,56,21,0,77,1,21,0,0,0,0,0,0
RC08-106,14,-74.88,-3904,0,,16,4,12,64,76,0,42,10,52,2,0,10,0,0,1,1,0,0,0,0,2,67,0,0,11,1,1,1,1,0,0,0,0,23,12,0,35,1,19,0,0,0,0,0,0
RC08-40,-43.78,46.2,-2540,0,,0,0,0,0,1,0,0,0,0,0,0,0,0,85,1,0,0,0,3,41,2,0,0,0,0,24,2,0,0,51,0,0,0,0,0,0,0,0,17,0,0,0,0,0,4
RC08-41,-43.63,51.267,-2897,0,,0,0,0,0,0,0,0,0,0,0,0,0,0,122,0,0,0,0,0,163,1,0,0,0,0,88,2,0,0,2,0,0,0,0,0,0,0,0,8,0,0,0,0,0,0
RC08-46,-55.33,65.467,-2761,0,,0,0,0,0,0,0,0,0,1,0,0,0,0,6,0,0,0,0,0,264,2,0,0,0,0,0,0,0,0,55,0,0,0,0,0,0,0,0,2,0,0,0,0,0,5
RC08-50,-44.77,92.417,-3219,0,,0,0,0,1,1,0,0,0,0,0,0,1,0,141,2,1,0,0,11,24,23,6,0,0,0,58,13,0,0,49,0,0,0,0,0,0,0,0,39,0,0,0,0,0,0
RC08-53,-39.38,104.37,-4429,0,,6,0,0,4,4,0,0,0,0,0,0,1,4,63,11,0,0,0,3,4,12,1,0,0,0,81,23,0,0,21,0,1,0,0,0,0,0,0,3,0,0,0,0,0,1
RC08-60,-36.75,120.9,-5351,0,,0,0,0,15,15,1,2,0,2,0,0,1,0,32,10,2,4,0,7,6,35,14,0,0,0,34,8,2,0,13,0,12,0,1,0,0,1,0,73,0,0,0,0,0,14
RC08-61,-46.53,125.57,-4254,0,,6,0,0,0,0,0,0,0,0,0,0,0,0,179,5,2,0,0,6,35,26,0,0,0,0,96,35,2,0,12,0,0,0,0,0,0,0,0,5,0,0,0,0,0,2
RC08-62,-49.33,127.12,-3875,0,,0,0,0,0,0,0,0,0,0,0,0,0,2,110,6,0,0,0,15,20,11,0,0,0,0,38,12,0,0,33,0,0,0,0,0,0,0,0,27,0,0,0,0,0,1
RC08-63,-51.08,129.97,-3442,0,,0,0,0,0,0,0,0,0,0,0,0,0,1,101,2,0,0,0,8,59,0,2,0,0,0,26,5,0,0,80,0,1,0,0,0,0,0,0,11,0,0,0,0,0,6
RC09-139,-47.77,123.1,-4158,0,,2,0,0,0,0,0,0,0,0,0,0,0,0,238,0,0,0,0,0,26,12,0,0,0,0,81,24,0,0,1,0,0,0,0,0,0,0,0,6,0,0,0,0,0,2
RC09-140,-45.42,121.12,-4400,0,,0,0,0,0,0,0,0,0,0,0,0,0,3,225,8,0,0,0,4,20,6,0,0,0,0,65,19,0,0,5,1,0,0,0,0,0,0,6,0,0,0,0,0,0,1
RC09-143,-41.37,114.13,-4396,0,,1,0,0,2,2,0,0,0,0,0,0,0,0,117,0,0,0,0,0,1,7,0,0,0,0,80,13,1,0,3,2,0,0,0,0,0,0,0,4,0,0,0,0,0,4
RC09-160,12.05,63.15,-4268,0,,2,7,0,73,73,0,27,8,35,2,0,3,3,26,0,2,0,0,0,0,0,38,0,2,39,0,0,2,1,0,0,0,0,58,0,0,58,0,30,0,0,0,0,0,0
RC09-163,17.883,58.083,-3005,0,,1,0,0,19,19,4,0,1,1,0,0,6,3,109,26,1,8,0,4,1,2,8,0,2,0,0,0,0,0,2,0,0,0,7,0,0,7,0,100,0,0,0,0,0,13
RC09-212,44.2,-14.9,-5083,0,,87,0,0,5,5,0,1,0,1,0,0,4,0,17,3,9,0,0,3,38,134,0,0,0,0,66,2,1,3,51,4,4,0,0,0,0,0,0,29,0,0,0,0,0,11
RC09-222,45.1,-10.57,-4903,0,,59,0,0,2,2,0,0,0,0,0,0,7,1,25,2,4,0,0,0,4,89,0,0,0,0,62,0,0,0,43,1,2,0,0,0,0,0,0,25,0,0,0,0,0,10
RC09-225,54.983,-15.4,-2334,0,,0,0,0,0,0,0,0,0,0,0,0,1,0,61,3,0,0,0,21,2,84,1,0,0,0,21,0,1,0,46,0,7,0,0,0,0,0,0,67,0,0,0,0,0,9
RC09-61,10.183,-77.22,-3191,0,,9,1,32,83,115,1,48,6,54,0,0,18,2,2,0,0,4,0,0,0,2,24,1,0,5,0,0,4,0,0,0,0,0,1,15,0,16,0,27,0,0,0,0,0,1
RC09-61,10.183,-77.22,-3191,0,x,7,9,37,182,219,1,68,48,116,4,0,21,6,0,0,3,2,0,0,0,0,54,0,0,7,0,0,2,3,0,0,1,0,33,5,0,38,0,23,0,0,0,0,0,8
RC10-22,21.3,-69.67,-3832,0,,6,6,84,221,305,17,23,10,33,0,0,22,7,0,2,0,11,2,0,0,0,2,0,0,0,2,1,11,2,0,0,2,0,0,0,0,0,0,72,0,0,0,0,0,16
RC10-256,13.483,-81.63,-1146,0,,3,4,0,0,179,2,0,0,93,0,0,17,3,0,2,0,2,0,0,0,0,19,0,0,0,0,0,0,3,0,0,0,0,22,6,0,28,0,32,0,0,0,0,0,1
RC10-49,16.567,-79.53,-1238,0,,2,1,39,95,134,7,58,11,69,0,0,17,2,0,0,0,10,0,0,0,0,15,0,0,0,0,0,0,0,0,0,2,0,35,2,0,37,3,38,0,0,0,0,0,4
RC10-49,16.567,-79.53,-1238,0,x,8,1,57,114,171,2,59,23,82,0,0,8,6,0,0,2,12,0,0,0,0,10,0,0,1,0,0,0,1,0,0,0,0,21,13,0,34,1,33,0,0,0,0,0,1
RC10-50,11.767,-81.1,-2072,1,,2,12,8,143,151,0,18,4,22,0,0,27,0,1,2,1,6,0,0,0,0,13,0,0,0,7,0,13,3,1,1,1,0,0,3,0,3,0,47,0,0,0,0,0,1
RC11-10,4.967,-45.97,-3834,0,,2,2,39,187,226,0,89,13,102,1,0,13,4,2,0,1,0,0,0,0,1,1,0,0,6,0,0,1,0,1,0,0,0,13,4,0,17,0,14,0,0,0,0,0,0
RC11-103,-43.03,57.35,-4673,0,,0,0,0,0,0,0,0,0,0,0,0,0,0,53,0,0,0,0,1,27,34,0,0,0,0,228,3,0,2,11,6,0,0,0,1,0,1,0,0,0,0,0,0,0,0
RC11-106,-34.33,54.217,-4212,0,,4,0,0,3,3,0,0,0,0,0,0,3,1,11,0,0,0,0,3,4,41,0,0,0,0,260,4,0,0,19,6,0,0,0,0,0,0,0,9,0,0,0,0,0,1
RC11-11,2.217,-45.4,-3759,0,,6,2,8,167,175,1,53,19,72,1,0,20,5,0,2,0,3,0,0,0,0,6,0,0,10,0,0,0,0,0,0,1,0,40,9,0,49,1,18,0,0,0,0,0,5
RC11-111,-22.4,57.633,-4365,0,,3,14,0,209,209,0,26,10,36,0,0,18,14,2,0,10,1,0,0,0,1,17,0,0,3,44,1,13,0,0,0,0,0,23,5,0,28,1,12,0,0,0,0,0,6
RC11-116,-34.92,67.583,-4548,0,,2,2,0,3,3,0,1,0,1,0,0,1,3,15,0,0,0,0,0,5,52,0,0,0,0,170,23,1,0,25,7,0,0,0,0,0,0,0,0,0,0,0,0,0,1
RC11-117,-36.48,69.55,-4367,0,,1,0,0,6,6,0,0,0,0,0,0,2,0,31,2,2,1,0,3,4,78,0,0,0,0,73,16,0,1,38,7,0,0,0,0,0,0,0,0,0,0,0,0,0,2
RC11-12,0.917,-43.77,-4145,0,,3,5,9,129,138,0,64,21,85,0,0,17,3,0,0,0,0,0,0,0,0,12,0,0,17,0,0,0,0,0,0,0,0,33,4,0,37,0,19,0,0,0,0,0,8
RC11-122,-38.03,83.483,-3490,0,,5,0,0,4,4,0,0,0,0,0,0,4,10,70,27,2,1,0,5,0,26,3,0,0,0,47,24,1,0,38,6,0,0,0,0,0,0,0,9,0,0,0,0,0,3
RC11-128,-28.07,95.967,-3926,0,,9,6,0,76,76,1,7,1,8,0,0,15,4,18,5,7,1,0,0,4,3,0,0,0,0,76,25,23,0,0,7,2,0,5,1,0,6,0,8,0,0,0,0,0,2
RC11-13,1.683,-41.52,-4378,0,,2,6,1,56,57,0,65,30,95,4,0,10,1,0,0,3,0,0,0,0,0,18,0,0,23,0,0,0,1,0,0,0,0,67,36,0,103,0,6,0,0,0,0,0,5
RC11-138,-33.8,112.98,-3069,0,,2,0,0,50,50,4,5,1,6,0,0,6,5,29,10,0,1,0,0,0,5,23,0,0,0,87,9,2,0,1,1,6,0,4,1,0,5,0,20,0,0,0,0,0,0
RC11-139,-33.8,112.98,-3157,0,,2,1,0,8,8,0,3,0,3,0,0,3,2,14,2,0,0,0,0,2,0,1,0,0,0,41,13,0,0,1,1,1,0,2,1,0,3,0,3,0,0,0,0,0,0
RC11-141,-31.57,114.12,-4347,0,,0,0,0,16,16,0,0,0,0,0,0,2,1,5,0,0,0,0,1,0,1,19,0,0,0,196,7,2,0,0,4,1,0,18,0,0,18,0,10,0,0,0,0,0,0
RC11-146,-21.42,112.8,-2371,0,,2,3,0,108,108,11,17,4,21,0,0,6,16,28,10,0,10,0,0,0,0,25,0,0,6,1,0,1,1,2,0,2,0,24,1,2,27,0,51,0,0,0,0,0,3
RC11-78,-50.87,-9.867,-3115,0,,0,0,1,0,0,0,0,0,0,0,0,0,0,2,0,0,0,0,2,350,5,0,0,0,0,0,0,0,0,0,0,0,0,0,0,0,0,0,0,0,0,0,0,0,2
RC11-79,-49,-4.6,-3385,0,,0,0,0,0,0,0,0,0,0,0,0,0,0,4,0,0,0,0,0,364,9,0,0,0,0,3,0,0,0,1,0,0,0,0,0,0,0,0,0,0,0,0,0,0,3
RC11-80,-46.75,-0.05,-3656,0,,0,0,0,0,0,0,0,0,0,0,0,0,0,91,1,0,0,0,1,95,1,0,0,0,0,159,10,0,0,4,0,1,0,0,0,0,0,0,5,0,0,0,0,0,6
RC12-291,-42.58,-17.8,-3508,0,,1,0,0,0,0,0,0,0,0,0,0,1,0,132,6,0,0,0,34,9,13,0,0,0,0,46,30,1,0,27,0,0,0,0,0,0,0,0,15,0,0,0,0,0,13
RC13-146,11.91,-75.04,-3387,0,,18,2,11,60,71,0,28,3,31,7,0,31,0,1,0,1,0,0,0,0,2,22,0,0,32,0,0,3,7,0,0,0,0,6,91,0,97,0,11,0,0,0,0,0,1
RC13-147,12.88,-74.85,-3941,0,,41,4,0,0,70,0,0,0,42,4,0,18,0,0,0,0,0,0,0,0,0,66,0,0,16,0,0,2,5,0,0,0,0,61,28,0,89,0,22,0,0,0,0,0,1
RC13-150,15.617,-71.67,-3788,0,,3,2,27,103,130,1,67,13,80,1,0,14,0,1,0,0,1,0,1,0,0,28,0,0,0,0,1,0,0,0,0,0,0,18,7,0,25,2,19,0,0,0,0,0,1
RC13-151,15.857,-74.79,-2792,0.6,,2,7,25,147,172,3,20,5,25,0,0,11,0,6,2,0,5,0,0,0,0,32,0,0,1,17,0,13,5,2,1,0,0,1,1,0,2,1,37,0,0,0,0,0,3
RC13-156TW,10.032,-76.96,-3103,0,,1,25,0,0,212,0,0,0,88,3,0,28,3,0,0,0,0,0,0,0,1,27,0,0,5,0,0,2,23,0,0,1,0,24,44,0,68,0,14,0,0,0,1,0,0
RC13-157,11.25,-78.15,-3588,0,,5,7,0,0,116,1,0,0,98,3,0,15,0,0,2,0,0,0,0,0,0,43,0,0,7,0,1,1,7,0,0,0,0,20,14,0,36,0,18,0,0,0,0,0,1
RC13-159,14.695,-77.17,-4027,0.7,,6,8,32,148,180,9,33,4,37,0,0,28,0,4,3,0,8,0,0,0,0,14,0,0,0,11,1,8,4,1,0,0,0,0,0,0,0,0,50,0,0,0,0,0,2
RC13-196,3.705,-7.722,-3734,0,,4,0,33,70,103,4,76,21,97,1,0,9,3,1,0,2,7,0,0,0,0,22,0,0,6,17,2,0,1,0,0,0,0,26,0,0,26,0,22,0,0,0,0,0,10
RC13-229,-25.49,11.307,-4191,0,,6,0,0,5,5,0,0,1,1,0,0,1,0,4,0,3,0,0,0,6,59,2,0,0,0,71,0,1,1,113,3,0,0,0,0,0,0,0,1,0,0,0,0,0,5
RC13-253,-46.6,7.625,-2494,0,,0,0,0,0,0,0,0,0,0,0,0,0,0,83,1,0,0,0,25,118,1,0,0,0,0,26,7,0,0,2,0,0,0,0,0,0,0,0,9,0,0,0,0,0,7
RC13-275,-50.7167,13.4333,-1984,0,,0,0,0,0,0,0,0,0,0,0,0,0,0,3,0,0,0,0,7,303,3,0,0,0,0,1,0,0,0,0,0,0,0,0,0,0,0,0,2,0,0,0,0,0,4
RC15-91,-49.92,-15.57,-3775,0,,0,0,0,0,0,0,0,0,0,0,0,0,0,50,0,0,0,0,5,386,2,0,0,0,0,214,3,0,0,5,0,0,0,0,0,0,0,0,0,0,0,0,0,0,9
RC15-93,-46.1,-13.23,-2714,0,,0,0,0,0,0,0,0,0,0,0,0,0,0,73,4,0,0,0,60,146,9,0,0,0,0,44,5,1,0,8,0,0,0,0,0,0,0,0,13,0,0,0,0,0,3
RC17-101,-12.38,61.617,-2665,0,,2,11,0,75,75,1,33,14,47,0,0,19,25,9,2,5,5,2,0,0,0,17,0,8,20,0,0,0,0,4,0,5,0,6,0,0,6,0,54,0,0,1,0,0,3
RC17-102,-12.85,59.872,-3470,0,,6,6,0,92,92,2,41,26,87,0,0,14,17,10,1,0,1,0,0,0,1,19,5,4,21,0,1,0,0,4,0,5,0,6,1,0,7,0,69,0,0,0,0,0,0
RC17-103,-13.61,59.638,-3912,0,,3,8,0,107,107,4,28,14,42,2,0,10,12,12,0,4,0,1,0,0,3,14,4,6,19,0,0,0,0,6,0,2,0,9,0,0,9,0,63,0,0,0,0,0,1
RC17-104,-15.59,58.852,-3834,0,,3,3,0,103,103,3,30,10,40,0,0,14,20,13,4,2,7,0,0,0,0,14,1,0,13,0,0,0,0,6,0,2,0,1,0,0,1,0,87,0,0,0,0,0,1
RC17-105,-16.23,58.633,-2500,0,,2,16,0,133,133,6,40,12,52,1,0,17,23,11,8,0,7,0,1,0,1,17,0,2,10,0,0,0,0,5,0,3,0,3,0,0,3,0,56,0,0,0,0,0,0
RC17-110,-2.807,61.203,-4395,0,,0,12,0,76,76,0,21,12,33,0,0,13,6,5,0,5,3,0,0,0,8,56,2,15,15,0,0,4,1,7,0,2,0,63,6,0,69,0,12,0,0,0,0,0,0
RC17-114,19.193,66.29,-2967,0,,2,5,0,64,64,0,41,8,49,0,0,10,5,11,1,1,0,0,0,0,0,22,4,0,16,0,0,1,0,0,0,2,0,29,2,0,31,0,85,0,0,0,0,0,0
RC17-116,21.472,67.298,-2195,0,,4,1,0,65,65,10,5,2,7,0,0,2,5,40,36,0,6,0,0,0,0,4,0,1,8,1,0,0,0,0,0,0,0,5,0,0,5,0,107,0,0,0,0,0,0
RC17-121,14.763,70.058,-3481,0,,0,2,0,13,13,1,9,5,14,2,0,4,0,5,0,3,3,0,0,0,0,16,2,7,10,0,0,0,0,0,0,0,0,37,0,0,37,0,4,0,0,0,1,0,0
RC17-123,12.858,70.255,-3581,0,,0,1,0,13,13,0,12,6,18,1,0,13,5,10,1,4,5,0,0,0,0,13,0,6,0,0,0,0,0,0,0,0,0,32,0,0,32,0,0,0,0,0,0,0,0
RC17-125,9.582,72.763,-1734,0,,6,5,1,101,102,29,24,8,32,0,0,19,20,26,0,5,6,0,0,0,1,21,2,17,13,0,0,0,0,0,0,1,0,15,0,0,15,0,56,0,0,0,0,0,0
RC17-126,7.28,72.805,-1743,0,,1,0,0,87,87,10,13,11,24,3,0,12,19,43,1,3,13,0,0,0,0,28,5,12,19,0,0,0,0,0,0,2,0,16,0,0,16,2,78,0,0,0,0,0,0
RC17-98,-13.22,65.617,-3409,0.53,,5,7,,,78,3,,,22,0,0,11,7,10,3,0,7,0,0,0,2,29,1,1,5,0,0,1,0,1,2,4,,12,21,0,12,0,68,,,,,,
RE009-7,59.6532,-22.77,-2468,0,,1,0,0,0,0,0,0,0,0,0,0,0,0,113,1,0,0,0,22,25,104,0,0,0,0,12,0,0,0,43,1,3,0,0,0,0,0,0,79,0,0,0,0,0,5
SP009-003,53.867,-21.1328,-2743,0,,2,0,0,0,0,0,0,0,0,0,0,0,0,124,0,0,0,0,13,32,190,3,0,0,0,71,0,6,0,111,0,5,0,0,0,0,0,0,44,0,0,0,0,0,11
SP010-005,63.4832,-0.0667,-2012,0,,1,0,0,0,0,0,0,0,0,0,0,0,0,5,0,0,0,0,3,138,63,0,0,0,0,2,1,0,0,60,0,0,0,0,0,0,0,0,4,0,0,0,0,0,2
V02-9,42.467,-54.9,-4702,0,,1,8,0,4,4,0,0,0,0,0,0,0,0,18,2,1,0,0,10,34,103,7,0,0,1,99,0,1,0,124,0,2,0,3,0,0,3,0,5,0,0,0,0,0,10
V03-128,23.767,-92.47,-3590,0,,7,3,37,132,169,0,34,10,44,0,0,0,8,7,0,0,2,0,0,0,2,10,0,0,20,0,0,28,1,0,0,0,0,21,2,0,23,0,12,0,0,0,0,0,5
V04-12,36.8498,-21.017,-4500,0,,6,3,1,65,66,3,26,9,35,0,0,9,12,51,96,0,1,1,4,0,24,0,0,0,1,77,18,24,2,15,15,11,0,0,0,0,0,0,41,0,0,0,0,0,3
V05-1,32.6,-69.5,-5323,0,,2,4,0,91,91,1,10,2,12,0,0,6,1,66,13,0,0,2,0,0,2,8,0,0,4,81,24,3,0,1,28,0,0,4,6,0,10,2,0,0,0,0,0,0,13
V05-31,32.283,-65.12,-1597,0,,3,4,8,71,79,8,7,0,7,0,0,9,9,7,63,0,15,1,0,0,3,5,0,0,1,25,23,8,0,1,10,0,0,1,1,0,2,0,27,0,0,0,0,0,9
V05-40,32.217,-64.72,-1953,0,,2,0,9,107,116,11,4,0,4,0,0,28,10,25,62,0,6,1,0,0,1,0,0,0,2,8,22,3,0,1,16,2,0,0,0,0,0,0,32,0,0,0,0,0,12
V06-5,17.567,-63.57,-190,0,,0,0,46,194,240,8,39,2,41,0,0,3,0,0,0,0,61,0,0,0,0,8,0,0,0,0,0,1,0,0,0,0,0,7,0,0,7,0,26,0,0,0,0,0,27
V07-13,29.283,-79.92,-452,0,,10,2,26,133,159,3,27,3,30,0,0,69,23,8,3,4,6,0,0,0,0,28,0,0,0,0,0,2,1,0,0,2,2,22,0,0,22,3,139,0,0,0,1,0,20
V07-42,38.917,-57.13,-5260,0,,4,0,2,30,32,0,2,2,4,0,0,2,0,6,0,1,0,0,0,5,65,29,0,0,19,75,6,4,1,68,8,0,0,12,12,0,24,0,6,0,0,0,0,0,2
V07-53,36.9,-54.03,-5427,0,,1,1,0,48,48,0,1,0,1,0,0,0,0,52,2,2,1,0,0,1,18,37,0,0,12,139,21,2,0,16,19,0,0,6,5,0,11,0,0,0,0,0,0,0,22
V07-67,34.667,-61.45,-4308,0,,3,2,2,89,91,1,7,8,15,0,0,13,2,55,31,1,1,2,0,0,6,18,0,0,4,35,50,4,0,2,33,2,0,6,0,0,6,0,34,0,0,0,0,0,11
V07-68,40.767,-64.6,-4133,0,,2,4,0,4,4,0,2,0,2,0,0,0,0,6,4,0,0,0,0,22,115,36,0,0,12,84,1,0,1,88,2,0,0,16,3,0,19,0,10,0,0,0,0,0,11
V08-7,12.4,-77.77,-3823,0,,11,7,11,89,100,0,57,26,83,1,0,14,0,0,0,0,0,0,0,0,0,52,0,0,14,0,1,0,1,0,0,0,0,21,35,0,56,0,10,0,0,0,0,0,1
V09-31,8.233,-37.87,-4204,0,,2,2,22,136,158,1,87,35,122,0,0,25,0,1,2,1,4,0,0,0,0,11,0,0,1,0,0,2,1,0,0,1,0,8,0,0,8,1,29,0,0,0,0,0,11
V10-80,31.383,-11.62,-2550,0,,4,0,19,73,92,3,28,15,43,0,0,10,13,74,88,0,5,2,0,2,22,0,0,0,12,35,18,11,4,27,16,2,0,0,0,0,0,0,20,0,0,0,0,0,10
V10-88,22.967,-38.2,-4971,0,,1,20,1,357,358,0,28,22,50,0,0,9,1,1,4,3,0,0,0,0,0,2,0,0,0,19,5,8,2,0,0,0,0,5,6,0,11,0,5,0,0,0,0,0,3
V10-89,23.033,-43.8,-3523,0,,3,1,29,126,155,27,10,7,17,0,0,16,3,0,7,0,22,0,0,0,0,1,0,0,0,2,7,9,1,0,0,2,0,0,0,0,0,0,35,0,0,0,0,0,7
V10-98,31.433,-64.17,-4299,0,,2,4,11,97,108,8,10,3,13,0,0,9,2,26,30,0,5,1,0,2,6,3,0,0,0,60,19,6,3,9,13,1,0,3,0,0,3,1,27,0,0,0,0,0,9
V12-122,17,-74.4,-2800,0,,9,1,42,103,145,1,43,23,66,0,0,8,6,0,0,0,9,0,4,0,0,10,0,0,0,0,0,2,4,1,1,2,0,17,9,0,26,1,35,0,0,0,0,0,2
V12-4,24.283,-53.07,-5009,0,,5,5,17,376,393,0,18,13,31,0,0,9,3,5,0,1,0,0,0,0,0,1,0,0,0,4,5,4,1,0,1,0,0,2,0,0,2,5,6,0,0,0,0,0,0
V12-66,-22.98,7.017,-2760,0,,11,0,0,29,29,6,7,2,9,0,0,2,11,10,34,0,2,0,0,5,33,1,0,0,0,69,9,15,1,53,2,7,0,14,0,0,14,0,15,0,0,0,0,0,12
V12-80,1.75,-16.05,-4918,0,,10,2,1,52,53,0,127,60,187,10,0,27,1,1,1,5,0,0,0,0,0,77,0,0,54,10,0,2,8,7,0,1,0,88,25,0,113,0,10,0,0,0,0,0,7
V12-99,10.7,-65.2,-1020,0,,4,0,20,51,71,1,4,1,5,0,0,18,18,131,0,0,3,0,0,0,0,46,0,0,2,0,0,2,30,0,0,0,0,15,1,0,16,0,53,0,0,0,0,0,9
V14-100,3.867,65.517,-3682,0,,0,4,0,51,51,1,20,8,28,0,0,12,8,7,0,1,0,0,0,0,0,10,9,5,12,0,0,0,2,2,0,0,0,32,2,0,34,0,28,0,0,0,0,0,0
V14-103,11.433,56.233,-4232,0,,0,0,0,11,11,0,11,0,11,0,0,3,2,11,2,0,0,0,0,0,0,22,0,2,11,0,0,0,0,2,0,1,0,54,29,0,83,0,11,0,0,0,0,0,0
V14-104,13.433,53.45,-2670,0,,0,0,0,33,33,1,3,4,7,0,0,0,0,29,0,0,5,0,1,0,0,11,0,2,10,0,0,0,0,0,0,0,0,18,0,0,18,0,60,0,0,0,0,0,5
V14-105,14.3,51,-2120,0,,0,0,0,34,34,0,6,3,9,0,0,2,4,46,1,1,4,0,1,1,0,10,0,2,0,1,0,0,0,1,0,1,0,55,0,0,55,0,82,0,0,0,0,0,0
V14-106,12.867,48.4,-2144,0,,0,0,0,64,64,1,5,4,9,0,0,5,5,48,0,0,6,0,0,0,0,7,0,0,3,0,0,0,0,0,0,2,0,58,0,0,58,0,103,0,0,0,0,0,0
V14-107,11.85,46.75,-1608,0,,0,0,0,40,40,0,6,2,8,0,0,6,2,49,1,2,2,0,0,0,0,9,0,5,2,0,0,0,0,0,0,3,0,63,0,0,63,0,79,0,0,0,0,0,0
V14-108,12.617,45.633,-1176,0,,1,0,0,48,48,1,5,0,5,0,0,1,7,57,0,0,1,0,2,0,0,5,0,1,1,0,0,0,0,0,0,0,0,48,0,0,48,0,111,0,0,0,0,0,0
V14-4,15.483,-40.52,-4473,0,,2,6,43,114,157,5,32,17,49,0,0,21,3,0,3,2,4,0,0,0,0,4,0,1,0,0,1,6,0,1,0,0,0,7,5,0,12,0,25,0,0,0,0,0,8
V14-5,0.85,-32.85,-3255,0,,0,0,12,165,177,5,58,18,76,2,0,13,2,0,4,0,6,0,0,0,0,4,0,0,4,1,0,0,0,0,0,3,0,15,3,0,18,0,42,0,0,0,0,0,8
V14-67,-39.2,13.5,-3016,0,,0,0,0,7,7,0,1,0,1,0,0,4,6,63,36,0,1,0,8,3,33,8,0,1,0,93,23,2,0,27,1,0,0,6,0,0,6,0,17,0,0,0,0,0,4
V14-69C,-35.88,15.917,-4870,0,,0,0,0,1,1,0,0,0,0,0,0,1,0,22,0,0,0,0,0,5,48,8,0,0,1,170,5,0,0,29,25,0,0,0,0,0,0,0,2,0,0,0,0,0,3
V14-95,-4.3,64.817,-4513,0,,0,1,0,18,18,0,12,0,12,0,0,1,1,3,0,4,0,0,0,2,2,34,1,0,4,2,1,0,0,1,2,0,0,86,8,0,94,0,1,0,0,0,0,0,0
V14-96,-2.833,66.3,-4135,0,,2,6,0,7,7,0,6,1,7,1,0,6,0,1,0,3,0,0,0,1,0,42,11,1,23,1,0,3,0,12,0,0,0,139,16,0,155,0,1,0,0,0,0,0,0
V14-98,-0.633,69.45,-3893,0,,1,4,0,17,17,1,10,5,15,0,0,14,2,5,0,0,0,0,0,2,0,46,6,1,13,0,0,2,0,6,0,0,0,73,7,0,80,0,8,0,0,0,0,0,0
V16-200,1.967,-37.07,-4093,0,,3,0,22,203,225,2,83,27,110,0,0,21,0,0,0,1,3,0,0,0,0,7,1,0,9,0,0,2,0,0,0,1,0,30,7,0,37,0,31,0,0,0,0,0,9
V16-206,23.333,-46.48,-3733,0,,2,3,10,179,189,23,12,6,18,0,0,12,2,0,11,0,14,0,0,0,0,1,0,0,0,0,3,1,0,0,0,1,0,0,0,0,0,2,31,0,0,0,0,0,10
V16-209,30,-51.87,-4673,0,,4,1,7,280,287,0,15,4,19,0,0,14,2,12,9,2,1,1,1,0,4,5,0,0,1,41,29,8,1,2,12,1,0,0,0,0,0,0,25,0,0,0,0,0,8
V16-21,17.267,-48.42,-3975,0,,1,4,37,174,211,9,38,15,53,0,0,15,2,0,3,1,7,0,0,0,0,3,0,0,1,0,0,3,2,0,0,0,0,2,1,0,3,1,42,0,0,0,0,0,10
V16-227,60.033,-50.83,-3305,0,,0,0,0,0,0,0,0,0,0,0,0,0,0,0,2,0,0,0,1,310,9,0,0,0,0,0,0,0,0,1,0,0,0,0,0,0,0,0,1,0,0,0,0,0,1
V16-23,13.25,-40.67,-4886,0,,5,15,7,102,109,1,91,34,125,0,0,23,1,0,2,1,4,0,0,0,1,23,0,0,8,0,0,6,9,3,0,0,0,9,8,0,17,1,13,0,0,0,0,0,15
V16-48,-33.2,15,-3680,0,,1,0,0,11,11,0,1,0,1,0,0,3,8,15,18,1,0,0,0,4,28,14,0,0,0,152,17,1,0,39,12,3,0,0,0,0,0,0,6,0,0,0,0,0,0
V16-50,-33.35,16.433,-2376,0,,1,0,0,10,10,1,2,3,5,0,0,0,5,5,27,0,0,0,0,3,20,5,0,0,1,182,12,1,0,27,11,2,0,0,0,0,0,0,18,0,0,0,0,0,0
V16-50,-33.35,16.433,-2376,0,x,0,0,0,0,8,0,3,0,3,0,0,1,3,13,11,1,0,0,0,6,16,14,0,0,0,121,9,2,0,30,3,1,0,0,0,0,0,0,8,0,0,0,0,0,10
V16-64,-46.02,44.367,-2202,0,,0,0,0,0,0,0,0,0,0,0,0,0,0,139,0,0,0,0,11,109,9,0,0,0,0,50,7,0,0,5,0,0,0,0,0,0,0,0,48,0,0,0,0,0,2
V16-65,-45,45.767,-1618,0,,0,0,0,0,0,0,0,0,0,0,0,0,0,124,0,0,0,0,9,97,12,1,0,0,0,52,8,0,0,17,0,1,0,0,0,0,0,0,47,0,0,0,0,0,1
V16-67,-37.15,43.5,-3643,0,,6,0,0,9,9,0,4,1,5,0,0,10,0,30,6,1,0,0,1,2,53,3,0,0,0,104,4,1,0,39,2,1,0,1,0,0,1,0,6,0,0,0,0,0,8
V16-84,-29.73,79.567,-3938,0,,13,4,0,115,115,0,8,4,12,1,0,23,10,30,15,9,0,0,0,6,14,0,0,0,0,124,33,33,1,15,8,4,0,1,0,0,1,2,9,0,0,0,0,0,0
V16-86,-31.05,82.85,-4001,0,,12,1,0,42,42,0,2,0,2,0,0,4,2,7,5,3,0,0,0,3,35,0,0,0,0,151,23,9,0,12,12,0,0,0,0,0,0,0,2,0,0,0,0,0,0
V16-87,-31.63,83.8,-4316,0,,4,3,0,106,106,0,3,0,3,1,0,16,8,30,7,9,0,0,1,5,37,3,0,0,0,193,48,17,0,18,11,1,0,0,0,0,0,0,6,0,0,0,0,0,0
V16-88,-32.38,84.85,-2855,0,,2,0,0,36,36,0,4,1,5,1,0,2,8,25,8,4,0,0,0,6,33,1,0,0,0,98,21,5,0,29,6,1,0,0,0,0,0,0,6,0,0,0,0,0,0
V16-93,-30.2,91.717,-2769,0,,6,1,0,92,92,7,12,1,13,1,0,3,15,42,47,2,2,0,0,3,17,2,0,0,0,65,43,6,0,6,8,12,0,0,0,0,0,0,0,0,0,0,0,0,2
V16-94,-28.883,92.833,-3878,0,,6,6,0,105,105,0,5,1,6,1,0,17,2,22,15,8,0,0,1,1,18,2,1,0,0,98,37,28,0,0,9,1,0,3,0,0,3,0,1,0,0,0,0,0,0
V16-95,-28.017,95.183,-4071,0,,1,3,0,60,60,0,0,0,5,0,0,7,6,4,2,2,0,0,0,1,7,1,0,0,0,126,21,31,0,2,13,0,0,2,0,0,2,1,0,0,0,0,0,0,0
V16-96,-31.53,99.25,-2417,0,,4,0,0,74,74,1,9,2,11,0,0,11,6,60,64,4,13,0,4,2,18,1,0,1,0,75,50,8,0,19,1,6,0,1,0,0,1,0,15,0,0,0,0,0,0
V17-1,28.483,-65.05,-5024,0,,8,22,4,313,317,0,8,10,18,0,0,12,1,4,1,2,0,1,2,0,2,3,0,0,0,34,26,13,0,2,9,0,0,0,0,0,0,0,13,0,0,0,0,0,5
V17-158,12.383,-18.92,-4358,0,,4,0,29,23,52,0,31,21,52,1,0,6,0,1,4,11,2,0,0,2,14,106,0,0,5,35,1,0,9,18,0,3,0,75,60,0,135,1,15,0,0,0,0,0,9
V17-162,24.967,-28.933,-5480,0,,1,11,0,175,175,0,31,12,43,9,0,2,1,3,1,1,0,0,0,0,3,15,0,0,2,76,14,7,20,7,0,0,0,49,26,0,75,0,6,0,0,0,0,0,14
V17-163,27.967,-34.133,-5132,0,,0,7,0,289,289,0,12,5,17,0,0,6,1,3,5,1,0,2,0,0,2,0,0,0,1,34,20,12,4,0,2,0,0,2,0,0,2,0,17,0,0,0,0,0,21
V17-164,29.617,-36.92,-4433,0,,15,5,2,163,165,2,4,6,10,0,0,15,2,2,53,2,2,0,0,0,6,3,0,0,0,83,22,28,1,6,3,3,0,0,0,0,0,0,23,0,0,0,0,0,9
V17-192,58.367,-47.733,-3160,0,,0,0,0,2,2,0,0,0,0,0,0,0,0,1,0,0,0,0,3,378,9,0,0,0,0,0,0,0,0,1,0,0,0,0,0,0,0,0,1,0,0,0,0,0,0
V17-196,60.733,-57.83,-2818,0,,0,0,0,0,0,0,0,0,0,0,0,0,0,1,0,0,0,0,0,374,5,0,0,0,0,0,0,0,0,0,0,0,0,0,0,0,0,0,0,0,0,0,0,0,0
V17-39,11.75,-80.43,-3435,1,,9,7,0,181,181,8,20,2,22,0,0,25,0,3,2,0,4,0,0,0,0,6,0,0,0,9,0,13,2,0,1,1,0,0,0,0,0,1,39,0,0,0,0,0,2
V18-16,13.733,-51.12,-4931,0,,8,42,1,32,33,0,33,22,55,15,0,22,0,4,0,9,0,0,1,0,2,66,0,0,52,2,1,4,7,2,0,0,0,22,49,0,71,0,16,0,0,0,0,0,8
V18-183,-33.23,15.983,-2807,0,,1,0,0,14,14,0,1,1,2,0,0,2,4,33,7,0,0,0,0,2,9,12,0,0,1,120,14,1,0,29,8,3,0,0,0,0,0,0,19,0,0,0,0,0,0
V18-186,-38.98,29.933,-4205,0,,1,0,0,1,1,0,0,0,0,0,0,0,2,17,0,0,0,0,0,2,86,6,0,0,0,152,12,0,0,31,0,0,0,0,0,0,0,0,2,0,0,0,0,0,0
V18-188,-37.63,37.867,-4960,0,,1,0,0,3,3,0,0,0,2,0,0,1,0,29,0,0,0,0,0,0,66,1,1,0,0,212,11,0,0,24,12,1,0,0,2,0,2,0,2,0,0,0,0,0,0
V18-189,-36.12,41.85,-4923,0,,2,1,0,0,0,0,1,1,2,0,0,2,4,5,0,2,0,0,0,0,10,7,0,0,1,271,4,0,0,0,11,0,0,0,0,0,0,0,2,0,0,0,0,0,0
V18-200,-20.58,63.533,-3305,0,,10,2,0,0,207,2,0,0,35,1,0,9,7,10,8,0,6,0,0,1,2,10,0,0,0,3,0,5,0,1,0,5,0,0,0,0,6,1,34,0,0,0,0,1,1
V18-21,4.233,-47.75,-2374,0,,1,2,13,183,196,0,56,25,81,2,0,14,0,0,1,0,0,0,0,0,0,10,0,0,13,0,0,0,0,0,0,1,0,39,5,0,44,0,11,0,0,0,0,0,3
V18-215,-30.57,114.45,-1161,0,,1,2,0,89,89,4,19,2,21,0,0,5,8,14,27,0,3,0,0,0,0,69,1,1,1,22,6,0,4,0,1,5,0,32,1,0,33,0,46,0,0,0,0,0,5
V18-222,-38.57,140.62,-1904,0,,2,0,0,8,0,0,0,0,0,0,0,0,1,52,13,0,0,4,0,3,10,3,0,0,0,82,23,1,0,20,0,4,0,0,0,0,0,0,4,0,0,0,0,0,3
V18-373,38.75,-67.55,-4202,0,,11,9,1,6,7,0,14,15,29,0,0,6,1,6,0,0,0,1,0,3,23,39,0,0,30,144,6,4,0,16,3,0,0,14,6,0,20,0,5,0,0,0,0,0,1
V19-183,8.117,62.783,-4451,0,,0,4,0,106,106,2,34,8,42,0,0,17,1,36,6,0,0,0,0,0,1,23,5,7,16,0,0,0,1,0,0,1,0,24,8,2,34,0,84,0,0,0,0,0,5
V19-184,7.433,61.067,-3471,0,,2,3,0,33,33,0,12,1,13,0,0,10,7,19,1,0,0,0,0,0,2,22,3,2,13,0,0,0,9,1,0,3,0,34,5,0,39,0,23,0,0,0,0,0,3
V19-200,-4.217,41.55,-2692,0,,5,6,0,124,124,4,24,5,29,1,0,24,3,37,4,2,6,0,0,0,2,37,0,13,10,0,0,0,3,1,1,2,0,17,5,0,22,1,49,0,0,0,0,0,1
V19-209,-19.92,41.6,-2924,0,,7,3,0,121,122,1,44,18,62,0,0,18,6,7,0,0,0,0,0,0,11,41,0,2,9,25,2,5,11,12,0,5,0,21,2,0,23,0,6,0,0,0,0,0,7
V19-240,-30.58,13.283,-3103,0,,1,0,0,14,14,0,1,1,2,0,0,1,1,13,36,1,0,0,0,0,18,10,0,0,0,157,14,1,0,54,7,2,0,0,0,0,0,0,1,0,0,0,0,0,5
V19-242,-29.52,9.583,-4881,0,,2,0,0,6,6,0,0,1,1,0,0,2,0,2,3,1,0,0,0,4,98,2,0,0,0,195,1,0,0,75,20,0,0,0,0,0,0,0,1,0,0,0,0,0,3
V19-256,-21.83,10.8,-3345,0,,32,0,0,4,4,1,2,1,3,0,0,1,2,99,16,0,0,0,0,15,200,0,0,0,0,103,3,2,0,455,0,4,0,0,0,0,0,0,24,1,0,0,0,0,13
V19-291,2,-5.25,-4956,0.8,,6,1,33,139,172,0,27,4,31,0,0,6,0,23,0,0,1,0,0,1,12,54,0,0,1,18,0,2,8,64,0,2,0,0,0,0,0,0,22,0,0,0,0,0,3
V19-296,1.417,-9.083,-5017,0,,6,0,0,13,13,0,10,2,12,7,0,3,4,3,0,3,0,0,0,3,16,140,0,0,41,1,0,0,32,0,0,0,0,103,65,0,168,0,2,0,0,0,0,0,0
V19-298,3.65,-15.05,-4792,0,,5,2,0,7,7,0,3,8,11,15,0,3,0,0,0,0,0,0,0,0,1,77,0,0,43,2,0,0,9,1,1,0,0,75,103,0,178,0,1,0,0,0,0,0,2
V19-308,29.017,-41.4,-3197,0,,6,4,6,221,227,19,5,4,9,0,0,35,7,1,25,1,4,1,0,0,0,0,0,0,2,19,16,11,0,0,10,1,0,1,0,0,1,0,40,0,0,0,0,0,12
V19-310,33.3,-48.27,-4607,0,,4,3,33,155,188,2,6,5,11,0,0,9,4,40,48,0,0,2,0,0,16,6,0,0,3,142,40,9,2,9,21,1,0,3,0,0,3,0,48,0,0,0,0,0,12
V20-171,-21.98,68.483,-2833,0,,2,11,0,94,94,1,29,6,35,0,0,12,5,1,0,1,0,0,0,2,1,5,1,0,5,5,7,16,2,0,1,2,0,13,3,0,16,0,8,0,0,0,0,0,3
V20-174,-22.13,68.767,-2714,0,,1,9,4,83,87,3,17,0,17,0,1,9,3,3,1,0,9,0,0,0,0,4,0,0,2,6,2,6,0,0,0,1,0,3,1,0,4,2,14,0,0,0,0,2,0
V20-177,-23.05,64.9,-4513,0,,7,7,0,126,126,3,14,4,18,0,0,17,5,9,3,8,0,0,1,0,0,4,0,0,0,15,2,9,0,0,0,3,0,2,1,0,3,1,30,0,0,0,0,0,2
V20-233,2.1,-35.6,-3884,0,,2,1,18,126,144,2,58,30,88,0,0,12,0,0,1,1,0,0,0,0,0,5,0,0,12,0,0,3,0,0,0,0,0,23,10,0,33,0,14,0,0,0,0,0,2
V20-234,5.317,-33.03,-3133,0,,2,0,19,98,117,4,67,24,91,1,0,22,1,0,0,1,11,0,0,0,3,12,0,0,1,0,0,2,2,2,0,5,0,12,2,0,14,0,49,0,0,0,0,0,14
V20-235,8.467,-30.13,-5242,0,,4,7,1,17,18,2,21,12,33,24,0,5,1,2,0,6,0,0,0,1,0,151,0,0,66,3,0,5,26,2,0,0,0,31,222,0,253,0,6,0,0,0,0,0,8
V20-253,38.283,-68.53,-4889,0,,12,5,0,8,8,0,1,2,3,0,0,1,0,21,2,0,0,0,1,5,144,49,0,0,5,165,0,2,1,123,1,0,0,18,8,0,26,0,7,0,0,0,0,0,5
V20-7,11.533,-60.52,-1018,0,,9,0,49,118,167,0,52,13,65,0,0,9,1,0,0,1,0,0,0,0,0,23,0,0,2,1,0,0,0,0,0,0,0,8,1,0,9,0,7,0,0,0,0,0,2
V21-222,14.45,-77.23,-4060,0,,11,1,0,0,164,0,0,0,92,3,0,19,0,1,1,1,0,0,0,0,0,36,0,0,5,0,2,3,1,0,0,0,0,37,11,0,48,1,18,0,0,0,0,0,2
V22-106,-46.13,-10.9,-3037,0,,0,0,0,0,0,0,0,0,0,0,0,0,0,80,3,0,0,0,43,372,8,0,0,0,0,53,2,0,0,5,0,0,0,0,0,0,0,0,24,0,0,0,0,0,16
V22-107,-44.47,-6.633,-3898,0,,1,0,0,0,0,0,0,0,0,0,0,0,0,194,4,0,0,0,9,55,4,0,0,0,0,73,24,2,0,0,0,1,0,0,0,0,0,0,6,0,0,0,0,0,14
V22-108,-43.18,-3.25,-4171,0,,1,0,0,0,0,0,0,0,0,0,0,0,0,282,0,0,0,0,9,22,10,0,0,0,0,121,36,1,0,1,0,0,0,0,0,0,0,0,6,0,0,0,0,0,3
V22-186,3.383,-20.12,-4471,0.3,,1,8,3,45,48,0,49,43,92,0,0,14,0,0,4,5,0,0,0,1,15,106,0,0,2,25,1,3,12,27,0,0,0,1,3,0,4,0,5,0,0,0,0,0,2
V22-197,14.167,-18.58,-3167,0.72,,7,0,20,40,60,0,4,1,5,0,0,5,0,116,12,0,0,3,0,1,23,16,0,0,2,20,0,0,6,26,0,3,0,6,3,0,9,0,22,0,1,0,0,0,3
V22-202,14.4,-21.15,-4310,0,,18,4,4,1,5,1,30,22,52,2,0,3,0,0,0,0,0,0,0,1,2,92,0,0,23,33,0,1,14,4,0,0,0,137,51,0,188,0,0,0,0,0,0,0,0
V22-204,15.017,-23.23,-1723,0,,4,0,49,100,149,19,29,12,41,0,0,13,1,13,2,1,10,0,0,0,1,7,0,0,1,16,0,0,1,12,1,7,1,30,2,0,32,0,40,0,0,0,0,0,11
V22-211,20.7,-31.45,-4402,0,,2,3,15,146,161,1,53,23,76,1,0,13,7,3,5,1,1,1,0,0,5,5,0,0,3,8,6,5,3,6,0,0,0,24,2,0,26,0,20,0,0,0,0,0,1
V22-219,27.917,-43.63,-2582,0,,8,4,1,181,182,22,6,2,8,0,0,12,8,1,24,2,8,0,0,0,2,1,0,0,0,22,11,9,0,0,11,3,0,0,0,0,0,0,24,0,0,0,0,0,10
V22-230,32.65,-52.3,-5048,0,,2,2,0,59,59,0,1,9,10,2,0,3,0,35,11,0,0,2,2,7,61,21,0,0,2,77,14,4,0,125,12,0,0,3,0,0,3,0,14,0,0,0,0,0,15
V22-232,34.75,-57.25,-4685,0,,14,0,2,68,70,0,12,7,19,0,0,14,3,6,4,1,0,0,1,3,7,16,0,0,3,88,57,13,0,3,26,0,0,3,0,0,3,1,43,0,0,0,0,0,0
V22-24,12.75,-45.63,-4321,0,,4,4,32,168,200,0,107,47,154,1,0,27,4,0,0,3,0,0,0,0,2,29,0,1,11,0,0,4,4,0,0,0,0,15,3,0,18,2,19,0,0,0,0,0,4
V23-101,19.883,-25.53,-4482,0,,5,0,18,78,96,6,47,29,76,0,0,6,0,4,14,3,0,0,0,0,10,5,0,0,3,19,6,5,0,16,0,0,0,38,1,0,39,0,25,0,0,0,0,0,12
V23-105,17.2,-35.83,-5009,0,,3,9,17,146,163,2,49,34,83,0,0,17,2,0,0,3,0,0,0,0,1,22,0,0,12,5,3,8,5,5,0,0,0,30,12,0,42,0,19,0,0,0,0,0,3
V23-107,17.483,-40.67,-5104,0,,4,2,17,209,226,9,29,16,45,0,0,10,4,2,7,1,9,2,0,0,4,12,0,0,10,5,4,10,4,5,0,0,0,0,9,0,9,1,47,0,0,0,0,0,8
V23-13,41.517,-45.13,-4845,0,,6,1,0,62,62,0,7,7,14,0,0,9,3,71,21,1,0,0,5,18,70,15,0,0,6,132,7,3,0,34,14,0,0,13,0,0,13,0,27,0,0,0,0,0,7
V23-16,46,-45.05,-2813,0,,0,0,1,5,6,1,1,1,2,0,0,0,0,104,4,0,0,0,100,112,23,0,0,0,0,13,1,0,0,15,1,0,0,1,0,0,1,0,14,0,0,0,0,0,5
V23-22,54.2,-45.97,-3669,0,,0,0,0,0,0,0,0,0,0,0,0,0,0,250,1,0,0,0,44,103,27,0,0,0,0,2,0,0,0,20,0,0,0,0,0,0,0,0,13,0,0,0,0,0,10
V23-29,59.95,-32.85,-2186,0,,0,0,0,0,0,0,0,0,0,0,0,0,0,144,1,0,0,0,165,138,59,0,0,0,0,5,0,0,0,39,0,2,0,0,0,0,0,0,56,0,0,0,0,0,17
V23-38,62.667,-27.53,-1426,0,,0,0,0,0,0,0,0,0,0,0,0,0,0,100,9,0,0,0,103,49,98,0,0,0,0,2,0,0,0,31,0,1,0,0,0,0,0,0,49,0,0,0,0,0,21
V23-59,68.0333,0.0167,-3083,0,,0,0,0,0,0,0,0,0,0,0,0,0,0,8,0,0,0,0,327,442,65,0,0,0,0,1,0,0,0,85,0,0,0,0,0,0,0,0,11,0,0,0,0,0,1
V23-60,70.05,8.317,-2974,0,,0,0,0,0,0,0,0,0,0,0,0,0,0,15,0,0,0,0,43,208,56,1,0,0,0,0,0,0,0,57,0,0,0,0,0,0,0,0,4,0,0,0,0,0,0
V23-63,77.95,0.2,-3050,0,,0,0,0,0,0,0,0,0,0,0,0,0,0,11,0,0,0,0,6,584,18,0,0,0,0,0,0,0,0,0,0,0,0,0,0,0,0,0,0,0,0,0,0,0,0
V23-64,77.867,7.267,-2529,0,,0,0,0,0,0,0,0,0,0,0,0,0,0,0,0,0,0,0,0,90,4,0,0,0,0,0,0,0,0,0,0,0,0,0,0,0,0,0,0,0,0,0,0,0,0
V23-70,70.983,6.683,-3047,0,,0,0,0,0,0,0,0,0,0,0,0,0,0,6,0,0,0,0,3,278,26,0,0,0,0,0,0,0,0,0,0,0,0,0,0,0,0,0,0,0,0,0,0,0,2
V23-73,68.55,2.717,-2970,0,,0,0,0,0,0,0,0,0,0,0,0,0,0,18,0,0,0,0,136,434,76,0,0,0,0,1,0,0,0,97,0,0,0,0,0,0,0,0,15,0,0,0,0,0,4
V23-79,60.933,-17.57,-2478,0,,2,0,0,0,0,0,0,0,0,0,0,0,0,30,0,0,0,0,2,49,371,0,0,0,0,43,0,0,0,214,0,5,0,0,2,0,2,0,398,0,0,0,0,0,3
V23-81,54.25,-16.83,-2393,0,,0,0,0,0,0,0,0,0,0,0,0,1,1,69,5,0,0,0,21,3,120,8,0,0,0,45,0,2,0,86,0,7,0,0,0,0,0,0,71,0,0,0,0,0,12
V23-82,52.583,-21.93,-3974,0,,0,0,0,1,1,0,0,0,0,0,0,0,0,87,2,0,0,0,8,11,144,0,0,0,0,59,1,0,0,81,3,7,0,0,0,0,0,0,65,0,0,0,0,0,12
V23-83,49.867,-24.25,-3871,0,,0,0,0,0,0,0,0,0,0,0,0,0,0,81,4,0,0,0,8,3,110,3,0,0,0,52,0,1,0,48,4,7,0,0,0,0,0,0,68,0,0,0,0,0,10
V23-84,46,-16.92,-4513,0,,9,0,0,9,9,0,2,0,2,0,0,6,1,49,23,0,0,1,15,2,101,0,0,0,0,51,4,21,0,37,2,11,0,0,0,0,0,0,58,0,0,0,0,0,17
V23-96,29.8,-15.1,-3471,0,,4,1,15,152,167,4,31,12,43,1,0,17,5,6,41,1,2,0,0,0,10,0,0,0,2,41,14,12,2,5,11,2,0,0,0,0,0,1,14,0,0,0,0,0,10
V24-31,12.25,-76.63,-3623,0,,27,15,0,0,96,0,0,0,48,14,0,22,0,1,1,0,0,0,0,1,0,55,0,0,41,0,1,2,3,0,0,0,0,55,70,0,125,0,18,0,0,0,0,0,0
V24-8,22.6,-72.6,-4887,0,,10,6,12,218,230,8,17,6,23,0,0,27,5,0,3,2,2,0,0,0,0,5,0,0,0,0,3,15,0,0,1,0,0,3,1,0,4,3,43,0,0,0,0,0,2
V25-24,26.783,-46.7,-4563,0,,5,2,11,195,206,13,7,3,10,0,0,14,3,0,11,1,4,0,0,0,0,1,0,0,1,10,6,5,0,1,3,0,0,1,0,0,1,0,23,0,0,0,2,0,5
V25-46,9.317,-43,-4310,0,,7,2,25,56,81,0,49,36,85,1,0,9,0,0,0,2,0,0,0,0,0,23,0,0,6,3,0,2,1,0,0,1,0,12,6,0,18,2,4,0,0,0,0,0,5
V26-125,17.033,-71.23,-2210,0,,15,3,29,105,134,4,54,5,59,1,0,20,0,0,0,0,2,0,0,0,0,15,0,0,2,0,1,0,1,0,0,0,0,17,10,0,27,2,23,0,0,0,0,0,0
V26-46,9.567,-18.18,-2898,0.4,,13,2,37,102,139,0,44,24,68,0,0,11,0,62,3,2,3,0,1,2,59,61,0,0,1,71,0,5,18,41,2,2,0,6,0,0,6,0,17,0,0,0,0,0,4
V26-50,6.267,-17.92,-4826,0,,5,4,0,5,5,0,12,20,32,3,0,0,0,0,0,7,0,0,0,0,0,92,0,0,30,1,0,0,4,0,0,0,0,12,87,0,99,0,3,0,0,0,0,0,3
V26-51,6.033,-18.25,-4572,0,,8,1,0,33,33,0,66,80,146,0,0,7,1,0,2,4,0,0,0,0,0,53,0,0,9,4,0,2,12,4,0,0,0,18,23,0,41,0,1,0,0,0,0,0,4
V26-52,5.833,-18.08,-4903,0,,13,7,0,3,3,0,21,18,39,12,0,0,4,0,0,5,0,0,0,0,0,98,0,0,39,0,0,0,8,0,0,0,0,28,91,0,119,0,1,0,0,0,0,0,1
V26-53,0.3,-14.8,-4323,0,,8,0,5,45,50,0,46,29,75,1,0,9,0,0,1,0,0,0,0,0,1,35,0,0,33,1,0,1,1,5,0,0,0,48,18,0,66,0,17,0,0,0,0,0,1
V27-10,42.267,-60.5,-3895,0,,1,0,0,1,1,0,1,0,1,0,0,0,0,39,0,0,0,0,2,75,44,11,0,0,2,71,1,1,0,55,1,0,0,4,1,0,5,0,5,0,0,0,0,0,2
V27-102,62.133,-14.2,-1641,0,,4,0,0,0,0,0,0,0,0,0,0,0,0,117,0,0,0,0,7,415,200,0,0,0,0,39,0,0,0,202,0,1,0,0,3,0,3,0,58,0,0,0,0,0,10
V27-104,62.867,-17.93,-1057,0,,3,0,0,0,0,0,0,0,0,0,0,0,0,13,1,0,0,0,1,186,91,0,0,0,0,73,0,0,0,29,12,0,0,0,0,0,0,0,13,0,0,0,0,0,2
V27-111,56.067,-24.08,-2809,0,,3,0,0,0,0,0,0,0,0,0,0,0,0,80,1,0,0,0,7,202,140,0,0,0,0,98,0,1,0,68,7,4,0,0,0,0,0,0,30,0,0,0,0,0,12
V27-114,55.05,-33.07,-2532,0,,0,0,0,0,0,0,0,0,0,0,0,0,0,131,0,0,0,0,14,12,70,0,0,0,0,8,0,0,0,58,0,0,0,0,0,0,0,0,90,0,0,0,0,0,4
V27-122,48.3,-16.97,-4696,0,,5,1,0,4,4,0,0,0,0,0,0,2,1,56,3,1,0,0,13,38,112,0,0,0,0,101,4,16,0,75,6,2,0,0,0,0,0,0,44,0,0,0,0,0,12
V27-126,43.8,-14.68,-5201,0,,30,0,0,1,1,0,0,0,0,0,0,3,0,1,2,0,1,0,0,14,52,0,0,0,0,77,2,4,1,19,3,0,0,0,0,0,0,0,1,0,0,0,0,0,3
V27-137,42.7,-17.07,-4883,0,,12,1,0,17,17,0,6,4,10,0,0,5,0,24,6,3,0,5,2,4,95,1,0,0,0,88,5,15,0,34,8,10,0,0,0,0,0,0,34,0,0,0,0,0,6
V27-143,39.717,-20.15,-4932,0,,6,0,0,54,54,0,3,3,6,0,0,4,1,31,74,2,0,7,4,3,30,1,0,0,0,69,5,17,7,17,13,13,0,0,0,0,0,0,32,0,0,0,0,0,17
V27-144,39.617,-13.55,-4894,0,,9,0,0,27,27,1,0,0,0,0,0,1,0,33,4,2,2,0,27,14,72,0,0,0,0,55,1,5,1,58,3,0,0,0,0,0,0,0,22,0,0,0,0,0,13
V27-15,42.75,-43.23,-4856,0,,3,2,1,33,34,0,4,2,6,0,0,2,1,72,4,0,0,0,3,49,57,7,0,0,3,51,7,3,1,40,7,0,0,3,0,0,3,0,29,0,0,0,0,0,14
V27-16,44.167,-39.87,-4797,0,,1,1,0,21,21,0,4,3,7,0,0,0,0,46,11,0,0,0,0,47,37,12,0,0,1,126,6,7,0,48,14,2,0,2,0,0,2,0,36,0,0,0,0,0,4
V27-162,34.2,-16.87,-4281,0,,3,1,0,63,63,1,13,11,24,0,0,8,4,14,53,2,0,2,0,1,6,0,0,0,1,39,11,9,4,2,12,14,0,0,0,0,0,0,22,0,0,0,0,0,9
V27-164,29.483,-19.62,-4623,0,,3,0,6,138,144,2,16,3,19,0,0,8,3,4,40,0,1,3,0,0,25,0,0,0,0,12,5,4,2,20,4,3,0,0,0,0,0,0,23,0,0,0,0,0,15
V27-167,25.933,-26.58,-5099,0,,7,7,2,83,85,0,34,18,52,2,0,9,2,0,0,0,0,1,0,0,5,3,0,0,2,45,35,17,4,3,3,0,0,15,4,0,19,0,15,0,0,0,0,0,4
V27-17,50.1,-37.3,-2165,0,,1,0,0,3,3,0,0,0,0,0,0,1,0,106,6,0,0,0,24,21,35,0,0,0,0,10,0,0,1,36,1,1,0,0,0,0,0,0,28,0,0,0,0,0,7
V27-172,16.533,-28.85,-4938,0,,7,5,15,112,127,3,60,19,79,0,0,16,0,7,5,3,1,0,0,1,11,26,0,0,8,21,2,6,4,26,0,2,0,33,1,0,34,0,17,0,0,0,0,0,16
V27-20,54,-46.2,-3510,0,,0,0,0,0,0,0,0,0,0,0,0,0,0,132,3,0,0,0,45,94,23,0,0,0,0,2,0,0,0,14,0,1,0,0,0,0,0,0,25,0,0,0,0,0,4
V27-21,54.033,-46.87,-3636,0,,0,0,0,1,1,0,0,0,0,0,0,0,0,179,0,0,0,0,47,143,15,0,0,0,0,8,0,0,0,14,1,0,0,0,0,0,0,0,11,0,0,0,0,0,9
V27-22,54.467,-50.8,-3188,0,,0,0,0,0,0,0,0,0,0,0,0,0,0,25,0,0,0,0,6,505,23,0,0,0,0,0,0,0,0,7,0,0,0,0,0,0,0,0,0,0,0,0,0,0,3
V27-23,54.733,-53.12,-830,0,,0,0,0,0,0,0,0,0,0,0,0,0,0,1,0,0,0,0,0,256,3,0,0,0,0,0,0,0,0,1,0,1,0,0,0,0,0,0,0,0,0,0,0,0,0
V27-234,1,1.983,-4618,0,,5,0,1,22,23,0,34,27,61,5,0,7,3,5,2,1,0,0,0,0,1,112,0,0,11,18,0,0,15,0,0,1,0,75,7,0,82,0,1,0,0,0,0,0,3
V27-24,55.967,-56.07,-2628,0,,0,0,0,0,0,0,0,0,0,0,0,0,0,0,0,0,0,0,0,332,4,0,0,0,0,0,0,0,0,3,0,0,0,0,0,0,0,0,0,0,0,0,0,0,1
V27-248,3.05,-11.82,-4543,0.82,,4,2,15,31,46,1,27,2,29,0,0,0,0,0,0,0,2,0,0,0,9,26,0,0,0,11,0,0,20,19,0,0,0,0,0,0,0,0,14,0,0,0,0,0,0
V27-25,56.733,-54.7,-3146,0,,0,0,0,0,0,0,0,0,0,0,0,0,0,5,0,0,0,0,0,399,3,0,0,0,0,0,0,0,0,3,0,0,0,0,0,0,0,0,0,0,0,0,0,0,0
V27-250,1.05,-13.63,-4942,0,,42,0,0,4,4,0,13,15,28,18,0,9,1,2,0,9,0,0,0,0,2,25,0,1,86,6,0,0,3,10,0,1,0,8,59,0,67,0,18,0,0,0,0,0,4
V27-266,35.583,-43.9,-4804,0,,2,2,1,87,88,1,2,2,4,0,0,19,0,25,44,0,0,3,0,0,17,12,0,0,1,62,31,5,0,5,33,2,0,3,2,0,5,0,34,0,0,0,0,0,21
V27-28,58.183,-44.62,-2308,0,,1,0,0,0,0,0,0,0,0,0,0,0,0,49,0,0,0,0,5,355,23,0,0,0,0,0,0,0,0,9,0,0,0,0,0,0,0,0,1,0,0,0,0,0,1
V27-30,59.15,-41.07,-2759,0,,0,0,0,0,0,0,0,0,0,0,0,0,0,59,0,0,0,0,11,263,38,0,0,0,0,0,0,0,0,26,0,0,0,0,0,0,0,0,9,0,0,0,0,0,6
V27-32,60.7033,-37.275,-2953,0,,0,0,0,0,0,0,0,0,0,0,0,0,0,75,0,0,0,0,94,154,32,0,0,0,0,1,0,0,0,21,0,0,0,0,0,0,0,0,31,0,0,0,0,0,9
V27-33,61.933,-33.27,-2946,0,,0,0,0,0,0,0,0,0,0,0,0,0,0,64,0,0,0,0,71,106,74,0,0,0,0,0,0,0,0,32,0,3,0,0,0,0,0,0,22,0,0,0,0,0,12
V27-38,61.367,-11.5,-1317,0,,1,0,0,0,0,0,0,0,0,0,0,1,0,40,0,0,0,0,25,159,65,0,0,0,0,20,0,0,0,40,0,10,0,0,0,0,0,0,10,0,0,0,0,0,13
V27-40,63.45,-6.133,-1652,0,,10,0,0,0,0,0,0,0,0,0,0,0,0,49,0,0,0,0,15,176,84,0,0,0,0,103,0,0,0,0,0,0,0,0,0,0,0,0,0,0,0,0,0,0,0
V27-44,65.017,-6.217,-2772,0,,0,0,0,0,0,0,0,0,0,0,0,0,0,3,0,0,0,0,167,600,16,0,0,0,0,0,0,0,0,20,0,0,0,0,0,0,0,0,2,0,0,0,0,0,1
V27-56,76.167,-5.4,-2736,0,,0,0,0,0,0,0,0,0,0,0,0,0,0,0,0,0,0,0,1,645,9,0,0,0,0,0,0,0,0,6,0,0,0,0,0,0,0,0,0,0,0,0,0,0,1
V27-58,73.533,2.667,-2754,0,,0,0,0,0,0,0,0,0,0,0,0,0,0,0,0,0,0,0,9,610,15,0,0,0,0,0,0,0,0,9,0,0,0,0,0,0,0,0,0,0,0,0,0,0,5
V27-70,78.9,7.05,-1300,0,,0,0,0,0,0,0,0,0,0,0,0,0,0,0,0,0,0,0,0,49,2,0,0,0,0,0,0,0,0,0,0,0,0,0,0,0,0,0,0,0,0,0,0,0,28
V27-71,78.833,4.633,-2439,0,,0,0,0,0,0,0,0,0,0,0,0,0,0,0,0,0,0,0,6,628,8,0,0,0,0,0,0,0,0,7,0,0,0,0,0,0,0,0,0,0,0,0,0,0,0
V27-74,76.467,6.917,-2778,0,,0,0,0,0,0,0,0,0,0,0,0,0,0,0,0,0,0,0,6,526,14,0,0,0,0,0,0,0,0,8,0,0,0,0,0,0,0,0,0,0,0,0,0,0,0
V27-79,78.117,3.617,-2308,0,,0,0,0,0,0,0,0,0,0,0,0,0,0,0,0,0,0,0,15,575,9,0,0,0,0,0,0,0,0,7,0,0,0,0,0,0,0,0,0,0,0,0,0,0,2
V27-80,78.4,7.417,-2915,0,,0,0,0,0,0,0,0,0,0,0,0,0,0,0,0,0,0,0,4,293,7,0,0,0,0,0,0,0,0,0,0,0,0,0,0,0,0,0,0,0,0,0,0,0,0
V27-82,75,-10.8,-2895,0,,0,0,0,0,0,0,0,0,0,0,0,0,0,0,0,0,0,0,4,474,5,0,0,0,0,0,0,0,0,10,0,0,0,0,0,0,0,0,0,0,0,0,0,0,0
V27-98,60.65,-7.433,-980,0,,0,0,0,0,0,0,0,0,0,0,0,0,0,15,0,0,0,0,37,724,31,0,0,0,0,0,0,0,0,30,0,0,0,0,0,0,0,0,8,0,0,0,0,0,16
V28-111,14.933,-73.92,-4010,0,,8,3,0,0,171,1,0,0,122,3,0,12,1,0,0,1,0,0,0,0,0,28,0,0,8,0,0,1,2,0,0,0,0,27,12,0,39,1,15,0,0,0,0,0,1
V28-115,13.933,-72.37,-2109,0,,30,6,6,57,63,0,22,6,28,2,0,17,0,2,2,0,0,0,0,0,0,68,0,0,13,0,0,4,7,0,0,0,0,37,19,0,56,0,12,0,0,0,0,0,2
V28-116,13.367,-74.3,-4027,0,,4,1,0,0,9,0,0,0,2,1,0,1,0,0,0,0,0,0,0,0,0,10,0,0,2,3,0,1,1,0,0,0,0,5,5,0,10,0,3,0,0,0,0,0,1
V28-119,17.033,-76.6,-1781,0.8,,5,10,28,161,189,11,19,3,22,0,0,32,0,2,1,1,6,0,0,1,1,10,0,0,0,11,1,12,7,0,0,2,0,0,1,0,1,0,46,0,0,0,0,0,1
V28-126,10.983,-81.15,-3162,0,,8,3,0,0,168,0,0,0,96,2,0,18,0,0,0,0,1,0,0,0,0,28,0,0,1,0,0,1,1,0,0,0,0,39,13,0,52,1,18,0,0,0,0,0,0
V28-129,11.117,-80.4,-3400,0.8,,17,8,29,110,139,15,22,1,23,0,0,23,0,1,1,0,0,0,0,0,1,23,0,0,0,5,1,15,2,0,0,0,0,0,0,0,0,0,33,0,0,0,0,0,3
V28-22,72.433,-13.65,-1284,0,,0,0,0,0,0,0,0,0,0,0,0,0,0,0,0,0,0,0,1,456,9,0,0,0,0,0,0,0,0,3,0,0,0,0,0,0,0,0,0,0,0,0,0,0,1
V28-28,73.483,-0.833,-2288,0,,0,0,0,0,0,0,0,0,0,0,0,0,0,0,0,0,0,0,0,327,2,0,0,0,0,0,0,0,0,2,0,0,0,0,0,0,0,0,0,0,0,0,0,0,0
V28-28,73.483,-0.833,-2288,0,x,0,0,0,2,2,0,0,0,0,0,0,0,0,0,0,0,0,0,0,606,11,0,0,0,0,0,0,0,0,12,0,0,0,0,0,0,0,0,1,0,0,0,0,0,3
V28-29,72.183,5.267,-2547,0,,0,0,0,0,0,0,0,0,0,0,0,0,0,7,0,0,0,0,144,427,21,0,0,0,0,3,0,0,0,25,0,0,0,0,0,0,0,0,2,0,0,0,0,0,4
V28-29,72.183,5.267,-2547,0,x,0,0,0,0,0,0,0,0,0,0,0,0,0,9,0,0,0,0,102,257,28,0,0,0,0,0,0,0,0,7,0,0,0,0,0,0,0,0,2,0,0,0,0,0,3
V28-30,71.167,-1.617,-2915,0,,0,0,0,0,0,0,0,0,0,0,0,0,0,3,0,0,0,0,40,600,22,0,0,0,0,0,0,0,0,18,0,0,0,0,0,0,0,0,0,0,0,0,0,0,3
V28-30,71.167,-1.617,-2915,0,x,0,0,0,0,0,0,0,0,0,0,0,0,0,5,0,0,0,0,14,288,15,0,0,0,0,0,0,0,0,12,0,0,0,0,0,0,0,0,1,0,0,0,0,0,3
V28-33,62.9,0.583,-1170,0,,0,0,0,0,0,0,0,0,0,0,0,0,0,8,0,0,0,0,7,168,108,0,0,0,0,2,0,0,0,111,0,0,0,0,0,0,0,0,15,0,0,0,0,0,1
V28-34,64.833,-3.583,-3217,0,,0,0,0,0,0,0,0,0,0,0,0,0,0,2,0,0,0,0,81,531,33,0,0,0,0,0,0,0,0,34,0,0,0,0,0,0,0,0,2,0,0,0,0,0,3
V28-34,64.833,-3.583,-3217,0,x,0,0,0,0,0,0,0,0,0,0,0,0,0,2,0,0,0,0,72,226,16,0,0,0,0,0,0,0,0,12,0,0,0,0,0,0,0,0,1,0,0,0,0,0,2
V28-36,68.717,-12.72,-1816,0,,0,0,0,0,0,0,0,0,0,0,0,0,0,0,0,0,0,0,1,319,9,0,0,0,0,0,0,0,0,5,0,0,0,0,0,0,0,0,0,0,0,0,0,0,1
V28-36,68.717,-12.72,-1816,0,x,0,0,0,0,0,0,0,0,0,0,0,0,0,0,0,0,0,0,2,707,14,0,0,0,0,0,0,0,0,11,0,0,0,0,0,0,0,0,0,0,0,0,0,0,1
V28-37,72.0667,-9.0667,-2395,0,,0,0,0,0,0,0,0,0,0,0,0,0,0,0,0,0,0,0,2,472,7,0,0,0,0,0,0,0,0,2,0,0,0,0,0,0,0,0,0,0,0,0,0,0,1
V28-38,69.383,-4.4,-3411,0,,0,0,0,0,0,0,0,0,0,0,0,0,0,0,0,0,0,0,21,569,8,0,0,0,0,0,0,0,0,12,0,0,0,0,0,0,0,0,2,0,0,0,0,0,1
V28-41,67.683,0.233,-3545,0,,0,0,0,0,0,0,0,0,0,0,0,0,0,6,0,0,0,0,104,452,78,0,0,0,0,0,0,0,0,86,0,0,0,0,0,0,0,0,3,0,0,0,0,0,5
V28-41,67.683,0.233,-3545,0,x,0,0,0,0,0,0,0,0,0,0,0,0,0,17,0,0,0,0,54,192,43,0,0,0,0,1,0,0,0,21,0,0,0,0,0,0,0,0,2,0,0,0,0,0,2
V28-49,74.483,11.667,-2327,0,,0,0,0,0,0,0,0,0,0,0,0,0,0,0,0,0,0,0,8,379,2,0,0,0,0,0,0,0,0,7,0,0,0,0,0,0,0,0,0,0,0,0,0,0,0
V28-60,64.0833,-4.0167,-3244,0,,0,0,0,0,0,0,0,0,0,0,0,0,0,0,0,0,0,0,121,403,24,0,0,0,0,1,0,0,0,34,0,0,0,0,0,0,0,0,5,0,0,0,0,0,0
V28-98,26.783,-50.83,-4083,0,,7,7,1,202,203,8,16,9,25,1,,26,,4,5,1,,,,,,,,,22,5,16,1,,3,,,,,,1,39,,,,,,2,,
V29-16,14.15,88.083,-2950,0,,0,11,0,8,8,0,36,9,45,2,0,24,9,2,0,14,6,0,0,0,0,50,30,8,14,0,0,0,0,0,0,0,0,89,0,6,95,0,5,0,0,0,0,0,0
V29-167,16.383,-17.92,-2822,0,,10,0,19,27,46,4,16,11,27,0,0,8,3,72,8,4,3,0,3,0,38,10,0,0,0,82,0,0,3,65,0,7,0,30,0,0,30,0,25,0,0,0,0,0,13
V29-170,22.467,-20.07,-4455,0,,7,0,4,159,163,14,47,19,66,0,0,25,2,1,44,2,5,5,0,0,23,0,0,0,4,33,17,8,3,9,5,0,0,2,0,0,2,0,39,0,0,0,0,0,17
V29-176,40.55,-26,-3064,0,,1,1,3,41,44,18,6,6,12,0,0,9,6,137,100,0,1,4,7,4,73,0,0,0,0,114,16,26,2,43,33,25,0,0,0,0,0,0,35,0,0,0,0,0,16
V29-177,41.533,-25.72,-3391,0,,2,0,2,20,22,1,2,0,2,0,0,2,5,95,47,1,0,0,8,4,27,0,0,0,0,66,11,32,0,24,11,22,0,0,0,0,0,0,32,0,0,0,0,0,6
V29-178,42.85,-25.15,-3448,0,,10,0,0,29,29,4,1,0,1,0,0,9,5,98,75,0,0,0,8,2,68,0,0,0,0,72,11,31,0,18,19,26,0,0,0,0,0,0,50,0,0,0,0,0,9
V29-179,44.017,-24.53,-3331,0,,1,1,1,15,16,3,1,0,1,0,0,11,7,136,58,3,0,0,8,2,95,0,0,0,0,74,9,40,0,38,12,28,0,0,0,0,0,0,43,0,0,0,0,0,21
V29-180,45.3,-23.87,-3179,0,,9,0,0,20,20,3,0,0,0,0,0,8,5,133,70,1,0,0,22,18,122,0,0,0,0,117,7,37,0,58,9,49,0,0,0,0,0,0,41,0,0,0,0,0,19
V29-183,49.133,-25.5,-3643,0,,0,0,0,5,5,0,0,0,0,0,0,0,1,99,8,0,0,1,11,7,103,0,0,0,0,65,2,6,0,76,11,14,0,0,0,0,0,0,65,0,0,0,0,0,7
V29-184,49.133,-25.5,-3645,0,,3,0,0,3,3,0,0,0,0,0,0,1,2,96,19,0,0,0,19,4,129,0,0,0,0,81,3,1,0,68,8,17,0,0,0,0,0,0,61,0,0,0,0,0,8
V29-189,52.367,-17.53,-4093,0,,8,0,0,5,5,0,0,0,0,0,0,5,0,129,4,1,0,0,17,28,152,0,0,0,0,92,0,6,0,132,6,18,0,0,0,0,0,0,72,0,0,0,0,0,11
V29-190,52.667,-15.17,-1458,0,,2,0,0,4,4,0,0,0,0,0,0,2,1,187,11,0,0,0,44,36,220,0,0,0,0,63,1,7,0,114,0,31,0,0,0,0,0,0,125,0,0,0,0,0,15
V29-193,55.4,-18.73,-1326,0,,1,0,0,0,0,0,0,0,0,0,0,0,0,209,6,1,0,0,50,25,206,0,0,0,0,60,1,6,0,175,6,16,0,0,0,0,0,0,90,0,0,0,0,0,14
V29-194,57,-21.32,-2085,0,,0,0,0,1,1,0,0,0,0,0,0,1,0,164,3,0,0,0,40,27,169,0,0,0,0,49,0,0,0,89,2,9,0,0,0,0,0,0,114,0,0,0,0,0,16
V29-198,58.733,-15.57,-1139,0,,0,0,0,0,0,0,1,0,1,0,0,0,0,151,0,0,0,0,41,2,173,0,0,0,0,24,0,1,0,91,0,6,0,0,0,0,0,0,116,0,0,0,0,0,18
V29-200,59.95,-19.2,-2650,0,,0,0,0,0,0,0,0,0,0,0,0,0,0,115,1,0,0,0,18,3,85,1,0,0,0,23,0,0,0,69,0,4,0,0,0,0,0,0,96,0,0,0,0,0,3
V29-202,60.383,-20.97,-2658,0,,2,0,0,0,0,0,0,0,0,0,0,0,0,73,0,0,0,0,4,7,102,0,0,0,0,21,0,0,0,35,0,3,0,0,0,0,0,0,67,0,0,0,0,0,3
V29-203,60.8,-22.45,-2085,0,,0,0,0,0,0,0,0,0,0,0,0,0,0,97,4,0,0,0,7,23,115,0,0,0,0,18,0,0,0,36,0,5,0,0,0,0,0,0,67,0,0,0,0,0,6
V29-204,61.183,-23.02,-1849,0,,0,0,0,0,0,0,0,0,0,0,0,0,0,91,0,0,0,0,12,0,99,0,0,0,0,13,0,0,0,57,0,4,0,0,0,0,0,0,85,0,0,0,0,0,5
V29-205,61.55,-25.12,-1450,0,,0,0,0,1,1,0,0,0,0,0,0,0,0,95,0,1,0,0,22,4,111,0,0,0,0,13,0,0,0,34,0,2,0,0,0,0,0,0,110,0,0,0,0,0,9
V29-209,65.6,-6.483,-2698,0,,0,0,0,0,0,0,0,0,0,0,0,0,0,0,0,0,0,0,160,318,1,0,0,0,0,0,0,0,0,1,0,0,0,0,0,0,0,0,0,0,0,0,0,0,5
V29-210,66.733,-6.733,-2460,0,,0,0,0,0,0,0,0,0,0,0,0,0,0,0,0,0,0,0,248,491,5,0,0,0,0,0,0,0,0,8,0,0,0,0,0,0,0,0,0,0,0,0,0,0,6
V29-211,67.783,-6.667,-2553,0,,0,0,0,0,0,0,0,0,0,0,0,0,0,3,0,0,0,0,166,416,3,0,0,0,0,0,0,0,0,1,0,0,0,0,0,0,0,0,1,0,0,0,0,0,6
V29-214,72.967,-6.983,-2608,0,,0,0,0,0,0,0,0,0,0,0,0,0,0,0,0,0,0,0,3,314,6,0,0,0,0,0,0,0,0,1,0,0,0,0,0,0,0,0,0,0,0,0,0,0,2
V29-215,75.933,-5.117,-3139,0,,0,0,0,0,0,0,0,0,0,0,0,0,0,1,0,0,0,0,7,638,8,0,0,0,0,0,0,0,0,4,0,0,0,0,0,0,0,0,0,0,0,0,0,0,7
V29-218,68.383,-5.417,-3411,0,,0,0,0,0,0,0,0,0,0,0,0,0,0,1,0,0,0,0,61,355,12,0,0,0,0,0,0,0,0,19,0,0,0,0,0,0,0,0,2,0,0,0,0,0,0
V29-220,65.167,-0.067,-2873,0,,0,0,0,0,0,0,0,0,0,0,0,0,0,18,0,0,0,0,115,187,64,0,0,0,0,1,0,0,0,26,0,0,0,0,0,0,0,0,9,0,0,0,0,0,3
V29-222,62.85,-14.53,-1694,0,,0,0,0,0,0,0,0,0,0,0,0,0,0,92,1,0,0,0,57,52,77,0,0,0,0,3,0,0,0,17,0,3,0,0,0,0,0,0,54,0,0,0,0,0,15
V29-223,61.917,-24.05,-1555,0,,1,0,0,0,0,0,0,0,0,0,0,0,0,86,6,0,0,0,28,26,98,0,0,0,0,10,0,0,0,23,0,3,0,0,0,0,0,0,62,0,0,0,0,0,15
