Campaign,Event,Latitude,Longitude,Date/Time,Elevation [m],Depth [m],G. aequilateralis [%],G. bulloides [%],D. grahami [%],G. cavernula [%],G. conglobatus [%],G. crassaformis [%],S. dehiscens [%],G. digitata [%],N. dutertrei [%],G. falconensis [%],G. glutinata [%],G. hirsuta [%],T. humilis [%],G. inflata [%],G. menardii [%],C. nitida [%],P. obliquiloculata [%],N. pachyderma s [%],P/D int [%],G. quinqueloba s [%],G. quinqueloba d [%],G. quinqueloba [%],G. ruber p [%],G. ruber w [%],G. rubescens [%],G. trilobus tril [%],G. trilobus sac [%],G. scitula [%],G. tenellus [%],G. truncatulinoides s [%],G. truncatulinoides d [%],G. truncatulinoides [%],G. tumida [%],O. universa [%],G. uvula [%],G. mentum [%],P/D int [%],N. pachyderma d [%]
A150/180,A180-73,0.1667,-23,,-3749,0.38,0,0.7,0,0,0.9,3.2,0,0,29.1,4.1,8.5,0.5,0,10.3,0,0,0,0,18.5,0,0,0,0.9,6.6,0.9,3.9,3.4,0.7,0.5,0,7.1,7.1,0,0.2,0,0,13.7,4.8
ANT-IV/1c,GIK16457-2,5.385,-21.7517,22/10/1985,-3303,0.3,0.3,5.1,0,0,0.7,3,0,0.9,19.3,0.3,1.5,0,0,1.5,0,0,1.7,0,3.3,0,0,0,1.5,28.7,0,13.6,13.5,0,0,0,3.6,3.7,0.3,0.6,0,0.3,1.8,1.5
ANT-IV/1c,GIK16458-1,5.335,-22.0533,22/10/1985,-3518,0.24,3.9,6.4,0,0,1,2,0,1.3,11.6,0,7.2,0,0,1.3,0,0.3,0.5,1.1,3.3,0,0,0,1.8,24.6,0.5,20.7,1.5,0,0,0,0,6.4,3.8,1.1,0,3.8,0.8,2.5
ANT-IV/1c,GIK16458-1,5.335,-22.0533,22/10/1985,-3518,0.26,1.5,2.6,0.3,0,2,4.2,0,1.8,11.6,0,3.6,0,0,2.3,0,0,0,1.1,1,0,0,0,2.3,33.9,0,27.2,1.9,0,0.5,0,0,1.3,0,0.9,0,0,0,1
ANT-IV/1c,GIK16458-1,5.335,-22.0533,22/10/1985,-3518,0.28,1.8,4.5,0,0,2.3,3,0,0.5,12.1,0.5,3.2,0,0,1.4,0,0,0,0.8,0.8,0,0,0,2,35.5,0,26.6,1.5,0.2,0,0,0,2,0,1.4,0,0,0,0.8
ANT-IV/1c,GIK16458-1,5.335,-22.0533,22/10/1985,-3518,0.3,2.2,4.5,0,0,1.1,2.3,0,0.7,10.9,0,5.8,0.2,0,1.3,0,0.2,0,1.3,2.1,0,0,0,0.7,40.3,0,22.6,0.4,0.2,0,0,0,2.5,0,0.8,0,0,0.7,1.4
ANT-IV/1c,GIK16458-2,5.335,-22.055,22/10/1985,-3518,0.26,3,3.9,1.5,0,0.8,1.8,0,0.1,3.7,0,7.4,0,0,0.3,1.1,0,1.4,0.1,0.4,0,0,0,3.1,36.6,0.8,20,9.6,0,0.7,0,0.7,0.7,1.6,1.3,0,2.7,0.1,0.3
ANT-IV/1c,GIK16458-2,5.335,-22.055,22/10/1985,-3518,0.29,3.9,4.1,0.3,0,2,0.9,0,0.1,3.8,0,8.4,0,0,0.2,1,0.2,0.9,0,1,0,0,0,3.9,33.3,0.5,19.6,10.8,0.5,1.2,0,0.7,0.7,1.8,1.1,0,2.8,0.2,0.9
ANT-IV/1c,GIK16458-2,5.335,-22.055,22/10/1985,-3518,0.32,4.2,4.2,0.3,0,0.8,0.3,0.1,0.7,4.2,0,5.7,0,0,0,2.6,0,1.5,0,0.2,0,0,0,5.5,29.1,0,24.6,12.2,0.3,0.7,0,0.2,0.2,1.1,1.4,0,3.6,0.2,0
ARK-II/4,PS1230-1,78.8553,-4.7812,16/08/1984,-1249,0.2,0,0,0,0,0,0,0,0,0,0,0,0,0,0,0,0,0,98.3,1.5,0.2,0,0.2,0,0,0,0,0,0,0,0,0,0,0,0,0,0,0,1.5
ARK-II/4,PS1230-1,78.8553,-4.7812,16/08/1984,-1249,0.24,0,0,0,0,0,0,0,0,0,0,0,0,0,0,0,0,0,98.6,1.4,0,0,0,0,0,0,0,0,0,0,0,0,0,0,0,0,0,0,1.4
ARK-II/4,PS1230-1,78.8553,-4.7812,16/08/1984,-1249,0.26,0,0,0,0,0,0,0,0,0,0,0,0,0,0,0,0,0,98.2,1.8,0,0,0,0,0,0,0,0,0,0,0,0,0,0,0,0,0,0,1.8
ARK-IV/3,PS1533-3,82.0317,15.1908,16/08/1987,-2026,0.67,0,0.2,0,0,0,0,0,0,0,0,0,0,0,0,0,0,0,96.7,2.9,0,0.2,0.2,0,0,0,0,0,0,0,0,0,0,0,0,0,0,0,2.9
ARK-IV/3,PS1533-3,82.0317,15.1908,16/08/1987,-2026,0.73,0,1.3,0,0,0,0,0,0,0,0,0.1,0,0,0,0,0,0,95.4,3,0.1,0.1,0.2,0,0,0,0,0,0,0,0,0,0,0,0,0,0,0,3
ARK-IV/3,PS1533-3,82.0317,15.1908,16/08/1987,-2026,0.79,0,1.5,0,0,0,0,0,0,0,0,0,0,0,0,0,0,0,96.3,2.2,0,0,0,0,0,0,0,0,0,0,0,0,0,0,0,0,0,0,2.2
ARK-IX/4,PS2446-4,82.3967,40.9083,19/08/1993,-2022,2.9,0,0,0,0,0,0,0,0,0,0,0,0,0,0,0,0,0,98,2,0,0,0,0,0,0,0,0,0,0,0,0,0,0,0,0,0,0,2
ARK-IX/4,PS2446-4,82.3967,40.9083,19/08/1993,-2022,3.1,0,0,0,0,0,0,0,0,0,0,0,0,0,0,0,0,0,97.7,2.3,0,0,0,0,0,0,0,0,0,0,0,0,0,0,0,0,0,0,2.3
ARK-IX/4,PS2446-4,82.3967,40.9083,19/08/1993,-2022,3.3,0,0,0,0,0,0,0,0,0,0,0,0,0,0,0,0,0,98.3,1.7,0,0,0,0,0,0,0,0,0,0,0,0,0,0,0,0,0,0,1.7
ARK-IX/4,PS2446-4,82.3967,40.9083,19/08/1993,-2022,3.5,0,0,0,0,0,0,0,0,0,0,0,0,0,0,0,0,0,97.6,2.4,0,0,0,0,0,0,0,0,0,0,0,0,0,0,0,0,0,0,2.4
ARK-V/3b,PS1730-2,70.1165,-17.6943,18/08/1988,-1622,0.8,0,0,0,0,0,0,0,0,0,0,0,0,0,0,0,0,0,98.6,1.4,0,0,0,0,0,0,0,0,0,0,0,0,0,0,0,0,0,0,1.4
ARK-V/3b,PS1730-2,70.1165,-17.6943,18/08/1988,-1622,0.9,0,0,0,0,0,0,0,0,0,0,0,0,0,0,0,0,0,99.4,0.6,0,0,0,0,0,0,0,0,0,0,0,0,0,0,0,0,0,0,0.6
ARK-V/3b,PS1730-2,70.1165,-17.6943,18/08/1988,-1622,1,0,0,0,0,0,0,0,0,0,0,0,0,0,0,0,0,0,99.6,0.4,0,0,0,0,0,0,0,0,0,0,0,0,0,0,0,0,0,0,0.4
ARK-VII/3b,PS1919-2,74.9967,-11.8267,01/09/1990,-1955,0.23,0,0,0,0,0,0,0,0,0,0,0,0,0,0,0,0,0,99.5,0.5,0,0,0,0,0,0,0,0,0,0,0,0,0,0,0,0,0,0,0.5
ARK-VII/3b,PS1919-2,74.9967,-11.8267,01/09/1990,-1955,0.36,0,0,0,0,0,0,0,0,0,0,0,0,0,0,0,0,0,99.1,0.9,0,0,0,0,0,0,0,0,0,0,0,0,0,0,0,0,0,0,0.9
ARK-VII/3b,PS1922-1,75.0003,-8.771,02/09/1990,-3350,1.17,0,0,0,0,0,0,0,0,0,0,0,0,0,0,0,0,0,98.3,1.7,0,0,0,0,0,0,0,0,0,0,0,0,0,0,0,0,0,0,1.7
ARK-VII/3b,PS1922-1,75.0003,-8.771,02/09/1990,-3350,1.32,0,0,0,0,0,0,0,0,0,0,0,0,0,0,0,0,0,97.7,2.3,0,0,0,0,0,0,0,0,0,0,0,0,0,0,0,0,0,0,2.3
ARK-VII/3b,PS1922-1,75.0003,-8.771,02/09/1990,-3350,1.56,0,0,0,0,0,0,0,0,0,0,0,0,0,0,0,0,0,98.3,1.7,0,0,0,0,0,0,0,0,0,0,0,0,0,0,0,0,0,0,1.7
ARK-VII/3b,PS1922-1,75.0003,-8.771,02/09/1990,-3350,1.72,0,0,0,0,0,0,0,0,0,0,0.2,0,0,0,0,0,0,97.6,2.3,0,0,0,0,0,0,0,0,0,0,0,0,0,0,0,0,0,0,2.3
ARK-VII/3b,PS1922-1,75.0003,-8.771,02/09/1990,-3350,1.9,0,0,0,0,0,0,0,0,0,0,0.1,0,0,0,0,0,0,97.3,2.6,0,0,0,0,0,0,0,0,0,0,0,0,0,0,0,0,0,0,2.6
ARK-VII/3b,PS1927-2,71.4967,-17.1483,03/09/1990,-1706,0.67,0,0,0,0,0,0,0,0,0,0,0,0,0,0,0,0,0,99.4,0.6,0,0,0,0,0,0,0,0,0,0,0,0,0,0,0,0,0,0,0.6
ARK-VII/3b,PS1927-2,71.4967,-17.1483,03/09/1990,-1706,0.72,0,0,0,0,0,0,0,0,0,0,0,0,0,0,0,0,0,99.9,0.1,0,0,0,0,0,0,0,0,0,0,0,0,0,0,0,0,0,0,0.1
ARK-VII/3b,PS1927-2,71.4967,-17.1483,03/09/1990,-1706,0.8,0,0,0,0,0,0,0,0,0,0,0,0,0,0,0,0,0,99.1,0.9,0,0,0,0,0,0,0,0,0,0,0,0,0,0,0,0,0,0,0.9
ARK-VII/3b,PS1927-2,71.4967,-17.1483,03/09/1990,-1706,0.9,0,0,0,0,0,0,0,0,0,0,0,0,0,0,0,0,0,99.2,0.8,0,0,0,0,0,0,0,0,0,0,0,0,0,0,0,0,0,0,0.8
ARK-VII/3b,PS1951-1,68.8417,-20.825,27/09/1990,-1459,0.72,0,0,0,0,0,0,0,0,0,0,0,0,0,0,0,0,0,96.5,3.5,0,0,0,0,0,0,0,0,0,0,0,0,0,0,0,0,0,0,3.5
ARK-VII/3b,PS1951-1,68.8417,-20.825,27/09/1990,-1459,0.83,0,0,0,0,0,0,0,0,0,0,0,0,0,0,0,0,0,98.5,1.5,0,0,0,0,0,0,0,0,0,0,0,0,0,0,0,0,0,0,1.5
ARK-VII/3b,PS1951-1,68.8417,-20.825,27/09/1990,-1459,0.94,0,0,0,0,0,0,0,0,0,0,0,0,0,0,0,0,0,98.2,1.8,0,0,0,0,0,0,0,0,0,0,0,0,0,0,0,0,0,0,1.8
ARK-VII/3b,PS1951-1,68.8417,-20.825,27/09/1990,-1459,1,0,0,0,0,0,0,0,0,0,0,0,0,0,0,0,0,0,98.9,1.1,0,0,0,0,0,0,0,0,0,0,0,0,0,0,0,0,0,0,1.1
ARK-VIII/2,PS2129-1,81.3667,17.4717,11/07/1991,-861,0.2,0,0.2,0,0,0,0,0,0,0,0,0.5,0,0,0,0,0,0,96.3,3.1,0,0,0,0,0,0,0,0,0,0,0,0,0,0,0,0,0,0,3.1
ARK-VIII/2,PS2129-1,81.3667,17.4717,11/07/1991,-861,0.3,0,0,0,0,0,0,0,0,0,0,0.3,0,0,0,0,0,0,97.6,2.1,0,0,0,0,0,0,0,0,0,0,0,0,0,0,0,0,0,0,2.1
ARK-VIII/2,PS2129-1,81.3667,17.4717,11/07/1991,-861,0.4,0,0,0,0,0,0,0,0,0,0,0.6,0,0,0,0,0,0,97,2.3,0,0,0,0,0,0,0,0,0,0,0,0,0,0,0,0,0,0,2.3
ARK-VIII/2,PS2138-1,81.535,30.5933,18/07/1991,-862,1.32,0,0,0,0,0,0,0,0,0,0,0,0,0,0,0,0,0,99.7,0.3,0,0,0,0,0,0,0,0,0,0,0,0,0,0,0,0,0,0,0.3
ARK-VIII/2,PS2138-1,81.535,30.5933,18/07/1991,-862,1.52,0,0,0,0,0,0,0,0,0,0,0,0,0,0,0,0,0,96.8,3.2,0,0,0,0,0,0,0,0,0,0,0,0,0,0,0,0,0,0,3.2
ARK-VIII/2,PS2138-1,81.535,30.5933,18/07/1991,-862,1.72,0,0,0,0,0,0,0,0,0,0,0,0,0,0,0,0,0,96.9,2.8,0,0,0,0,0,0,0,0,0.3,0,0,0,0,0,0,0,0,0,2.8
ARK-VIII/2,PS2138-1,81.535,30.5933,18/07/1991,-862,1.92,0,0,0,0,0,0,0,0,0,0,0,0,0,0,0,0,0,96.4,3.4,0.2,0,0.2,0,0,0,0,0,0,0,0,0,0,0,0,0,0,0,3.4
ARK-VIII/2,PS2138-1,81.535,30.5933,18/07/1991,-862,2.13,0,0,0,0,0,0,0,0,0,0,0,0,0,0,0,0,0,98,1.4,0.4,0.3,0.6,0,0,0,0,0,0,0,0,0,0,0,0,0,0,0,1.4
ARK-X/2,PS2613-6,74.1767,-0.48,19/08/1994,-3266,0.3,0,0,0,0,0,0,0,0,0,0,0.1,0,0,0,0,0,0,97,2.8,0,0,0,0,0,0,0,0,0,0,0,0,0,0,0,0,0,0,2.8
ARK-X/2,PS2613-6,74.1767,-0.48,19/08/1994,-3266,0.35,0,0,0,0,0,0,0,0,0,0,0.1,0,0,0,0,0,0,97.3,2.6,0,0,0,0,0,0,0,0,0,0,0,0,0,0,0,0,0,0,2.6
ARK-X/2,PS2613-6,74.1767,-0.48,19/08/1994,-3266,0.4,0,0,0,0,0,0,0,0,0,0,0,0,0,0,0,0,0,95.7,4.3,0,0,0,0,0,0,0,0,0,0,0,0,0,0,0,0,0,0,4.3
ARK-X/2,PS2644-5,67.8667,-21.765,19/09/1994,-777,1,0,0,0,0,0,0,0,0,0,0,0.4,0,0,0,0,0,0,96.7,2.8,0,0.1,0.1,0,0,0,0,0,0,0,0,0,0,0,0,0,0,0,2.8
ARK-X/2,PS2644-5,67.8667,-21.765,19/09/1994,-777,1.06,0,0,0,0,0,0,0,0,0,0,0.4,0,0,0,0,0,0,96.3,3.3,0,0,0,0,0,0,0,0,0,0,0,0,0,0,0,0,0,0,3.3
ARK-X/2,PS2644-5,67.8667,-21.765,19/09/1994,-777,1.13,0,0,0,0,0,0,0,0,0,0,0.1,0,0,0,0,0,0,99.3,0.5,0,0,0,0,0,0,0,0,0,0,0,0,0,0,0,0,0,0,0.5
ARK-X/2,PS2644-5,67.8667,-21.765,19/09/1994,-777,1.17,0,0,0,0,0,0,0,0,0,0,0,0,0,0,0,0,0,99.5,0.4,0.2,0,0.2,0,0,0,0,0,0,0,0,0,0,0,0,0,0,0,0.4
ARK-XIII/2,PS2837-5,81.2333,2.3817,12/07/1997,-1023,3.89,0,0,0,0,0,0,0,0,0,0,0.4,0,0,0,0,0,0,97.8,1.8,0,0,0,0,0,0,0,0,0,0,0,0,0,0,0,0,0,0,1.8
ARK-XIII/2,PS2837-5,81.2333,2.3817,12/07/1997,-1023,3.95,0,0,0,0,0,0,0,0,0,0,0.3,0,0,0,0,0,0,97.3,2.4,0,0,0,0,0,0,0,0,0,0,0,0,0,0,0,0,0,0,2.4
ARK-XIII/2,PS2837-5,81.2333,2.3817,12/07/1997,-1023,3.97,0,0,0,0,0,0,0,0,0,0,0,0,0,0,0,0,0,97.8,2.2,0,0,0,0,0,0,0,0,0,0,0,0,0,0,0,0,0,0,2.2
ARK-XIII/3,PS2876-1,81.759,-9.4355,24/08/1997,-1976,0.09,0,0,0,0,0,0,0,0,0,0,0,0,0,0,0,0,0,96.7,3.3,0,0,0,0,0,0,0,0,0,0,0,0,0,0,0,0,0,0,3.3
ARK-XIII/3,PS2876-1,81.759,-9.4355,24/08/1997,-1976,0.13,0,0,0,0,0,0,0,0,0,0,0.2,0,0,0,0,0,0,96.7,3.1,0,0,0,0,0,0,0,0,0,0,0,0,0,0,0,0,0,0,3.1
ARK-XIII/3,PS2876-1,81.759,-9.4355,24/08/1997,-1976,0.17,0,0,0,0,0,0,0,0,0,0,0.1,0,0,0,0,0,0,96.9,3,0,0,0,0,0,0,0,0,0,0,0,0,0,0,0,0,0,0,3
ARK-XIII/3,PS2876-1,81.759,-9.4355,24/08/1997,-1976,0.27,0,0,0,0,0,0,0,0,0,0,0.6,0,0,0,0,0,0,96.8,2.5,0,0,0,0,0,0,0,0,0,0,0,0,0,0,0,0,0,0,2.5
ARK-XIII/3,PS2876-1,81.759,-9.4355,24/08/1997,-1976,0.61,0,0,0,0,0,0,0,0,0,0,0,0,0,0,0,0,0,95.7,4.3,0,0,0,0,0,0,0,0,0,0,0,0,0,0,0,0,0,0,4.3
ARK-XIII/3,PS2887-1,79.6,-4.6077,03/09/1997,-1411,0.46,0,0,0,0,0,0,0,0,0,0,0,0,0,0,0,0,0,97.2,2.8,0,0,0,0,0,0,0,0,0,0,0,0,0,0,0,0,0,0,2.8
ARK-XIII/3,PS2887-1,79.6,-4.6077,03/09/1997,-1411,0.5,0,0,0,0,0,0,0,0,0,0,0.1,0,0,0,0,0,0,96.7,3.2,0,0,0,0,0,0,0,0,0,0,0,0,0,0,0,0,0,0,3.2
ARK-XIII/3,PS2887-1,79.6,-4.6077,03/09/1997,-1411,0.52,0,0,0,0,0,0,0,0,0,0,0,0,0,0,0,0,0,97.7,2.3,0,0,0,0,0,0,0,0,0,0,0,0,0,0,0,0,0,0,2.3
CEPAG,SU81-18,37.767,-10.183,01/01/1981,-3155,3.4,0.3,25.9,0,0,0,0,0,0,0,1.4,14.3,0,0,8.2,0,0,0,4.8,27.2,0,0,6.1,0,0,1.4,0,0,10.2,0,0,0.3,0.3,0,0,0,0,0,27.2
CEPAG,SU81-18,37.767,-10.183,01/01/1981,-3155,3.5,1,16.6,0,0,0,0,0,0,0,0.6,16.9,0,0,11.7,0,0,0,0.6,45.5,0,0,1.6,0,1,0,0,0,4.5,0,0,0,0,0,0,0,0,0,45.5
CEPAG,SU81-18,37.767,-10.183,01/01/1981,-3155,3.6,1.6,19.2,0,0,0,0,0,0,0,0,10.9,0,0,9.9,0,0,0,0.6,35.5,0,0,3.8,0,2.6,1.6,0,0,11.2,0,0,0,0,0,3.2,0,0,0,35.5
CEPAG,SU81-18,37.767,-10.183,01/01/1981,-3155,3.7,0.5,12,0,0,0,0,0,0,0,0,11.4,0,0,12.2,0,0,0,0.5,46.7,0,0,4.1,0,1.9,0.5,0,0,7.9,0,0,1.1,1.1,0,1.1,0,0,0,46.7
CEPAG,SU81-18,37.767,-10.183,01/01/1981,-3155,3.8,2.2,11.1,0,0,0,0,0,0,0,0,18.2,0,0,11.8,0,0,0,1,34.1,0,0,7,0,0.3,0,0,0,12.7,0,0,0.3,0.3,0,1.3,0,0,0,34.1
CEPAG,SU81-18,37.767,-10.183,01/01/1981,-3155,3.9,1.2,26.2,0,0,0,0,0,0,0,0,6.9,0,0,13.5,0,0,0,0.3,35.7,0,0,0.9,0,5.5,0,0,0,7.5,0,0,1.2,1.2,0,1.2,0,0,0,35.7
CEPAG,SU81-18,37.767,-10.183,01/01/1981,-3155,4,1,36,0,0,0,0,0,0,0,0,14.7,0,0,5.9,0,0,0,0.3,27.6,0,0,6.6,0,5.9,0,0,0,1,0,0,0,0,0,0.7,0,0,0,27.6
CEPAG,SU81-18,37.767,-10.183,01/01/1981,-3155,4.1,0.6,14.6,0,0,0,0,0,0,0,0,6.2,0,0,21.1,0,0,0,0.6,36.3,0,0,1.1,0,11.3,0,0,0,7.6,0,0.3,0.3,0.6,0,0,0,0,0,36.3
CEPAG,SU81-18,37.767,-10.183,01/01/1981,-3155,4.2,0.3,20.7,0,0,0,0,0,0.3,0,0,9.7,0,0,23,0,0,0,0.6,28.5,0,0,3.9,0,8.4,0.3,0,0,1.9,0,0.3,1,1.3,0,1,0,0,0,28.5
CEPAG,SU81-18,37.767,-10.183,01/01/1981,-3155,4.3,0,17,0,0,0,0,0,0,0,0.6,9.3,0,0,16,0,0,0,0.6,29.8,0,0,6.7,0,6.4,0,0,0,12.2,0,0,0.3,0.3,0,1,0,0,0,29.8
CEPAG,SU81-18,37.767,-10.183,01/01/1981,-3155,4.4,1.1,24.8,0,0,0,0,0,0,0,0,11.1,0,0,16.4,0,0,0,0.4,30.2,0,0,3.1,0,5,0,0,0,5.3,0,0,0,0,0,2.7,0,0,0,30.2
CH8X,CH82-24,43.465,-30.66,,-3070,0.58,0.4,34.9,0,0,0,14.5,0,0,0,4.5,0,0,3,0,0,0,14.9,11.2,2.2,0,0,9.3,0,5.2,0,0,0,0,0,0,0,0,0,0,0,0,0,2.2
CH8X,CH82-24,43.465,-30.66,,-3070,0.68,0,34.1,0,0,0,6.9,0,0,0,3.1,0,0,14.5,0,0,0,9.7,7.6,2.4,0,0,20,0,1.7,0,0,0,0,0,0,0,0,0,0,0,0,0,2.4
D184,BOFS14K,58.6288,-19.4349,03/08/1989,-1756,0.34,0,1.5,0,0,0,0,0,0,0,0,1.5,0,0,0.3,0,0,0,93.5,2,0,0,0.8,0,0,0,0,0,0.5,0,0,0,0,0,0,0,0,0,2
D184,BOFS14K,58.6288,-19.4349,03/08/1989,-1756,0.36,0,2.4,0,0,0,0,0,0,0,0,3.6,0,0,0,0,0,0,86.5,4.5,0,0,3,0,0,0,0,0,0,0,0,0,0,0,0,0,0,0,4.5
D184,BOFS14K,58.6288,-19.4349,03/08/1989,-1756,0.38,0,5.5,0,0,0,0,0,0,0,0,2.9,0,0,0,0,0,0,81.3,5.2,0,0,4.4,0,0,0,0,0,0.7,0,0,0,0,0,0,0,0,0,5.2
D184,BOFS14K,58.6288,-19.4349,03/08/1989,-1756,0.4,0,2.6,0,0,0,0,0,0,0,0,3.3,0,0,0,0,0,0,85.9,2.6,0,0,4.8,0,0,0,0,0,0.7,0,0,0,0,0,0,0,0,0,2.6
D184,BOFS17K,58.001,-16.5014,10/08/1989,-1150,0.68,0,3.4,0,0,0,0,0,0,0,0,2.8,0,0,0,0,0,0,90.4,1.7,0,0,1.7,0,0,0,0,0,0,0,0,0,0,0,0,0,0,0.9,0.9
D184,BOFS17K,58.001,-16.5014,10/08/1989,-1150,0.7,0,2,0,0,0,0,0,0,0,0,3.1,0,0,0,0,0,0,92.1,2,0,0,0.9,0,0,0,0,0,0,0,0,0,0,0,0,0,0,1.1,0.9
D184,BOFS17K,58.001,-16.5014,10/08/1989,-1150,0.72,0,2.1,0,0,0,0,0,0,0,0,3,0,0,0,0,0,0,91.1,2.7,0,0,0.9,0,0,0,0,0,0.3,0,0,0,0,0,0,0,0,1.2,1.5
D184,BOFS17K,58.001,-16.5014,10/08/1989,-1150,0.74,0,3.1,0,0,0,0,0,0,0,0,4.3,0,0,0,0,0,0,88.1,1.1,0,0,2.6,0,0,0,0,0,0.6,0,0,0,0,0,0,0,0,0.9,0.3
D184,BOFS17K,58.001,-16.5014,10/08/1989,-1150,0.76,0,1.4,0,0,0,0,0,0,0,0,3.7,0,0,0,0,0,0,90.2,2.4,0,0,2.2,0,0,0,0,0,0,0,0,0,0,0,0,0,0,1.4,1
D184,BOFS5K,50.6876,-21.8635,26/07/1989,-3547,0.78,0,0.8,0,0,0,0,0,0,0,0,0.2,0,0,0,0,0,0,97.5,0.6,0,0,0.4,0,0,0,0,0,0.2,0,0,0,0,0,0,0,0,0,0.6
D184,BOFS5K,50.6876,-21.8635,26/07/1989,-3547,0.8,0,1,0,0,0,0,0,0,0,0,0.7,0,0,0,0,0,0,90.1,2,0,0,3.8,0,0.3,0,0,0,1.4,0,0,0,0,0,0,0,0,0,2
D184,BOFS5K,50.6876,-21.8635,26/07/1989,-3547,0.82,0,1.4,0,0,0,0,0,0,0,0,1.7,0,0,0,0,0,0,92.5,0.9,0,0,2.7,0,0,0,0,0,0.9,0,0,0,0,0,0,0,0,0,0.9
D184,BOFS5K,50.6876,-21.8635,26/07/1989,-3547,0.84,0,2.1,0,0,0,0,0,0,0,0,1.6,0,0,0,0,0,0,92.6,2.3,0,0,0.9,0,0,0,0,0,0.5,0,0,0,0,0,0,0,0,0,2.3
D184,BOFS5K,50.6876,-21.8635,26/07/1989,-3547,0.86,0,0.7,0,0,0,0,0,0,0,0,0.2,1,0,0,0,0,0,95.1,0,0,0,2,0,0.2,0,0,0,0.7,0,0,0,0,0,0,0,0,0,0
D184,BOFS5K,50.6876,-21.8635,26/07/1989,-3547,0.88,0,1.7,0,0,0,0,0,0,0,0,0.2,0,0,0,0,0,0,94.8,1.5,0,0,1.1,0,0.2,0,0,0,0.4,0,0,0,0,0,0,0,0,0,1.5
D184,BOFS5K,50.6876,-21.8635,26/07/1989,-3547,0.9,0,0.2,0,0,0,0,0,0,0,0,2.2,0.4,0,0,0,0,0,92.8,0.1,0,0,2.6,0,0.4,0,0,0,1.5,0,0,0,0,0,0,0,0,0,0.1
D184,BOFS5K,50.6876,-21.8635,26/07/1989,-3547,0.92,0,1.9,0,0,0,0,0,0,0,0,0.5,0,0,0.2,0,0,0,91.9,1.9,0,0,2.6,0,0,0,0,0,0.9,0,0,0,0,0,0,0,0,0,1.9
D184,BOFS5K,50.6876,-21.8635,26/07/1989,-3547,0.94,0,2.7,0,0,0,0,0,0,0,0,1.9,0.3,0,0,0,0,0,90.1,0.3,0,0,2.4,0,0.3,0,0,0,2.1,0,0,0,0,0,0,0,0,0,0.3
D184,BOFS8K,52.5033,-22.0623,30/07/1989,-4045,0.78,0,0.3,0,0,0,0,0,0,0,0,0.6,0,0,0.3,0,0,0,97.5,0.9,0,0,0.3,0,0,0,0,0,0,0,0,0,0,0,0,0,0,0,0.9
D184,BOFS8K,52.5033,-22.0623,30/07/1989,-4045,0.8,0,0.8,0,0,0,0,0,0,0,0,0.2,0,0,0.2,0,0,0,96.6,1.5,0,0,0.6,0,0,0,0,0,0,0,0,0,0,0,0,0,0,0,1.5
D184,BOFS8K,52.5033,-22.0623,30/07/1989,-4045,0.82,0,1,0,0,0,0,0,0,0,0,1,0.3,0,0.3,0,0,0,96,1.3,0,0,0,0,0,0,0,0,0,0,0,0,0,0,0,0,0,0,1.3
D184,BOFS8K,52.5033,-22.0623,30/07/1989,-4045,0.84,0,1.6,0,0,0,0,0,0,0,0,0.8,0,0,0,0,0,0,94.8,2.7,0,0,0,0,0,0,0,0,0,0,0,0,0,0,0,0,0,0,2.7
D184,BOFS8K,52.5033,-22.0623,30/07/1989,-4045,0.86,0,0,0,0,0,0,0,0,0,0,1.4,0.3,0,0.3,0,0,0,95.2,1.7,0,0,1.1,0,0,0,0,0,0,0,0,0,0,0,0,0,0,0,1.7
D184,BOFS8K,52.5033,-22.0623,30/07/1989,-4045,0.88,0,2.9,0,0,0,0,0,0,0,0,0.6,0,0,0,0,0,0,93,2.6,0,0,1,0,0,0,0,0,0,0,0,0,0,0,0,0,0,0,2.6
D184,BOFS8K,52.5033,-22.0623,30/07/1989,-4045,0.9,0,0.5,0,0,0,0,0,0,0,0,0.3,0,0,0,0,0,0,97.1,2.1,0,0,0,0,0,0,0,0,0,0,0,0,0,0,0,0,0,0,2.1
D184,BOFS8K,52.5033,-22.0623,30/07/1989,-4045,0.92,0,0.3,0,0,0,0,0,0,0,0,1.7,0,0,0,0,0,0,96.6,0.7,0,0,0.7,0,0,0,0,0,0,0,0,0,0,0,0,0,0,0,0.7
D184,BOFS8K,52.5033,-22.0623,30/07/1989,-4045,0.94,0,0,0,0,0,0,0,0,0,0,0.5,0,0,0,0,0,0,98,1.3,0,0,0.3,0,0,0,0,0,0,0,0,0,0,0,0,0,0,0,1.3
D184,BOFS8K,52.5033,-22.0623,30/07/1989,-4045,0.96,0,0.4,0,0,0,0,0,0,0,0,1.5,0,0,0,0,0,0,96.3,1.7,0,0,0,0,0,0,0,0,0,0,0,0,0,0,0,0,0,0,1.7
D184,BOFS8K,52.5033,-22.0623,30/07/1989,-4045,0.98,0,0.7,0,0,0,0,0,0,0,0,0.7,0,0,0,0,0,0,96.3,0.7,0,0,1.2,0,0,0,0,0,0,0,0,0,0,0,0,0,0,0,0.7
GEOFAR,KF09,37.1113,-32.2868,01/08/1993,-2655,2.3,1.2,33.6,1.7,0,0.1,0,0,0.1,3.2,0.5,9,0,0.4,22.1,0,0,0,0.3,14.8,0.7,0.9,1.6,0,2.3,0.3,0,0,6.3,0,0.1,0.7,0.8,0,0.1,0,0,1.3,13.5
GEOFAR,KF09,37.1113,-32.2868,01/08/1993,-2655,2.6,1.1,21,1.4,0,0,0,0,0,3.9,0.2,9.8,0,0,24.8,0,0,0,0,14.8,1.4,0.9,2.3,0.2,6.6,0.5,0,0,12.1,0,0,0.7,0.7,0,0.7,0,0,0.9,13.9
GEOFAR,KF09,37.1113,-32.2868,01/08/1993,-2655,2.9,2.7,19.6,0.3,0,0,0,0,0,5.4,0.3,13.6,0,0,24.8,0,0,0,1.2,12.1,0.3,0.3,0.6,0,7.3,0,0,0,10.9,0,0.3,0.3,0.6,0,0.6,0,0,0.3,11.8
GEOFAR,KF09,37.1113,-32.2868,01/08/1993,-2655,3.1,1.4,18.4,0,0,1.7,0,0,0.1,4.3,0,13.2,0.1,0,23.3,0,0,0,1,11.7,0.6,1.1,1.7,0,7.6,0,0.3,0,13.3,0.8,0,0,0,0,0.6,0.1,0,1.4,10.3
GEOFAR,KF13,37.5783,-31.8422,01/08/1993,-2690,1.6,0.6,25.8,0.3,0,0.5,0,0,0.1,4.1,1.2,13.1,0.1,0,14.4,0,0,0,2.1,15.2,1.6,1.4,3,0.1,4,0,0,0,12.7,1.4,0.1,0.3,0.4,0,0,0,0,0.6,14.6
GEOFAR,KF13,37.5783,-31.8422,01/08/1993,-2690,1.8,0.9,21.6,0.4,0,0.8,0,0,0,4.3,0.3,12.8,0.3,0.3,17.5,0,0.1,0,0.9,17,1.9,1.3,3.2,0.1,5.1,0,0,0,12.5,0.4,0.1,0.5,0.6,0,0.5,0,0,1.1,15.8
GEOFAR,KF13,37.5783,-31.8422,01/08/1993,-2690,1.9,0.9,17.7,0.7,0,1.2,0,0,0.1,4.7,0.5,14.4,0,0,19.1,0,0,0,0.5,12.6,1.3,0.9,2.3,0.3,5.5,0.3,0.1,0,17.4,0.5,0,0.5,0.5,0,0.2,0,0,0.5,12.1
GEOFAR,KF16,37.999,-31.1283,01/08/1993,-3050,6,0.4,26.8,3.5,0,0.1,0,0,0,3.8,0.2,10.4,0,0,15.5,0,0,0,0.9,19.6,3,2.4,5.4,0.1,1.9,0.3,0,0,9.8,0.2,0.1,0.4,0.5,0,0.2,0,0,0.9,18.8
M11/1,GIK17045-3,52.425,-16.665,07/10/1989,-3663,0.8,0,1.8,0,0,0,0,0,0,0,0,0.6,0,0,0.1,0,0,0,95.2,2,0,0.4,0.4,0,0,0,0,0,0,0,0,0,0,0,0,0,0,0,2
M11/1,GIK17045-3,52.425,-16.665,07/10/1989,-3663,0.82,0,1.5,0,0,0,0,0,0,0,0,0.3,0,0,0.5,0,0,0,95.6,2.2,0,0,0,0,0,0,0,0,0,0,0,0,0,0,0,0,0,0,2.2
M11/1,GIK17045-3,52.425,-16.665,07/10/1989,-3663,0.95,0,7.8,0,0,0,0,0,0,0.5,0,0.8,0,0,0.1,0,0,0,82.3,4.7,0,2.9,2.9,0,0,0,0,0,0.9,0,0,0,0,0,0,0,0,3.8,0.9
M11/1,GIK17049-6,55.26,-26.725,11/10/1989,-3331,1.5,0,2.3,0,0,0,0,0,0,0,0,0.4,0,0,0.1,0,0,0,92.8,2.7,0,1.5,1.5,0,0,0,0,0,0,0,0,0,0,0,0,0.3,0,0,2.7
M11/1,GIK17049-6,55.26,-26.725,11/10/1989,-3331,1.6,0,0.2,0,0,0,0,0,0,0,0,0.3,0,0,0,0,0,0,98.1,0.6,0,0.9,0.9,0,0,0,0,0,0,0,0,0,0,0,0,0,0,0,0.6
M11/1,GIK17049-6,55.26,-26.725,11/10/1989,-3331,1.7,0,1.4,0,0,0,0,0,0,0,0,0,0,0,0,0,0,0,92.3,3.7,0,2.5,2.5,0,0,0,0,0,0,0,0,0,0,0,0,0.2,0,0,3.7
M11/1,GIK17050-1,55.47,-27.8883,12/10/1989,-2795,3.75,0,3.5,0,0,0,0,0,0,0,0,0,0,0,0,0,0,0,94.3,2,0,0.2,0.2,0,0,0,0,0,0,0,0,0,0,0,0,0,0,0,2
M11/1,GIK17050-1,55.47,-27.8883,12/10/1989,-2795,3.85,0.3,3.9,0,0,0,0,0,0,0,0,0.4,0,0,0,0,0,0,87.3,2.5,3.7,1.6,5.4,0,0,0,0,0,0.2,0,0,0,0,0,0,0,0,0,2.5
M11/1,GIK17050-1,55.47,-27.8883,12/10/1989,-2795,3.95,0,15.4,0,0,0,0,0,0,0,0,0.8,0,0.2,0.4,0,0,0,72.6,4.9,4,1.5,5.5,0,0,0,0,0,0.4,0,0,0,0,0,0,0,0,0,4.9
M11/1,GIK17051-3,56.1633,-31.99,13/10/1989,-2295,2,0,1.3,0,0,0,0,0,0,0,0,0.4,0,0,0.5,0,0,0,94.1,1.1,0,2.6,2.6,0,0,0,0,0,0,0,0,0,0,0,0,0,0,0,1.1
M11/1,GIK17051-3,56.1633,-31.99,13/10/1989,-2295,2.1,0,0.7,0,0,0,0,0,0,0,0,1.4,0,0,0,0,0,0,91.9,1.9,0,4.2,4.2,0,0,0,0,0,0,0,0,0,0,0,0,0,0,0,1.9
M11/1,GIK17055-1,48.215,-27.0567,17/10/1989,-2558,0.7,0,0.2,0,0,0,0,0,0,0,0,0,0,0,0,0,0,0,97.5,0.9,0.5,0.8,1.3,0,0,0,0,0,0.1,0,0,0,0,0,0,0,0,0,0.9
M13/2,GIK17724-2,76,8.3333,07/08/1990,-2354,0.57,0,0.2,0,0,0,0,0,0,0,0,0,0,0,0,0,0,0,97,2.8,0,0,0,0,0,0,0,0,0,0,0,0,0,0,0,0,0,0,2.8
M13/2,GIK17724-2,76,8.3333,07/08/1990,-2354,0.58,0,0,0,0,0,0,0,0,0,0,0,0,0,0,0,0,0,97.2,2.8,0,0,0,0,0,0,0,0,0,0,0,0,0,0,0,0,0,0,2.8
M13/2,GIK17725-1,77.46,4.58,08/08/1990,-2577,0.25,0,0.6,0,0,0,0,0,0,0,0,0,0,0,0,0,0,0,95.7,3.5,0,0,0,0,0,0,0,0,0,0,0,0,0,0,0.2,0,0,0,3.5
M13/2,GIK17730-4,72.1117,7.3883,11/08/1990,-2749,1.33,0,0.3,0,0,0,0,0,0,0,0,0.6,0,0,0,0,0,0,96.3,2.8,0,0,0,0,0,0,0,0,0,0,0,0,0,0,0,0,0,0,2.8
M13/2,GIK17730-4,72.1117,7.3883,11/08/1990,-2749,1.4,0,0,0,0,0,0,0,0,0,0,0.4,0,0,0,0,0,0,97.6,1.9,0,0,0,0,0,0,0,0,0,0,0,0,0,0,0,0,0,0,1.9
M13/2,GIK17730-4,72.1117,7.3883,11/08/1990,-2749,1.45,0,1.2,0,0,0,0,0,0,0,0,0.4,0,0,0,0,0,0,96.9,1.4,0,0,0,0,0,0,0,0,0,0,0,0,0,0,0,0.2,0,0,1.4
M17/2,GIK23419-8,54.9617,-19.755,28/08/1991,-1487,0.4,0,3.5,0,0,0,0,0,0,0,0,3.4,0,0,0.1,0,0,0,86.5,4.4,0,1.6,1.6,0,0,0,0,0,0.5,0,0,0,0,0,0,0,0,2.2,2.3
M2/2,GIK23056-2,68.5017,3.8383,05/07/1986,-2665,0.3,0,0.2,0,0,0,0,0,0,0,0,0.5,0,0,0,0,0,0,94.2,0.7,0,4.1,4.1,0,0,0,0,0,0,0,0,0,0,0,0,0.2,0,0,0.7
M2/2,GIK23056-2,68.5017,3.8383,05/07/1986,-2665,0.35,0,0,0,0,0,0,0,0,0,0,0,0,0,0,0,0,0,96.5,1.6,0,1.9,1.9,0,0,0,0,0,0,0,0,0,0,0,0,0,0,0,1.6
M2/2,GIK23065-2,68.495,0.8317,09/07/1986,-2804,0.3,0,1.9,0,0,0,0,0,0,0,0,0.2,0,0,0,0,0,0,90.8,2.4,3,1.7,4.7,0,0,0,0,0,0,0,0,0,0,0,0,0,0,0,2.4
M2/2,GIK23065-2,68.495,0.8317,09/07/1986,-2804,0.3,0,1.9,0,0,0,0,0,0,0,0,0.2,0,0,0,0,0,0,90.8,2.4,3,1.7,4.7,0,0,0,0,0,0,0,0,0,0,0,0,0,0,0,2.4
M2/2,GIK23065-2,68.495,0.8317,09/07/1986,-2804,0.32,0,0.3,0,0,0,0,0,0,0,0,0,0,0,0,0,0,0,98.1,1.7,0,0,0,0,0,0,0,0,0,0,0,0,0,0,0,0,0,0,1.7
M2/2,GIK23065-2,68.495,0.8317,09/07/1986,-2804,0.32,0,0.3,0,0,0,0,0,0,0,0,0,0,0,0,0,0,0,98.1,1.7,0,0,0,0,0,0,0,0,0,0,0,0,0,0,0,0,0,0,1.7
M2/2,GIK23065-2,68.495,0.8317,09/07/1986,-2804,0.34,0,0,0,0,0,0,0,0,0,0,0.1,0,0,0,0,0,0,97.4,2.5,0,0,0,0,0,0,0,0,0,0,0,0,0,0,0,0,0,0,2.5
M2/2,GIK23065-2,68.495,0.8317,09/07/1986,-2804,0.34,0,0,0,0,0,0,0,0,0,0,0.1,0,0,0,0,0,0,97.4,2.5,0,0,0,0,0,0,0,0,0,0,0,0,0,0,0,0,0,0,2.5
M2/2,GIK23071-3,67.085,2.9083,12/07/1986,-1308,1.06,0,0,0,0,0,0,0,0,0,0,0,0,0,0,0,0,0,98.4,1.6,0,0,0,0,0,0,0,0,0,0,0,0,0,0,0,0,0,0,1.6
M2/2,GIK23071-3,67.085,2.9083,12/07/1986,-1308,1.15,0,0,0,0,0,0,0,0,0,0,0,0,0,0,0,0,0,97.9,2.1,0,0,0,0,0,0,0,0,0,0,0,0,0,0,0,0,0,0,2.1
M2/2,GIK23071-3,67.085,2.9083,12/07/1986,-1308,1.18,0,0,0,0,0,0,0,0,0,0,0,0,0,0,0,0,0,96.7,3.3,0,0,0,0,0,0,0,0,0,0,0,0,0,0,0,0,0,0,3.3
M2/2,GIK23071-3,67.085,2.9083,12/07/1986,-1308,1.2,0,0,0,0,0,0,0,0,0,0,0,0,0,0,0,0,0,98.5,1.5,0,0,0,0,0,0,0,0,0,0,0,0,0,0,0,0,0,0,1.5
M2/2,GIK23071-3,67.085,2.9083,12/07/1986,-1308,1.29,0,0,0,0,0,0,0,0,0,0,0,0,0,0,0,0,0,96.8,3.2,0,0,0,0,0,0,0,0,0,0,0,0,0,0,0,0,0,0,3.2
M2/2,GIK23074-1,66.6667,4.905,13/07/1986,-1157,1.52,0,0,0,0,0,0,0,0,0,0,0.6,0,0,0,0,0,0,97.5,1.9,0,0,0,0,0,0,0,0,0,0,0,0,0,0,0,0,0,0,0
M2/2,GIK23074-1,66.6667,4.905,13/07/1986,-1157,1.56,0,0,0,0,0,0,0,0,0,0,1.3,0,0,0,0,0,0,97.8,0.9,0,0,0,0,0,0,0,0,0,0,0,0,0,0,0,0,0,0,0
M2/2,GIK23074-1,66.6667,4.905,13/07/1986,-1157,1.61,0,0,0,0,0,0,0,0,0,0,1.2,0,0,0,0,0,0,98,0.8,0,0,0,0,0,0,0,0,0,0,0,0,0,0,0,0,0,0,0
M2/2,GIK23074-1,66.6667,4.905,13/07/1986,-1157,1.66,0,0,0,0,0,0,0,0,0,0,1,0,0,0,0,0,0,98,1,0,0,0,0,0,0,0,0,0,0,0,0,0,0,0,0,0,0,0
M2/2,GIK23074-1,66.6667,4.905,13/07/1986,-1157,1.71,0,0,0,0,0,0,0,0,0,0,2.2,0,0,0,0,0,0,97.2,0.6,0,0,0,0,0,0,0,0,0,0,0,0,0,0,0,0,0,0,0
M2/2,GIK23074-1,66.6667,4.905,13/07/1986,-1157,1.76,0,0,0,0,0,0,0,0,0,0,0,0,0,0,0,0,0,95.8,4.2,0,0,0,0,0,0,0,0,0,0,0,0,0,0,0,0,0,0,0
M2/2,GIK23074-1,66.6667,4.905,13/07/1986,-1157,1.81,0,0,0,0,0,0,0,0,0,0,2.3,0,0,0,0,0,0,96.6,1.1,0,0,0,0,0,0,0,0,0,0,0,0,0,0,0,0,0,0,0
M2/2,GIK23074-1,66.6667,4.905,13/07/1986,-1157,1.85,0,0,0,0,0,0,0,0,0,0,2.6,0,0,0,0,0,0,96.5,0.9,0,0,0,0,0,0,0,0,0,0,0,0,0,0,0,0,0,0,0
M2/2,GIK23074-1,66.6667,4.905,13/07/1986,-1157,1.91,0,0,0,0,0,0,0,0,0,0,0.9,0,0,0,0,0,0,97.4,1.8,0,0,0,0,0,0,0,0,0,0,0,0,0,0,0,0,0,0,0
M2/2,GIK23074-1,66.6667,4.905,13/07/1986,-1157,1.96,0,0,0,0,0,0,0,0,0,0,1.6,0,0,0,0,0,0,96,2.4,0,0,0,0,0,0,0,0,0,0,0,0,0,0,0,0,0,0,0
M2/2,GIK23074-1,66.6667,4.905,13/07/1986,-1157,2.01,0,0,0,0,0,0,0,0,0,0,2.8,0,0,0,0,0,0,95.3,1.9,0,0,0,0,0,0,0,0,0,0,0,0,0,0,0,0,0,0,0
M2/2,GIK23074-1,66.6667,4.905,13/07/1986,-1157,2.06,0,0,0,0,0,0,0,0,0,0,1.3,0,0,0,0,0,0,97.5,1.3,0,0,0,0,0,0,0,0,0,0,0,0,0,0,0,0,0,0,0
M2/2,GIK23074-1,66.6667,4.905,13/07/1986,-1157,2.1,0,0,0,0,0,0,0,0,0,0,1.7,0,0,0,0,0,0,96.1,1.8,0,0.4,0.4,0,0,0,0,0,0,0,0,0,0,0,0,0,0,0,1.8
M25,GIK12309-2,26.8383,-15.11,31/10/1971,-2820,1.5,0.5,29,0,0,0,0,0,0,15,0,5,0,0.5,2.2,0,0,0,0,28.2,0,12.5,12.5,0,1.9,0,0,0,1.6,0.2,0,0,0,0,2.2,0,0,0,28.2
M25,GIK12309-2,26.8383,-15.11,31/10/1971,-2820,1.62,0.8,28.9,0,0,0,0,0,0.3,18.2,0,6.2,0,0,4.2,0,0,0,0,31.6,0,2.6,2.6,0,2.4,0,0,0,1.7,0.3,0,0,0,0,0.5,0.1,0,0,31.6
M25,GIK12309-2,26.8383,-15.11,31/10/1971,-2820,1.73,0.7,36.4,0,0,0,0,0,0,14.3,0,3.9,0,0,5.1,0,0,0,0,26,0,4.5,4.5,0,4.1,0,0,0,1.5,0,0,0,0,0,1.7,0.1,0,0,26
M25,GIK12310-4,23.4983,-18.7167,02/11/1971,-3080,0.96,0.9,34,0,0,0,0.2,0,0.5,10,0,5.7,0,0.1,9.3,0,0,0,0,31.9,0,1.8,1.8,0.1,3.1,0,0.2,0,0.5,0.5,0,0.1,0.1,0,0.7,0,0,0,31.9
M25,GIK12328-5,21.145,-18.5733,08/11/1971,-2778,1.7,0,41.3,0,0,0,0,0,0,19.7,0,3,0,0,6.2,0,0,0,0,25.1,0,1.1,1.1,0,1.7,0,0.1,0.1,0.3,0,0,0,0.3,0,0.6,0,0,0,25.1
M25,GIK12328-5,21.145,-18.5733,08/11/1971,-2778,1.8,0.7,42,0,0,0,0,0,0,15.9,0,4.3,0,0,3.5,0,0,0,0,25.9,0,2.6,2.6,0.1,2.9,0,0,0,0.5,0,0,0,0.1,0,0.7,0.1,0,0,25.9
M25,GIK12328-5,21.145,-18.5733,08/11/1971,-2778,1.9,0,31.9,0,0,0,0,0,0,21.5,0,5.9,0,0,7.9,0,0,0,0,20.4,0,9.3,9.3,0,1.7,0,0,0,0,0.3,0,0,0,0,0.6,0,0,0,20.4
M25,GIK12328-5,21.145,-18.5733,08/11/1971,-2778,2,0.4,29.4,0,0,0,0,0,0,24.4,0,0.8,0,0,10.9,0,0,0,0,24.4,0,1.8,1.8,0,6,0,0,0,0.2,0.2,0,0,0.2,0,0.4,0.2,0,0,24.4
M25,GIK12329-6,19.3667,-19.93,09/11/1971,-3320,0.42,1.3,28.6,0,0,0,0.5,0,0,25.5,0.1,3,0.2,0,11.2,0,0,0,0.7,23.3,0,1.2,1.2,0.3,2.8,0,0.2,0,0,0,0,0,0.4,0,0.6,0,0,2.7,20.6
M25,GIK12329-6,19.3667,-19.93,09/11/1971,-3320,0.49,2.1,25.2,0,0,0,1.4,0,0,16.9,0.3,4,0.4,0,11.9,0,0,0,0.2,30.8,0,0.5,0.5,0.4,3.8,0.2,0.5,0.1,0,0,0,0,0.1,0,1,0,0,9.4,21.4
M25,GIK12337-5,15.9533,-18.1333,14/11/1971,-3082,1.6,1.6,44.5,0,0,0,0.4,0,0,7.1,1.8,6.5,0,0,7.9,0,0,0,0.4,15.2,0,0.6,0.6,2,6.9,0.4,2.2,0.2,0.8,0.2,0,0,0.2,0,0.8,0,0,8.7,6.5
M25,GIK12345-5,15.48,-17.36,17/11/1971,-945,4.2,2.3,18,0,0,0,0.1,0,0.4,10.4,0.6,3.5,0.6,0,21.2,0,0,0,0,23,0,1,1,7.5,7.1,1.2,1.7,0.6,0,0,0,0,0,0,0.8,0,0,1.3,21.7
M25,GIK12345-5,15.48,-17.36,17/11/1971,-945,4.3,0.6,18.9,0.6,0,0,0,0,0,10.6,0,1.3,0,0,21.3,0,0,0,0,29.6,0,1.1,1.1,7.3,2.9,1.4,3,0,1.3,0,0,0,0,0,0.2,0,0,0.5,29.1
M25,GIK12345-5,15.48,-17.36,17/11/1971,-945,4.4,1.3,20.9,0,0,0,0.5,0,0.1,8.2,0.2,1.5,0.6,0,19.2,0,0,0,0,28.1,0,1,1,10.8,2.8,1.7,1.6,0.1,0.9,0,0,0,0,0,0.3,0,0,4.5,23.6
M25,GIK12345-5,15.48,-17.36,17/11/1971,-945,4.5,0,20,0.1,0,0,0.5,0,0.8,16.6,0,2.3,0,0,17.7,0,0,0,0.2,21.4,0,1.5,1.5,7.1,5.8,1.3,2.1,0.4,1.1,0.4,0,0,0,0,0.7,0,0,1.3,20.1
M25,GIK12345-5,15.48,-17.36,17/11/1971,-945,4.6,0.8,22.8,0,0,0,0.2,0,0.2,16.3,0.6,3,0.6,0,21.5,0,0,0,0,18.1,0,2,2,4.9,4.2,0.9,1.4,0.6,1.4,0,0,0,0,0,0.5,0,0,2.4,15.7
M25,GIK12345-5,15.48,-17.36,17/11/1971,-945,4.7,1.5,30.2,0.5,0,0,0.1,0,0.1,18,0,2,0,0,19.2,0,0,0,0,11.9,0,0.9,0.9,4,4.5,0.6,2.2,0.2,2.9,0.1,0,0,0,0.6,0.4,0,0.6,0,11.9
M25,GIK12347-2,15.825,-17.8617,17/11/1971,-2576,2.9,4.6,16.9,0,0,0.1,1.7,0,0.4,8.1,4.5,7.3,0.4,0,5.9,0,0,0,0.3,27.2,0,3.1,3.1,5.3,5,2.2,2.6,0.8,0.1,0.6,0,0,0,0,2.8,0,0,5.9,21.3
M25,GIK12347-2,15.825,-17.8617,17/11/1971,-2576,3,1.1,21.8,0,0,0,2.3,0,0.3,7.5,0.9,2.4,0.6,0,16.2,0,0,0,1,31.7,0,1.2,1.2,3.9,5.6,0.9,1.2,0.4,0.4,0,0,0,0.1,0,0.5,0,0,6,25.7
M25,GIK12347-2,15.825,-17.8617,17/11/1971,-2576,3.1,0.7,21.9,0,0,0,1.6,0,0,9.9,0.3,3.1,0.8,0,16.9,0,0,0,0.4,32.4,0,1.5,1.5,4.4,2.9,0.9,0.6,0.4,0,0.1,0,0,0,0,1,0,0,5,27.4
M25,GIK12379-1,23.135,-17.745,30/11/1971,-2066,1.38,0.9,29.1,0,0,0,0,0,0,12.4,0,2.7,0,0,22.6,0,0,0,0,24.5,0,2.1,2.1,0,1.1,0,0,0,0,0,0,0,2,0,1.7,0,0,0,24.5
M25,GIK12379-1,23.135,-17.745,30/11/1971,-2066,1.48,1,31.9,0,0,0,0,0,0,14.2,0,2.9,0,0,15,0,0,0,0,24.7,0,2.5,2.5,0.3,2,0,0.4,0.1,0.3,0,0,0,1.7,0,2.3,0,0,0,24.7
M25,GIK12379-1,23.135,-17.745,30/11/1971,-2066,1.57,1.2,39,0,0,0,0.1,0.2,0.1,7.7,0,4.1,0,0,12.7,0,0,0,0,27.4,0,3.6,3.6,0.1,0.5,0,0.2,0.1,0,0.1,0,0,1.2,0,0.9,0,0,0,27.4
M25,GIK12392-1,25.1717,-16.845,03/12/1971,-2575,1.02,0.6,30.1,0,0,0,0,0,0,10.8,0,2.7,0,0,4.2,0,0,0.1,0,40.9,0,0,5.4,0,1.1,0.1,0,0,0.9,0,0,0,0.8,0,0,0,0,0,40.9
M25,GIK12392-1,25.1717,-16.845,03/12/1971,-2575,1.12,0.7,36.9,0,0,0,0,0,0,10.8,0,2.2,0,0,4.3,0,0,0,0,37.6,0,0,4.7,0,0.7,0,0,0,0.7,0,0,0,0.3,0,0,0,0,0,37.6
M25,GIK12392-1,25.1717,-16.845,03/12/1971,-2575,1.23,1,34.7,0,0,0,0,0,0,14.5,0,2.5,0.1,0,4,0,0,0,0,35.2,0,0,3.7,0,1.7,0.2,0.1,0,0.7,0.1,0,0,0.5,0,0,0,0,0,35.2
M25,GIK12392-1,25.1717,-16.845,03/12/1971,-2575,1.32,0.2,46.5,0,0,0,0,0,0.1,10.5,0,0.5,0,0,4.6,0,0,0,0,30.2,0,3.2,3.2,0,1.8,0,0.2,0.1,0.8,0,0,0,0.2,0,0.2,0,0,0,30.2
M25,GIK12392-1,25.1717,-16.845,03/12/1971,-2575,1.43,0.4,37.8,0,0,0,0,0,0,12.2,0,2,0,0,7.1,0,0,0,0,33.9,0,3.5,3.5,0,1.4,0.2,0,0,0.3,0.1,0,0,0.1,0,0.1,0,0,0,33.9
M35/1,M35003-4,12.09,-61.2433,19/04/1996,-1299,3,15.4,6.7,0,0,0.7,2.1,0,0.8,1.5,0.8,10.3,0,0,0.4,0,0,0,0,0,0,0,0,7,24.8,9.3,10.5,2.1,2.5,0,0,2.6,2.6,0,0.6,0,0,0,0
M35/1,M35003-4,12.09,-61.2433,19/04/1996,-1299,3.05,8.8,10.5,0.7,0,1.1,2.4,0,0,2.4,1.8,10,0,0,0.3,0,0,0,2.8,0.7,0,0,0,6.9,26.4,4.2,11.5,4,1.8,0.6,0.2,2.9,3.1,0,0.1,0,0,0.2,0.6
M35/1,M35003-4,12.09,-61.2433,19/04/1996,-1299,3.1,7.7,11.2,0.3,0,0.5,1.8,0,0,3.6,0.5,19.5,0.5,0,0.5,1.6,0,0,0.5,0,0,0,0,11.1,27.2,0.5,7,3,2.1,0,0,0.8,0.8,0,0,0,1.6,0,0
M35/1,M35003-4,12.09,-61.2433,19/04/1996,-1299,3.15,3.6,7.9,1.4,0,1.3,2.2,0,0,4.5,2.6,10.3,0,0,0,0,0,0,2.1,0.4,0,0,0,10,30.7,4.4,9.4,4.8,0.8,0.8,0,1.8,1.8,0,0.5,0,0,0,0.4
M35/1,M35003-4,12.09,-61.2433,19/04/1996,-1299,3.2,6.1,9.4,2.7,0,1.1,2.6,0,0.1,3.6,1.4,15.4,0.2,0,0.5,0,0,0,3.6,0.3,0,0,0,14.4,19.5,2.7,5.9,4.2,2.3,0.5,0.1,1.6,1.7,0,0.1,0,0,0.1,0.2
M35/1,M35003-4,12.09,-61.2433,19/04/1996,-1299,3.3,5.4,9.8,2.5,0,1.1,4.9,0,0.3,5.8,0.9,5.8,0,0,0,0,0,0,2.2,0.8,0,0,0,15.8,25,2.4,6.8,4.5,2.2,1.8,0,1.8,1.8,0,0,0,0,0.5,0.3
M35/1,M35003-4,12.09,-61.2433,19/04/1996,-1299,3.4,6.2,6.8,0.6,0,0.6,4,0,0,5.3,1.5,7.1,0,0,0.6,0,0.3,0,4.3,2.5,0,0,0.3,13.9,24.5,3.1,11.8,4.3,0.3,0,0,1.2,1.2,0,0.6,0,0,1.9,0.6
M35/1,M35027-1,17.6483,-67.1667,04/05/1996,-1814,0.47,8.1,8.1,8.4,0.5,1.2,0.4,0,0,1.4,0.5,13.7,0,0.5,0.3,0.3,0,0.1,0.5,0,0,0,0,9.8,28.6,5.8,10.6,3.5,1.1,2.1,0,0.2,0.2,0,0.9,0,0.3,0,0
M35/1,M35027-1,17.6483,-67.1667,04/05/1996,-1814,0.5,2.5,2.5,3.4,6.1,0.3,0.5,0,0,4.2,0,23.2,0,0,0.5,0,0.1,0,0,0.1,0,0,0,11.8,28.1,11.1,3,1.3,0,1,0,0.2,0.2,0,0.4,0,0,0.1,0
M35/1,M35027-1,17.6483,-67.1667,04/05/1996,-1814,0.53,7,7,3.4,0.5,0.5,0.8,0,1,2,1,15,0,0,0.2,0,0,0,1.5,0,0,0,0,12.8,32.1,2.6,8.2,2.9,1,1.5,0,1.7,1.7,0,1.3,0,0,0,0
M35/1,M35027-1,17.6483,-67.1667,04/05/1996,-1814,0.55,7.5,7.5,4.9,0.8,2.3,1,0,0,2.9,0,17,0,0,0.6,0.8,0,0.1,0.8,0.9,0,0,0,10.3,30.1,2.3,9.9,2.3,0.8,3.8,0.1,0.3,0.4,0,0.5,0,0.8,0,0.9
M35/1,M35027-1,17.6483,-67.1667,04/05/1996,-1814,0.57,7.1,7.1,6.4,0,2.3,0.1,0,0.9,2.1,0.9,17.7,0,0,0.7,0.1,0,0,1.8,0.2,0,0,0,8.9,27.2,4.4,6.4,2.3,4.4,3.5,0,1,1,0,0.7,0,0.1,0.2,0
M39,GIK13521-1,3.02,-22.0317,01/01/1975,-4504,0.36,2.6,2.6,0,0,0.2,4.3,0.1,0,22,0,1.3,0,0,3.8,2.7,0,4,0.4,8.1,0,0,0,0,17.1,0,15.9,10.1,0,0.4,0,0,3.4,0.8,0.1,0,3.5,1.7,6.4
M39,GIK13521-1,3.02,-22.0317,01/01/1975,-4504,0.39,0.2,3.9,0,0,1.2,3.7,0,0.2,34.4,0,1.3,0,0,10.8,0,0,0,0,20.4,0,0,0,0,5,0,6.9,4.2,0,0,0,0,7.1,0,0.6,0,0,0.4,20
M39,GIK13521-1,3.02,-22.0317,01/01/1975,-4504,0.42,0.3,1.2,0,0,0.4,4.4,0,0.9,43,0,0.6,0,0,12.8,0,0,0,0,21.8,0,0,0,0,3.1,0,4,1.3,0,0,0,0,5.9,0,0.1,0,0,0.6,21.2
M51,GIK13519-1,5.67,-19.8517,01/03/1979,-2862,0.27,3.5,9.6,0.2,0,0.2,1.6,0,0.8,4.3,0.6,9.1,0,0,2,0,0.2,0.2,0.2,4.9,0,0.2,0.2,3.1,33.9,1.2,11.2,7.1,3.1,0.8,0,0,1.2,0,0.8,0,0,0.6,4.3
M51,GIK13519-1,5.67,-19.8517,01/03/1979,-2862,0.3,2.2,9,1.2,0,0.5,2.2,0,1.2,7.3,0.5,9.5,0,0,2.7,0,0.2,0,0.2,5.2,0,0,0,2.9,33,1.2,8.8,5.1,3.9,1.5,0,0,0.7,0,1,0,0,0.5,4.7
M53,GIK15627-3,29.1667,-12.0867,07/03/1980,-1024,0.2,0.5,36.2,0.9,0,0,0,0,0.7,14.6,0.2,4.8,0,0,5.6,0,0,0,0.3,23.8,0,3.8,3.8,0,2.3,0,0,0,4.3,0.2,0,0,1.4,0,0.4,0,0,3.6,20.2
M53,GIK15627-3,29.1667,-12.0867,07/03/1980,-1024,0.23,0.8,36.3,1.3,0,0.3,0.8,0,0,4.2,1.6,6.3,3.1,2.1,8.6,0,0,0,0,0.5,0,1,1,2.6,7.6,0,6,2.1,2.1,1,0,0,11,0,0.8,0,0,0.5,0
M53,GIK15627-3,29.1667,-12.0867,07/03/1980,-1024,0.24,1.8,40.4,0.1,0,0.2,0,0,0,7,0.2,6.8,0,0,4.4,0,0,0,0.6,27.3,0,1.6,1.6,0,6.5,0,0,0,1.2,0.4,0,0,1,0,0.7,0,0,1,26.3
M53,GIK15627-3,29.1667,-12.0867,07/03/1980,-1024,0.3,0.9,38.5,0.2,0,0,0.1,0,0.2,13.8,0.4,7.5,0,0,5.6,0,0,0,0.2,16.8,0,6,6,0,3.5,0,0,0,3.2,0.9,0,0,1.5,0,0.5,0,0,1.5,15.3
M53,GIK15637-1,27.005,-18.9867,10/03/1980,-3849,0.5,3.1,13.6,1.7,0.2,0,0,0,0.4,12.6,5.3,5.9,0,0,12.6,0,0,0,1,24.8,0,1.8,1.8,0,7.1,0,0.5,0.1,2.2,0.4,0.3,4.2,4.5,0,2.1,0,0,1.6,23.1
M53,GIK15637-1,27.005,-18.9867,10/03/1980,-3849,0.51,4.2,18.8,2.7,0,0,0.2,0,1.3,15.1,3.7,5,0,0.3,10.9,0,0,0,0.3,18.8,0,0.3,0.3,0,6.2,0,0.2,0.2,2.3,0,0.4,6.6,7,0,2,0,0,4.3,14.5
M53,GIK15637-1,27.005,-18.9867,10/03/1980,-3849,0.52,2.5,16.1,0.8,0,0,0,0,0.2,22.5,3.5,4.8,0,0,8.9,0,0,0,0.4,22.7,0,0,0,0,7.8,0.4,0,0,3.5,0.4,0,3.3,3.3,0,1.8,0,0,5.2,17.5
M53,GIK15637-1,27.005,-18.9867,10/03/1980,-3849,0.54,3.1,12.2,2,0.2,0,0,0,0.2,19,4.8,7.4,0,0.4,14,0,0,0,0.2,16.4,0,0.9,0.9,0,7.9,0.2,0.4,0,2.6,0.7,0.2,4.8,5,0,1.9,0,0,2.8,13.5
M53,GIK15637-1,27.005,-18.9867,10/03/1980,-3849,0.56,3.6,15.7,2.3,0.4,0,0,0,1.4,18.2,7.4,4.9,0,0,9.1,0,0,0,0.4,20,0,1.1,1.1,0.2,7.4,0,0,0.2,0.4,0,0,5.7,5.7,0,1.3,0,0,4.7,15.4
M53,GIK15669-1,34.8917,-7.815,21/03/1980,-2022,0.65,3,23.5,1.8,0,0,0,0,0,6.4,3.4,7.5,0,0.5,10.3,0,0,0,0.5,21.4,0,4.7,4.7,0,1.2,0,0,0,12,0,0.1,2.2,2.3,0,1.3,0,0,1.4,20.1
M53,GIK15669-1,34.8917,-7.815,21/03/1980,-2022,0.7,3.2,19.2,1.6,0,0.2,0,0,0.6,7.3,0.6,13.2,0,0,14.3,0,0,0,0,24.9,0,1.2,1.2,0,2.3,0,0,0,7,0.6,0,2.1,2.1,0,1.8,0,0,0.9,24.1
M53,GIK15669-1,34.8917,-7.815,21/03/1980,-2022,0.75,5.2,26.4,1.3,0,0.4,0.2,0,0.6,9.2,0.3,10.2,0,0,17.2,0,0,0,0.3,10.4,0,0.6,0.6,0,4.1,0,0,0,8,0.6,0.1,2.4,2.5,0,2.3,0,0,0.9,9.5
M53,GIK15669-1,34.8917,-7.815,21/03/1980,-2022,0.8,5,12.7,1.8,0,0.1,0.2,0,0.3,18.1,0.5,7,0,0,17.6,0,0,0,0.2,12.4,0,1,1,0,9.3,0,0,0,8.6,0,0.4,2.8,3.1,0,2,0,0,0.1,12.3
M53,GIK15669-1,34.8917,-7.815,21/03/1980,-2022,0.85,3.8,17,2.8,0,0.1,0.1,0,0,7.7,2.3,7.2,0,0,21.3,0,0,0,0.1,9.9,0,1.5,1.5,0,12.7,0,0.1,0,9.6,1,0.1,1.6,1.6,0,0.9,0,0,1.7,8.2
M57,GIK15612-2,44.36,-26.5433,20/08/1981,-3050,0.51,0,7.3,0,0,0,0,0,0,0.2,0,1.3,0,0,1.2,0,0,0,73.7,7.3,0,7.6,7.6,0,0.3,0,0,0,1.3,0,0,0,0,0,0,0,0,0.3,7
M57,GIK15612-2,44.36,-26.5433,20/08/1981,-3050,0.53,0,13.1,0,0,0,0,0,0,0,0.2,1.4,0,0,1.8,0,0,0,58.8,9.1,0,12.7,12.7,0,0.4,0,0,0,2.6,0,0,0,0,0,0,0,0,0.4,8.7
M57,GIK15612-2,44.36,-26.5433,20/08/1981,-3050,0.56,0.2,13.1,0,0,0,0,0,0,0.4,0.4,1,0,0,1.7,0,0,0,59.9,6.9,0,13.8,13.8,0,0.4,0,0,0,2.1,0,0,0,0,0,0,0,0,0.8,6.1
M57,GIK15612-2,44.36,-26.5433,20/08/1981,-3050,0.6,0,14.6,0,0,0,0,0,0,0,0.2,2.6,0,0,4,0,0,0,59,6.1,0,10.9,10.9,0,0.2,0,0,0,2.4,0,0,0,0,0,0,0,0,0.2,5.9
M57,GIK15612-2,44.36,-26.5433,20/08/1981,-3050,0.67,0,19.3,0,0,0,0,0,0,0.2,0,1.9,0,0,2.1,0,0,0,50.3,6.7,0,16.4,16.4,0,0.2,0,0,0,2.9,0,0,0,0,0,0,0,0,1.3,5.4
M6/5,GIK16772-2,-1.35,-11.9617,21/01/1988,-3912,0.2,3.9,4,0.9,0,0.2,2.9,0,0.6,31.4,0.6,7.1,0,0,3.3,0.4,0.1,0.5,0,7.5,0,0,0,4.7,10.8,0.6,5.3,7.8,1.6,0.4,0,4.3,4.3,0,1.2,0,0.4,4.1,3.4
M6/5,GIK16772-2,-1.35,-11.9617,21/01/1988,-3912,0.3,3.1,8,0.3,0,0,3.6,0,0,23.6,0.3,3.1,0,0,36.2,0,0,0,0.3,7.4,0,0,0,2.6,3.8,1,1.7,1,0,0,0,3,3,0,0.6,0,0,4.9,2.5
M6/5,GIK16776-1,3.735,-11.3983,25/01/1988,-4242,0.4,0.4,5.2,0.4,0,2.2,3,0,0.4,40.3,0,1.7,0,0,13,0,0,0,0,1.3,0,0,0,3.9,5.6,0,15.6,2.6,0,0,0,0,0,0,4.3,0,0,0.4,0.9
M6/5,GIK16776-1,3.735,-11.3983,25/01/1988,-4242,0.5,2,3.9,0,0,1.1,2.8,0,1.2,27.8,0.2,5.7,0,0,11.6,0.4,0.6,0,0,0,0,0,0,9,15.2,1.8,9.6,4.6,0.8,0,0,0,0,0,1.4,0,0.4,0,0
M6/5,GIK16867-2,-2.2017,5.1017,10/02/1988,-3891,0.55,2.6,10.4,0.5,0,0,6.1,0,0,19.7,0,2.8,0,0,18,0.7,0,0.2,0.3,7.4,0,0.3,0.3,12.5,9.2,0.3,3.5,0.9,0.5,0.3,0,0,0,0,3.7,0,0.7,1.6,5.8
M60,GIK16017-2,21.245,-17.8033,22/01/1982,-812,2.4,0.6,41.2,0.2,0,0,0,0,0,5.9,0,1.8,0,0,15.7,0,0,0,0.4,30.6,0,0.4,0.4,0,1.7,0,0.1,0,0,0.4,0,0,0.4,0,0.6,0,0,1.2,29.4
M60,GIK16017-2,21.245,-17.8033,22/01/1982,-812,2.45,0.5,45.2,0.5,0,0,0,0,0,8.6,0.4,1.6,0,0,16.5,0,0,0,0,23.3,0,0,0,0.2,1.9,0,0.6,0,0.4,0,0,0,0,0,0.3,0,0,1.3,22
M60,GIK16017-2,21.245,-17.8033,22/01/1982,-812,2.5,1,49.8,0.2,0,0,0.1,0,0.4,8.8,0,0.9,0,0,17.4,0,0,0,0.2,15.4,0,0,0,0.6,2.9,0,1.2,0.1,0.1,0,0,0,0.1,0,0.3,0,0,0.2,15.2
M60,GIK16017-2,21.245,-17.8033,22/01/1982,-812,2.55,0.9,40.9,0.1,0,0,0,0,0,6.2,0,1.9,0,0,15.4,0,0,0,0.2,31.9,0,0,0,0.3,1.9,0,0,0,0,0,0,0,0,0,0.2,0,0,0.9,31
M60,GIK16017-2,21.245,-17.8033,22/01/1982,-812,2.6,0.7,41.1,0.2,0,0,0.4,0,0,12.3,0.4,0.8,0,0,17.9,0,0,0,0,21.9,0,0.4,0.4,0.1,0.8,0,1.4,0,0.8,0.4,0,0,0.2,0,0.1,0,0,1.6,20.3
M60,GIK16017-2,21.245,-17.8033,22/01/1982,-812,2.65,0.5,46.9,0.3,0,0,0,0,0,11.3,0,1.6,0,0,13.1,0,0,0,0.3,21,0,0,0,1.2,2.4,0,0.6,0,0,0.3,0,0,0,0,0.5,0,0,1.1,19.9
M65,GIK16415-2,9.5667,-19.095,25/07/1983,-3845,0.35,0.3,10.3,0,0,0.3,9.4,0,0.1,17,0,0,0,0,9.7,0,0,4.5,0,16,0,0,0,0.6,20.3,0,4.7,3.1,0,1.1,0,0,0.3,0,2.4,0,0,0.4,15.6
M7/2,GIK23262-2,72.2252,14.4273,22/07/1988,-1130,2.25,0,2.1,0,0,0,0,0,0,0,0,0,0,0,0,0,0,0,95.5,2.4,0,0,0,0,0,0,0,0,0,0,0,0,0,0,0,0,0,0,2.4
M7/2,GIK23262-2,72.2252,14.4273,22/07/1988,-1130,2.6,0,0.2,0,0,0,0,0,0,0,0,0.2,0,0,0,0,0,0,95.1,4,0,0.5,0.5,0,0,0,0,0,0,0,0,0,0,0,0,0,0,0,4
M7/3,GIK23294-4,72.3797,-10.5923,05/08/1988,-2215,1.1,0,0,0,0,0,0,0,0,0,0,0,0,0,0,0,0,0,97.2,2.6,0,0.2,0.2,0,0,0,0,0,0,0,0,0,0,0,0,0,0,0,2.6
M7/3,GIK23294-4,72.3797,-10.5923,05/08/1988,-2215,1.2,0,0.4,0,0,0,0,0,0,0,0,0,0,0,0,0,0,0,96.8,2.8,0,0,0,0,0,0,0,0,0,0,0,0,0,0,0,0,0,0,2.8
M7/5,GIK23351-1,70.3622,-18.2053,16/09/1988,-1672,0.6,0,0.1,0,0,0,0,0,0,0,0,0.5,0,0,0,0,0,0,96.1,3.3,0,0,0,0,0,0,0,0,0,0,0,0,0,0,0,0,0,0,3.3
M7/5,GIK23354-6,70.3315,-10.6288,18/09/1988,-1747,0.8,0,0,0,0,0,0,0,0,0,0,0,0,0,0,0,0,0,97,3,0,0,0,0,0,0,0,0,0,0,0,0,0,0,0,0,0,0,3
ODEN-96,OD-041-04,84.0292,11.2383,17/09/1996,-3344,0.13,0,0.1,0,0,0,0,0,0,0,0,0.1,0,0,0,0,0,0,98.1,1.7,0.1,0,0.1,0,0,0,0,0,0,0,0,0,0,0,0,0,0,0,1.7
ODEN-96,OD-041-04,84.0292,11.2383,17/09/1996,-3344,0.14,0,0,0,0,0,0,0,0,0,0,0.7,0,0,0,0,0,0,96.2,3.1,0,0,0,0,0,0,0,0,0,0,0,0,0,0,0,0,0,0,3.1
ODEN-96,OD-041-04,84.0292,11.2383,17/09/1996,-3344,0.15,0,0.1,0,0,0,0,0,0,0,0,0.1,0,0,0,0,0,0,99.1,0.7,0,0,0,0,0,0,0,0,0,0,0,0,0,0,0,0,0,0,0.7
PALEOCINAT,SU90-39,52.5667,-21.94,01/01/1990,-3955,0.81,0,1.1,0,0,0,0,0,0,0,0,0.7,0,0,0,0,0,0,95.7,0.4,0,2.2,2.2,0,0,0,0,0,0,0,0,0,0,0,0,0,0,0,0.4
PALEOCINAT,SU90-39,52.5667,-21.94,01/01/1990,-3955,0.9,0,1.1,0,0,0,0,0,0,0,0,2.5,0,0,1.1,0,0,0,90.7,0.7,0,3.6,3.6,0,0,0,0,0,0.4,0,0,0,0,0,0,0,0,0,0.7
PALEOCINAT,SU90-I06,59.5217,-39.445,01/01/1990,-1315,0.19,0,0,0,0,0,0,0,0,0,0,0,0,0,0,0,0,0,98.6,1.1,0,0.2,0.2,0,0,0,0,0,0,0,0,0,0,0,0,0,0,0,1.1
PALEOCINAT,SU90-I06,59.5217,-39.445,01/01/1990,-1315,0.21,0,0,0,0,0,0,0,0,0.2,0,0,0,0,0,0,0,0,96.7,3.1,0,0,0,0,0,0,0,0,0,0,0,0,0,0,0,0,0,1.4,1.6
PALEOCINAT,SU90-I06,59.5217,-39.445,01/01/1990,-1315,0.23,0,0.5,0,0,0,0,0,0,0.4,0,0,0,0,0,0,0,0,98.2,0.9,0,0,0,0,0,0,0,0,0,0,0,0,0,0,0,0,0,0,0.9
POS158/2,GIK16396-1,61.8722,-11.2423,20/04/1989,-1145,1.98,0,0.2,0,0,0,0,0,0,0,0,2.4,0,0,0,0,0,0,92.6,3.1,0,1.2,1.2,0,0,0,0,0,0,0,0,0,0,0,0,0.6,0,0.5,2.6
POS175/2,POS175/2_1171,67.9593,-18.6117,01/01/1990,-935,0.35,0,0,0,0,0,0,0,0,0,0,0,0,0,0,0,0,0,97.8,2.1,0,0.1,0.1,0,0,0,0,0,0,0,0,0,0,0,0,0,0,0,2.1
POS210/2,GIK23519-5,64.7973,-29.5958,18/08/1995,-1893,0.58,0,0,0,0,0,0,0,0,0,0,0,0,0,0,0,0,0,99,1,0,0,0,0,0,0,0,0,0,0,0,0,0,0,0,0,0,0,1
POS210/2,GIK23519-5,64.7973,-29.5958,18/08/1995,-1893,0.88,0,0,0,0,0,0,0,0,0,0,0,0,0,0,0,0,0,98.8,0.8,0.2,0.2,0.4,0,0,0,0,0,0,0,0,0,0,0,0,0,0,0,0.8
POS210/2,GIK23519-5,64.7973,-29.5958,18/08/1995,-1893,0.98,0,0,0,0,0,0,0,0,0,0,0,0,0,0,0,0,0,97.9,1.4,0.7,0,0.7,0,0,0,0,0,0,0,0,0,0,0,0,0,0,0,1.4
RC11,RC11-86,-35.78,18.45,02/03/1967,-2829,0.4,0,11.9,2.8,0,0.3,0,0,0.3,0.7,0.7,3.1,0,0,13.6,0,0,0,1,62.9,0,0,1,0,0,0,0,0,0,0,0.7,0,0.7,0,0.7,0,0,26.9,36
RC11,RC11-86,-35.78,18.45,02/03/1967,-2829,0.5,0.7,12.2,1.7,0,0,1.4,0,0,3.7,0.3,2.7,0.7,0.3,15.6,0.7,0,0.3,1.7,54.2,0,0,0.3,0,0,0.7,0,0,0.7,0,1,0,1,0.3,0.7,0,0,16.6,37.6
RC12,RC12-267,-38.68,-25.78,15/01/1969,-4144,0.58,0,3,0,0,0,0,0,0,0,0,1.5,2.2,0,39.2,0,0,0,1.5,51.5,0.3,0,0.3,0,0,0,0,0,0,0,0.4,0.4,0.9,0,0,0,0,0,51.5
RC12,RC12-267,-38.68,-25.78,15/01/1969,-4144,0.73,0,3.3,0,0,0,1.2,0,0,0,0.2,2.9,2.4,0,35,0,0,0,12.6,30.8,0.5,0.3,0.9,0,0.2,0,0,0,0,0,10.4,0.2,10.6,0,0,0,0,0,30.8
RC12,RC12-294,-37.27,-10.1,18/02/1969,-3308,0.36,0.1,25.2,0.1,0,0.2,0,0,0.2,0.2,0.2,4.8,0.6,0.2,12.3,0,0,0,6,35.1,2.8,3,5.9,0,1,0,0.1,0,0.3,0.2,6.9,0.5,7.3,0,0.1,0,0,0.1,35
RC12,RC12-294,-37.27,-10.1,18/02/1969,-3308,0.4,0,35.4,0,0,0,0,0,0,0.3,0.8,4.7,0,0,10,0,0,0,5.3,28,0,0,9.8,0,0.8,0,0,0,0.3,0,4.5,0.3,4.7,0,0,0,0,7.9,20.1
RC12,RC12-294,-37.27,-10.1,18/02/1969,-3308,0.45,0,40.5,0,0,0,0,0,0,0,0.3,5.4,0.3,0,12.9,0,0,0,3.9,22.8,0,0,9.3,0,0.3,0,0,0,0.3,0,3.9,0,3.9,0,0,0,0,8.7,14.1
RC12,RC12-294,-37.27,-10.1,18/02/1969,-3308,0.46,0,36.4,0,0,0,0.3,0,0,0,0.2,3.2,1.2,0,10.8,0,0,0,8.3,33.6,2,1.9,3.9,0,0.4,0,0,0,0.2,0,1.5,0,1.5,0,0,0,0,0.2,33.5
RC12,RC12-294,-37.27,-10.1,18/02/1969,-3308,0.48,0,32.7,0,0,0,0.1,0,0,0,0.1,3.8,0,0.1,10.5,0,0,0,5,40.9,1.9,1.4,3.2,0,0.1,0,0,0,0.3,0,2.9,0.3,3.2,0,0,0,0,0.2,40.7
RC12,RC12-294,-37.27,-10.1,18/02/1969,-3308,0.5,0,35.8,0,0,0,0,0,0,0,2.9,3.2,0.9,0,13.4,0,0,0,3.2,27.3,0,0,7,0,0.6,0,0,0,0.3,0,5.5,0,5.5,0,0,0,0,5.8,21.5
RC12,RC12-294,-37.27,-10.1,18/02/1969,-3308,0.53,0,34.7,0,0,0,0.3,0,0,0.1,0.2,4,0.2,0,12.8,0,0,0,9.5,31.9,2.9,0.9,3.9,0,0.5,0,0,0,0,0,1.4,0,1.4,0,0.2,0.1,0,0.2,31.7
RC13,RC13-153,15.065,-75.95,06/07/1970,-3334,0.54,4.6,4.9,0.3,0,1.5,1.3,0,0,5.2,0.6,10,0.1,0,4.3,0.3,0,0.6,0.6,1,0,0,0,8.6,41.3,1.5,6.3,1.5,0,1.5,0.6,2,2.5,0,1.3,0,0.3,0.6,0.4
RC13,RC13-153,15.065,-75.95,06/07/1970,-3334,0.59,5.7,5.6,0.4,0,2.8,1.1,0,0,6.3,0.4,13.4,0,0.3,3.4,0,0,0.5,0,0.9,0,0.3,0.3,9.6,36.8,0.5,4.8,2.5,0.1,1.1,0.1,1.8,1.9,0,1.3,0,0,0.8,0.1
RC13,RC13-228,-22.33,11.198,08/10/1970,-3204,1.1,0,15.1,1.6,0,0,0,0,0,0,0,0.3,0,0,3.5,0,0,0,23.3,45.7,0,0,6.9,0,0,0,0,0,0.3,0,0,0,0,0,0.6,0,0,23.3,22.4
RC13,RC13-228,-22.33,11.198,08/10/1970,-3204,1.15,0.3,20.6,1,0,0,0,0,0.3,0,0,3.2,0,0,18.7,0,0,0,10,37.4,0,0,2.6,0,2.9,0,0.3,0.3,0,0.3,0.3,0,0.3,0,0,0,0,22.3,15.2
RC13,RC13-228,-22.33,11.198,08/10/1970,-3204,1.2,0,20.3,0.9,0,0,0,0,0,0,0.3,3.2,0.6,0,9.5,0,0,0,16,42.7,0,0,2.3,0,1.7,0,0,0,0,0,0,0,0,0,0.6,0,0,20.3,22.3
RC13,RC13-228,-22.33,11.198,08/10/1970,-3204,1.25,0,20.2,0,0,0,0,0,0,0.3,0.3,2.2,0,0,6.9,0,0,0,20.5,38.8,0,0,6.6,0,1.9,0,0,0,0,0,0,0,0,0,0.3,0,0,22.1,16.7
RC13,RC13-228,-22.33,11.198,08/10/1970,-3204,1.3,0,13.6,0,0,0,0,0,0,0,0,2.9,0,0,4.5,0,0,0,15.3,59.1,0,0,1,0,1.6,0,0,0,0,0,0.3,0,0.3,0,0.3,0,0,24,35.1
RC13,RC13-229,-25.49,11.307,10/10/1970,-4191,0.45,0.6,11,0,0,0,0.2,0.2,1.2,0.6,0,1,0.6,0,32.7,0,0,0,1,45.2,0,0,0,0,2.6,0,0,0,0.3,0,1.8,0.3,2,0,0.7,0,0,1.5,43.8
RC13,RC13-229,-25.49,11.307,10/10/1970,-4191,0.52,0.2,2.9,0.1,0,0,0,0,0.1,0,0,0,0.5,0,21.1,0,0,0,2.5,69.7,0,0,0,0,1.9,0,0.4,0,0,0,0.5,0.1,0.6,0,0,0,0,0.2,69.4
RC13,RC13-229,-25.49,11.307,10/10/1970,-4191,0.55,0.5,10.6,0,0,0,0,0,0.1,0.5,0,1,0.7,0,13.8,0,0,0.1,0.9,67.6,0.2,0,0.2,0,2.1,0,0,0,0.1,0,0.4,0.6,1,0,0.4,0,0,0.8,66.8
RC13,RC13-229,-25.49,11.307,10/10/1970,-4191,0.58,0.3,7.1,0,0,0.3,0,0,0,1.8,0,1.3,0.5,0,6.3,0,0,0,1.6,78.3,0,0.5,0.5,0,0.3,0,0.8,0,0,0,0.8,0.3,1,0,0,0,0,1.3,77
RC13,RC13-229,-25.49,11.307,10/10/1970,-4191,0.6,0.2,10.5,0,0,0,0,0,0,0.9,0.2,0.7,1.1,0,9.4,0,0,0,3.6,71.9,0.4,0.4,0.9,0,0,0,0,0,0,0,0.2,0.4,0.7,0,0,0,0,1.6,70.3
RC24,RC24-16,-5.038,-10.19,26/03/1983,-3543,0.63,2.1,9.3,2.4,0,0.3,3.2,0,0,18.9,1.6,5.3,0,0,19.4,0,0,0.3,0,4.8,0,0,0,5.3,10.6,0.5,5.3,6.6,0.3,0,0,0,0,0,2.9,0,0,2.9,1.9
RC24,RC24-16,-5.038,-10.19,26/03/1983,-3543,0.66,1.3,14.1,2.1,0,0,4.1,0,0,18.5,4.4,3.1,0,0,19.7,0,0,0,0.5,7.9,0,0,0,3.1,6.2,0,5.1,5.1,0,0.3,0,0.8,0.8,0,3.3,0,0,5.4,2.6
RC24,RC24-16,-5.038,-10.19,26/03/1983,-3543,0.69,2.3,11.7,1.1,0,0.3,4,0,0,18.6,2.3,2.9,0,0,19.7,0,0,0.6,0,6.3,0,0,0,5.7,10.6,0.6,3.7,3.7,0.3,0,0,0.6,0.6,0,4,0,0,4.3,2
SO82,SO82_5-2,59.1862,-30.9048,21/10/1992,-1416,0.95,0,0.9,0,0,0,0,0,0,0,0,0.3,0,0,0,0,0,0,96.4,1.8,0,0,0.6,0,0,0,0,0,0,0,0,0,0,0,0,0,0,0,1.8
SO82,SO82_5-2,59.1862,-30.9048,21/10/1992,-1416,1,0,0.7,0,0,0,0,0,0,0,0,0.3,0,0,0,0,0,0,95.6,2.7,0,0,0.7,0,0,0,0,0,0,0,0,0,0,0,0,0,0,0,2.7
SO82,SO82_5-2,59.1862,-30.9048,21/10/1992,-1416,1.05,0,0.4,0,0,0,0,0,0,0,0,0.2,0,0,0,0,0,0,96.8,2.1,0,0,0.5,0,0,0,0,0,0,0,0,0,0,0,0,0,0,0,2.1
SO82,SO82_5-2,59.1862,-30.9048,21/10/1992,-1416,1.1,0,0.3,0,0,0,0,0,0,0,0,0.2,0,0,0,0,0,0,97.2,2,0,0,0.3,0,0,0,0,0,0,0,0,0,0,0,0,0,0,0,2
SO82,SO82_5-2,59.1862,-30.9048,21/10/1992,-1416,1.15,0,0.5,0,0,0,0,0,0,0,0,0.2,0,0,0,0,0,0,97.5,1.6,0,0,0.2,0,0,0,0,0,0,0,0,0,0,0,0,0,0,0,1.6
SO82,SO82_5-2,59.1862,-30.9048,21/10/1992,-1416,1.2,0,1,0,0,0,0,0,0,0,0.1,0.3,0,0.3,0.1,0,0,0,96,1.5,0,0,0.7,0,0,0,0,0,0,0,0,0,0,0,0,0,0,0,1.5
SU92,SU92-21,36.5117,-23.7367,,-4170,0.75,0.4,10.9,0,0,0.2,0,0,0.2,3.7,2,6.6,0.4,0,34.2,0,0,0,2.2,31.3,0,1.7,1.7,0,2.4,0,0,0,0.4,0,0.2,2.3,2.5,0,0.7,0,0,0,31.3
SU92,SU92-21,36.5117,-23.7367,,-4170,0.8,0.7,4,0.9,0,0.4,0,0,0,4.6,1.8,4.8,0,0,46.9,0,0,0,1.3,24.6,0,0.9,0.9,0,5.5,0,0,0,0.4,0,0.4,1.4,1.8,0,1.4,0,0,0,24.6
SU92,SU92-21,36.5117,-23.7367,,-4170,0.85,1.1,9.6,0.1,0,0.8,0,0,0,4.5,3.2,9.6,0,0,28.1,0,0,0,0,30.7,0,0.5,0.5,0,4.3,0.5,0,0,4,0.8,0,0.7,0.7,0,1.4,0,0,0,30.7
V16,V16-20,17.933,-50.35,08/11/1959,-4539,0.34,3.7,1.1,0,0,1.4,1.1,0,0.2,2.8,0.2,4.8,0,0,0,0.2,0,0,0,0,0,0,0,2.5,62,0,11.3,4.6,0.2,0.5,0.9,1.8,2.7,0,0.5,0,0.2,0,0
V16,V16-20,17.933,-50.35,08/11/1959,-4539,0.36,3.7,1.1,0,0,1.4,1.1,0,0.2,2.8,0.2,4.8,0,0,0,0.2,0,0,0,0,0,0,0,2.5,61.9,0,11.3,4.6,0.2,0.5,0.9,1.8,2.6,0,0.5,0,0.2,0,0
V16,V16-20,17.933,-50.35,08/11/1959,-4539,0.38,1.5,4.8,0.2,0,1.8,0.3,0,0.2,1.7,0,11,0,0,0,0,0,0,0,0.2,0,0,0,4.5,60.1,0,6.2,3,0.3,1.3,0.3,2.2,2.5,0,0.2,0.2,0,0,0.2
V16,V16-20,17.933,-50.35,08/11/1959,-4539,0.44,1.8,2.4,0,0,1.5,0.3,0,0.6,2.4,0.6,11.6,0,0,0.3,0,0,0,0,0,0,0,0,5.4,56.1,0,7.5,3,0,1.8,0,3.6,3.6,0,0.3,0,0,0,0
V16,V16-20,17.933,-50.35,08/11/1959,-4539,0.49,2.2,1.5,0,0,3.5,0.2,0,0.4,1.8,0,8,0.4,0,0,0.4,0,0,0,0,0,0,0,2.7,56.6,0,12.4,5.1,0.2,0.4,0,4,4,0,0,0,0.4,0,0
V16,V16-205,15.4,-43.4,18/07/1960,-4043,0.19,3.2,0.8,0.8,0,2.3,1.3,0,1.3,0,0.6,0,0,0,0.2,0,0,1.7,0.2,2.3,0,0,0,3.4,50.6,0,13.8,7.4,0.2,1.7,3.8,3,6.8,0.4,0.8,0,0,0,2.3
V17,V17-165,32.75,-41.9,29/07/1961,-3924,0.35,2.4,14.7,2.8,0,0.7,0.5,0,0.1,2.7,2.1,9.4,1.3,0.7,21.3,0,0,0,0,5.6,0,0,0,0.3,20.9,0.3,0.9,0.3,8.2,1.2,1.2,1.7,2.9,0,0.8,0,0,0.3,5.3
V17,V17-165,32.75,-41.9,29/07/1961,-3924,0.45,2.8,15.3,1.9,0,0.5,0.4,0,0.3,2.7,1.1,7.9,0.4,0.4,25.2,0,0,0,0,7.9,0,0,0,1,19.8,0,0.6,0.3,7.3,0.2,0.9,2.4,3.2,0.1,0.4,0,0.1,0.9,7
V17,V17-165,32.75,-41.9,29/07/1961,-3924,0.54,1.8,14.7,2.3,0,0.9,0.7,0,0,4.7,2.9,7.4,0.2,0.2,21.4,0,0,0,0,11.3,0,0,0,0.2,26.2,0,1.1,0.2,0.9,0,0,1.6,1.6,0,0.7,0,0,2.3,9
V17,V17-165,32.75,-41.9,29/07/1961,-3924,0.58,1,20,1.6,0,0.2,0.6,0,0.4,2.4,3.3,6.9,0.4,0.2,18.3,0,0,0,0,13,0,0,0,1,22.6,0,1.2,0.2,4.5,0,0.6,1,1.6,0,0.4,0,0,0.4,12.6
V18,V18-357,15.033,-80.23,30/10/1962,-1818,0.51,7.3,2.1,1.9,0,0.6,1.2,0,0.4,4,0,10,0.4,0,2.2,0.2,0.2,0.2,0,0.2,0,0,0,11,34.6,0,6.9,3,0.3,0.9,0.8,3.9,4.6,0,6,0,0.2,0.2,0
V18,V18-357,15.033,-80.23,30/10/1962,-1818,0.54,9.3,3.5,0.6,0,0.3,0.6,0,0.3,4.8,0.3,12.2,0,0,0.3,1,0.3,0.3,0,0.6,0,0,0,6.7,34.3,0,9.9,1.6,0.3,0.1,0.6,3.2,3.8,0,7,0,1,0.6,0
V18,V18-357,15.033,-80.23,30/10/1962,-1818,0.61,4.7,1.2,1.4,0,1.4,1.2,0,0.6,2.3,0,13.2,0.1,0,0.4,0.3,0,0.3,0,0.4,0,0,0,9.6,47.6,0,5.5,2.3,0.3,2.3,0,2.5,2.5,0,1.8,0,0.3,0.1,0.3
V18,V18-357,15.033,-80.23,30/10/1962,-1818,0.65,3.7,1.5,1.9,0,1.3,0.9,0,0.4,4.7,0,13.1,0,0,1.1,0.6,0,0,0,0,0,0,0,7.7,44.6,0,7.2,3,0.9,1.8,0.3,2.4,2.7,0,1.8,0,0.6,0,0
V18,V18-357,15.033,-80.23,30/10/1962,-1818,0.71,4.5,0.8,0,0,1.1,1.1,0,0.3,5.6,0,9.8,0,0,2,0,0.3,0,0,0.3,0,0.3,0.3,7,50.3,0,5.3,1.7,0.3,1.4,0.3,2.2,2.5,0,2.8,0,0,0,0.3
V18,V18-357,15.033,-80.23,30/10/1962,-1818,0.79,4.3,2,0.9,0,0.5,0.8,0,0.3,7.2,0.4,14.5,0.3,0.1,1.8,0,0.1,0.1,0,0.9,0,0,0,6.9,41.5,0,5.8,2,0.7,0.3,0.5,2.8,3.4,0.1,2.6,0,0.1,0.7,0.3
V22,V22-174,-10.07,-12.82,13/05/1966,-2630,0.53,3.5,9.5,1.5,0,1.4,3.5,0,0.6,8.8,0.4,11.7,0,0.1,7.2,0,0.3,0,0.4,4.8,0.3,0.4,0.6,4.8,16.8,3.5,3.9,3.9,2.2,1.6,0,7.2,7.2,0,1.4,0,0,0.4,4.4
V22,V22-174,-10.07,-12.82,13/05/1966,-2630,0.55,4.6,1.1,0.6,0,0,2,0,0.3,6.9,8.3,6.9,0,0,7.2,0,0.6,0,0,9.5,0,0,0,5.2,15.5,8,4.9,4.9,1.4,1.7,0.3,8,8.3,0,1.1,0,0,9.2,0.3
V22,V22-174,-10.07,-12.82,13/05/1966,-2630,0.57,4.2,3.6,1.1,0,0,1.9,0,0.6,9.2,4.7,7.5,0,0.3,7.8,0,0,0.3,0,5.6,0,0,0,4.2,22.6,6.1,4.2,5.3,1.7,1.7,0.3,4.7,5,0,0.8,0,0,5,0.6
V22,V22-174,-10.07,-12.82,13/05/1966,-2630,0.6,4.8,4,1.1,0,0,3.1,0,0.3,11,5.9,7.6,0,0,9.3,0.3,0.6,0,0,6.8,0,0,0,4,19.3,3.4,5.7,4.5,1.7,0.8,0.3,4.2,4.5,0,0.8,0,0.3,5.9,0.8
V22,V22-174,-10.07,-12.82,13/05/1966,-2630,0.6,4.3,10.7,2.1,0,2.5,2.1,0,0.8,8.7,2.5,8.9,0,0.2,7,0.2,0,0,0.2,6.6,0,0,0,4.6,18,2.7,5.4,3.3,1.2,1.6,0.2,4.3,4.6,0.2,0.8,0,0.4,0.6,6
V22,V22-174,-10.07,-12.82,13/05/1966,-2630,0.64,4.7,0.7,2.2,0,0,3.7,0,0.5,7.2,8.7,9.9,0,0.2,5.2,0,0.2,0,0,8.2,0,0,0,4.7,15.1,6.2,6.9,5.4,2,1.7,0.5,3.7,4.2,0.2,1,0,0.2,7.9,0.2
V22,V22-197,14.167,-18.58,22/05/1966,-3167,1.11,0.3,7.6,0.4,0,0.1,0.6,0,0.3,2.8,0.7,3,0,0,16,0,0,0,0.1,56.9,0,0.1,0.1,3.3,3.2,0,1.5,0.6,0.2,0.3,0,0.1,0.1,0,1.8,0,0,2.3,54.6
V22,V22-197,14.167,-18.58,22/05/1966,-3167,1.14,0.3,12.2,0,0,0,0,0,0,2,0.3,3.1,0,0,19,0,0,0,0.7,53.4,0,0,0,2,3.4,0,1.4,0.7,0.3,0,0,0,0,0,0.3,0,0,2,51.4
V22,V22-197,14.167,-18.58,22/05/1966,-3167,1.19,0.5,16.1,0.5,0,0.1,0.9,0,0.1,4.7,0.9,3.2,0,0,17.8,0.2,0,0,0.6,39.8,0,0.2,0.2,4.8,4.1,0,2.9,0.9,0.3,0.4,0,0,0,0,0.4,0,0.2,1.3,38.5
V22,V22-197,14.167,-18.58,22/05/1966,-3167,1.24,0.7,9.1,0.1,0,0,0.4,0,0.4,7.4,0.1,2,0,0,20.3,0.1,0,0,0.6,43.8,0.1,0.2,0.3,6.8,3.4,0,1.8,0.4,0.4,0.4,0,0,0,0,0.7,0,0.1,0.9,42.9
V22,V22-197,14.167,-18.58,22/05/1966,-3167,1.31,0,14.8,0,0,0,1.4,0,0,8.2,0.3,3.3,0,0,18.6,0,0,0,0.8,40.2,0.3,0.3,0.5,3.3,4.1,0,1.4,0.6,0,0,0,0,0,0,2.7,0,0,0.8,39.3
V23,V23-100,21.3,-22.68,09/11/1966,-4579,0.38,3.8,9.7,0.3,0,0,46.7,0,0,0,1.8,0,0,0.5,0.3,0,0,13.8,5.1,2,0,0,0.3,0,7.4,0,2,1.3,0,0.5,1.5,0,1.5,0,3.1,0,0,0,2
V23,V23-100,21.3,-22.68,09/11/1966,-4579,0.42,4.9,9.4,0.3,0,0,38.9,0,0,0,1,0,0,0.3,0.7,0,0,13.5,3.1,10.8,0,0,0.7,1,5.6,0,3.1,1.7,1,0.7,0.7,0.3,1,1,1,0,0,0,10.8
V23,V23-81,54.25,-16.83,18/10/1966,-2393,2.35,0,1.8,0,0,0,0,0,0,0,0.6,0.6,0,0,0,0,0,0,87.5,3.3,0,0,6.3,0,0,0,0,0,0,0,0,0,0,0,0,0,0,0,3.3
V23,V23-81,54.25,-16.83,18/10/1966,-2393,2.45,0,6.2,0,0,0,0,0,0,0,0,0.7,0,0,0.7,0,0,0,77.5,0,0,4.3,4.3,0,0,0,0,0,0.4,0,0,0,0,0,0,0,0,0,8.3
V23,V23-81,54.25,-16.83,18/10/1966,-2393,2.55,0,3.1,0,0,0,0,0,0,0,0,0.2,0,0,0,0,0,0,84,0,0,6.6,6.6,0,0,0,0,0,1.2,0,0,0,0,0,0,0,0,0,1.4
V23,V23-81,54.25,-16.83,18/10/1966,-2393,2.65,0,3.9,0,0,0,0,0,0,0,0,0.6,0,0,0,0,0,0,82.3,0,0,7.2,7.2,0,0,0,0,0,0.9,0,0,0,0,0,0,0,0,0,2.1
V23,V23-81,54.25,-16.83,18/10/1966,-2393,2.75,0,2.3,0,0,0,0,0,0,0,0,0,0,0,0,0,0,0,86.6,0,0,2.8,2.8,0,0,0,0,0,2.1,0,0,0,0,0,0,0,0,0,1.8
V23,V23-81,54.25,-16.83,18/10/1966,-2393,2.85,0,5.3,0,0,0,0,0,0,0,0,0,0,0,0,0,0,0,78.3,0,0,10.1,10.1,0,0,0,0,0,0.8,0,0,0,0,0,0,0,0,0,2
V23,V23-81,54.25,-16.83,18/10/1966,-2393,2.95,0,3.5,0,0,0,0,0,0,0,0,0.3,0,0,0.3,0,0,0,88.5,0,0,4,4,0,0,0,0,0,0.6,0,0,0,0,0,0,0,0,0,2
V25,V25-56,-3.55,-35.23,24/02/1968,-3512,0.6,2.2,0,4.3,0,0.5,1.9,0,0,6.5,0,3.1,0.5,0,0,0,0,0.2,0,0.7,0,0,0,5.6,50.2,0,17.9,4.8,0,0.2,0,1,1,0,0.2,0,0,0.7,0
V25,V25-56,-3.55,-35.23,24/02/1968,-3512,0.6,0,0.8,1.4,0,0,0,0,0,0.2,0.2,17.6,0.2,0,0,32.4,6.3,0,0,0.6,0,0,0.2,0,0,0,3.7,0,0,0,0,0,0,35.9,0,0,68.2,0.6,0
V25,V25-56,-3.55,-35.23,24/02/1968,-3512,0.65,0.3,1.7,5,0,0,0,0,0,0,0,17.4,0.6,0,0,27,8.3,0,0,1.7,0,0,0,0,0,0.6,7.2,0,0,0,0,0,0,28.9,0,0,55.9,1.7,0
V25,V25-56,-3.55,-35.23,24/02/1968,-3512,0.7,2.8,0.3,0.3,0,0.8,0.3,0,0,4.9,0,14.2,0,0,1.8,0,0,0,0,0,0,0,0,1.5,38.4,1.3,20.1,6.2,0,1.5,0.3,5.2,5.4,0,0.3,0,0,0,0
V25,V25-56,-3.55,-35.23,24/02/1968,-3512,0.7,0,0.8,2.5,0,0,0,0,0,0,0.6,15.1,0.2,0.2,0,29.5,8.2,0,0,1.3,0,0,0,0,0,0.2,5.4,0,0.4,0.2,0,0,0,33.5,0,0,63,1.3,0
V25,V25-56,-3.55,-35.23,24/02/1968,-3512,0.76,0,2.1,4.5,0,0,0,0,0,0,0.7,16.5,0.5,0,0,28.9,5.6,0,0,1.2,0,0,0,0,0,0.5,3.8,0,0.2,0,0,0,0,31.1,0.2,0,60,1.2,0
V25,V25-56,-3.55,-35.23,24/02/1968,-3512,0.8,1.2,0,1,0,0.2,0.2,0,0,5.9,0.6,30.1,0,0.2,1.8,0.6,0.2,0,0,0,0,0,0,2.6,24.4,11.2,7.9,4.3,1,1.6,0.4,3.9,4.3,0,0.4,0,0,0,0
V25,V25-56,-3.55,-35.23,24/02/1968,-3512,0.8,0.2,2.3,4.2,0,0,0,0,0,0.2,0.8,13.4,0.2,0.8,0,28.3,6.3,0,0,1.7,0,0,0.2,0,0,0.6,5.7,0,0.4,0,0,0,0,32.7,0,0,61,1.7,0
V25,V25-59,1.367,-33.48,26/02/1968,-3824,0.45,2.7,3.3,1.7,0,0.3,4.3,0,0,12.6,0.7,7.6,0,0,1,0.3,0,0,0,6,0,0,0,7.6,24.6,0.3,10.3,8.3,0,0.3,0.3,7.3,7.6,0.3,0,0,0.7,4.7,1.3
V25,V25-59,1.367,-33.48,26/02/1968,-3824,0.47,1.6,2.1,1.6,0,0.3,4.8,0,0.8,15.2,0.5,10.2,0,0,0,0,0,0.5,0,3.5,0,0,0,6.1,21.7,0,13.6,9.9,0.3,0,0,7.2,7.2,0,0,0,0,2.1,1.3
V25,V25-59,1.367,-33.48,26/02/1968,-3824,0.5,0.3,3.6,1.3,0,0.3,2.6,0,0.3,20.5,1.3,8.5,0,0,0,0,0.7,0,0,6.8,0,0,0,6.2,23.1,0,6.2,5.2,0,0,0.3,12.1,12.4,0,0.3,0,0,5.5,1.3
V25,V25-59,1.367,-33.48,26/02/1968,-3824,0.52,1.4,4,0.9,0,0.3,1.7,0,0,14.9,0.9,12,0,0,2.6,0,0,0.3,0,4.3,0,0,0.3,9.4,23.7,0.3,6.9,5.1,0,0,0.6,10.6,11.1,0,0,0,0,4.3,0
V25,V25-59,1.367,-33.48,26/02/1968,-3824,0.55,0.9,2.5,0.9,0,0.9,3.8,0,0.3,20.4,0.6,12.5,0,0,1.3,0,0,0.3,0,4.7,0,0,0,8.8,21,0.3,5.6,6.9,0,0.6,0.3,6.9,7.2,0,0.3,0,0,4.7,0
V25,V25-59,1.367,-33.48,26/02/1968,-3824,0.57,0.3,3.3,1,0,0,3.7,0,0.3,18.9,0,13.3,0,0,1.7,0,0,0.3,0.3,4.7,0,0,0,11,19.3,0.3,7.6,7.6,0,0.7,0,5.6,5.6,0,0,0,0,3,1.7
V26,V26-124,16.133,-74.45,13/03/1969,-3005,0.64,3.5,4.5,2.2,0,0.6,1.6,0,0,4.9,0,9.8,0.2,0.4,7.5,0,0,0.2,0,0.2,0,0,0,10,40.1,0,6.5,1.6,0.8,1.6,0.4,0.8,1.2,0,1.2,0,0,0.2,0
V26,V26-124,16.133,-74.45,13/03/1969,-3005,0.71,4.6,4.4,2.9,0,0.5,1.5,0,0,4.1,0.2,12.4,0.5,0,3.4,0.7,0.2,0,0,0.5,0.5,0,0.5,8,39.1,0,5.6,3.6,0.7,1.5,0,0.5,0.5,0,3.6,0,0.7,0.2,0.2
V26,V26-124,16.133,-74.45,13/03/1969,-3005,0.74,3.9,3.2,1.2,0,0.4,1.1,0,0.1,4.6,0,11.7,0,0.1,5.1,0,0,0,0,0.4,0,0,0,12.9,38.6,1.6,6.2,1.9,0.4,1.8,0,2.3,2.3,0,1.6,0,0,0.4,0
V27,V27-60,72.183,8.583,05/08/1969,-2525,1.9,0,0,0,0,0,0,0,0,0,0,0,0,0,0,0,0,0,97.1,2.9,0,0,0,0,0,0,0,0,0,0,0,0,0,0,0,0,0,1.4,1.4
V27,V27-60,72.183,8.583,05/08/1969,-2525,2,0,0.3,0,0,0,0,0,0,0,0,0.6,0,0,0,0,0,0,95.6,3.1,0,0,0.3,0,0,0,0,0,0,0,0,0,0,0,0,0,0,1.6,1.6
V27,V27-60,72.183,8.583,05/08/1969,-2525,2.1,0,0,0,0,0,0,0,0,0,0,0.2,0,0,0,0,0,0,96.6,3.2,0,0,0,0,0,0,0,0,0,0,0,0,0,0,0,0,0,1.7,1.5
V27,V27-60,72.183,8.583,05/08/1969,-2525,2.2,0,0,0,0,0,0,0,0,0,0,0,0,0,0,0,0,0,98.4,1.6,0,0,0,0,0,0,0,0,0,0,0,0,0,0,0,0,0,1.3,0.3
V27,V27-60,72.183,8.583,05/08/1969,-2525,2.3,0,0,0,0,0,0,0,0,0,0,0,0,0,0,0,0,0,97.4,2.4,0,0,0.2,0,0,0,0,0,0,0,0,0,0,0,0,0,0,1.4,1.1
V27,V27-86,66.6,1.117,05/09/1969,-2900,0.6,0,0,0,0,0,0,0,0,0,0,0.3,0,0,0,0,0,0,96.1,3.4,0,0,0.2,0,0,0,0,0,0,0,0,0,0,0,0,0,0,1.8,1.6
V27,V27-86,66.6,1.117,05/09/1969,-2900,0.7,0,0,0,0,0,0,0,0,0,0,0,0,0,0,0,0,0,97.1,1.9,0,0,1,0,0,0,0,0,0,0,0,0,0,0,0,0,0,1.1,0.8
V28,V28-127,11.65,-80.13,05/01/1971,-3237,0.6,9.7,0.6,0.3,0,1.9,1.7,0.3,0,4.2,0.6,8.6,0,0,0.6,0,0,0,0,0,0,0,0,10.6,42.8,0.3,4.4,0.6,0,2.2,0.3,6.7,6.9,0.3,3.6,0,0,0,0
V28,V28-14,64.783,-29.57,19/07/1970,-1855,1.5,0,0,0,0,0,0,0,0,0,0,0,0,0,0,0,0,0,97.2,2.6,0,0,0.2,0,0,0,0,0,0,0,0,0,0,0,0,0,0,1.5,1.1
V28,V28-14,64.783,-29.57,19/07/1970,-1855,1.6,0,0,0,0,0,0,0,0,0,0,0,0,0,0,0,0,0,95.7,3.7,0,0,0.6,0,0,0,0,0,0,0,0,0,0,0,0,0,0,2.1,1.6
V28,V28-14,64.783,-29.57,19/07/1970,-1855,1.7,0,0,0,0,0,0,0,0,0,0,0.3,0,0,0,0,0,0,97,2.7,0,0,0,0,0,0,0,0,0,0,0,0,0,0,0,0,0,0.9,1.7
V28,V28-56,68.033,-6.117,13/09/1970,-2941,0.6,0,0,0,0,0,0,0,0,0,0,0,0,0,0,0,0,0,97.4,2.6,0,0,0,0,0,0,0,0,0,0,0,0,0,0,0,0,0,2.1,0.5
V28,V28-56,68.033,-6.117,13/09/1970,-2941,0.7,0,0,0,0,0,0,0,0,0,0,0,0,0,0,0,0,0,98.8,1.2,0,0,0,0,0,0,0,0,0,0,0,0,0,0,0,0,0,1,0.2
V28,V28-56,68.033,-6.117,13/09/1970,-2941,0.8,0,0,0,0,0,0,0,0,0,0,0,0,0,0,0,0,0,96.7,3.3,0,0,0,0,0,0,0,0,0,0,0,0,0,0,0,0,0,2.3,1
V29,V29-179,44.017,-24.53,23/07/1972,-3331,0.87,0,17.8,0,0,0,0,0,0,0.1,0,5.9,0,0,8.7,0,0,0,40.5,18.4,1.5,1.7,3.2,0,1.5,0,0,0,3.2,0,0,0.2,0.2,0,0.3,0,0,0,18.4
V30,V30-40,-0.2,-23.15,15/02/1973,-3706,0.45,1.4,3.6,3.3,0,0,3.3,0,0,7.4,0.8,14,0,0,1.7,0.8,0.3,2.2,0.3,18.7,0,0,0.3,3.6,20.1,0,8,3.9,0,0.3,0,3.6,3.6,0.3,0.3,0,1.1,2.8,16
V30,V30-40,-0.2,-23.15,15/02/1973,-3706,0.48,0.8,4,1.6,0,0.3,2.7,0,0,14.3,1.3,8,0,0.3,5.3,0.3,0.3,1.9,0,14.6,0,0,1.1,4.2,16.2,0,10.6,4,0.5,0.3,0,6.1,6.1,0.3,0.3,0,0.5,1.1,13.5
V30,V30-40,-0.2,-23.15,15/02/1973,-3706,0.51,1.1,4.5,0.9,0,0.3,2.3,0,0.3,15.3,0.6,9.1,0,0,4.3,0,0,0.3,0,21.9,0,0,0.6,2.3,12.5,0,6.3,7.7,0.3,0,0,8.5,8.5,0,0.9,0,0,3.1,18.8
V30,V30-40,-0.2,-23.15,15/02/1973,-3706,0.54,0.2,5.9,0.7,0,0.2,3,0,0,17.8,0.7,12.1,0,0.2,6.7,0,0,0.2,0.5,19,0,0,1,2.7,15.3,0,3.5,2.5,0.5,0.5,0,5.7,5.7,0,0.2,0,0,3,16
V30,V30-40,-0.2,-23.15,15/02/1973,-3706,0.57,0.8,6,0.8,0,0.5,3.9,0,0.3,19.4,0,7.1,0,0,6.5,0,0,0,0.5,13.6,0,0,0.8,2.6,9.4,0,8.4,6,0.3,0.5,0.3,11.3,11.5,0,1,0,0,2.6,11
V30,V30-49,18.433,-21.08,05/03/1973,-3093,0.6,0.8,26.4,2.5,0,0,2.5,0,0,13.6,2.2,4.2,0,0,7.8,0,0,0,0.3,26.1,0,0,0.3,2.5,2.8,0,1.1,1.4,0,0.3,0,1.4,1.4,0,2.8,0,0,16.9,9.2
V30,V30-49,18.433,-21.08,05/03/1973,-3093,0.64,1.8,25.1,2.9,0,0,2.1,0,0.6,18.9,1.8,5,0,0,7.1,0,0,0,0.6,24.2,0,0,0.6,2.1,2.9,0,0,0.6,0,0.6,0,0.9,0.9,0,1.8,0,0,15,9.1
V30,V30-49,18.433,-21.08,05/03/1973,-3093,0.68,1.1,18.6,2.2,0,0,3.6,0,0,27.8,2.2,1.9,0,0,11.4,0.3,0,0,0,16.1,0,0,0.8,1.9,4.2,0,0.6,0.6,0.3,0.8,0,0.6,0.6,0,2.8,0,0.3,8.6,7.5
V30,V30-49,18.433,-21.08,05/03/1973,-3093,0.72,1.2,23.2,1.8,0,0.3,2.9,0,0,25.6,0.6,2.6,0,0,13.2,0,0,0,0,14.7,0,0,0.6,1.5,5.6,0,1.2,0.6,0,1.2,0,0.3,0.3,0,2.6,0,0,8.8,5.9
VA-10/3,GIK13289-3,18.0732,-18.0092,06/08/1975,-2490,1,1.3,36.3,0.2,0,0,0.1,0,0,19.5,0.4,2.8,0,0,11,0.7,0,0,0.5,17.3,0,3.5,3.5,1.1,2.7,0.2,1.5,0.3,0,0,0,0,0,0,0.7,0,0.7,0.5,16.8
VA-10/3,GIK13289-3,18.0732,-18.0092,06/08/1975,-2490,1.1,0,36.5,0,0,0,0.1,0,0,18.1,0,2.4,0,0,10.1,0,0,0,0.9,25.5,0,2,2,0.7,1.2,0.2,0.3,0,1.1,0.2,0,0,0,0,0.6,0,0,1.5,24
VA-10/3,GIK13289-3,18.0732,-18.0092,06/08/1975,-2490,1.2,2.3,37.9,0,0,0,0,0,0.1,12.8,0.3,2.4,0,0,12.1,0,0,0,0.9,21.1,0,1.7,1.7,0.9,4.8,0,0.6,0,0.9,0,0,0,0,0,0.6,0,0,0.6,20.6
VA-10/3,GIK13291-1,18.1175,-18.075,06/08/1975,-2696,1,0.5,36.3,0,0,0,0.3,0,0,15.1,0.2,0,0,0,10.9,0,0,0,0,27.4,0,0,1.4,0,1.4,0.9,0.1,0.9,0,0,0,0,0,0,0,0,0,1.8,25.6
VA-10/3,GIK13291-1,18.1175,-18.075,06/08/1975,-2696,1.1,0,37,0.2,0,0,0.3,0,0,16.8,0.8,1.5,0,0,10.2,0,0,0,0,25.2,0,0,3.1,0,1,0,0.3,0,0.8,0,0,0,0,0,0,0,0,1.9,23.3
VA-10/3,GIK13291-1,18.1175,-18.075,06/08/1975,-2696,1.2,0.6,30.1,0.3,0,0,0.4,0,0,12.3,0,2.3,0,0,15.3,0,0,0,2.8,27.9,0,0,0.5,0,3,0,1,0.1,0,0,0,0,0,0,0,0,0,1.6,26.3
VA-10/3,GIK13291-1,18.1175,-18.075,06/08/1975,-2696,1.3,0,46.8,0,0,0,0.1,0,0,7.8,0.4,1.3,0,0,10.6,0,0,0,1,22.4,0,0,0.9,0,5.1,0,1,0.1,0,0,0,0,0,0,0,0,0,0.9,21.5
VA-10/3,GIK13291-1,18.1175,-18.075,06/08/1975,-2696,1.38,0.6,38.9,0.9,0,0,0.1,0,0,14.1,0.6,4.6,0,0,12.9,0,0,0,0,15.2,0,0,1.1,1.4,4.2,0.6,0.4,0,0,0,0,0,0,0,0,0,0,2.3,12.9
VA-10/3,GIK13291-1,18.1175,-18.075,06/08/1975,-2696,1.44,0.7,47.3,0.3,0,0.1,0.7,0,0.2,14.4,0.2,2.5,0,0,13.3,0,0,0,0,10.7,0,0,1.8,1,2.3,0.5,1.4,0.1,0.5,0,0,0,0,0,0,0,0,0,10.7
VA-10/3,GIK13291-1,18.1175,-18.075,06/08/1975,-2696,1.5,0.5,47.2,0.1,0,0.1,0.7,0,0.2,17.2,0.2,1.7,0,0,17.6,0,0,0,0,11.2,0,0,0.8,0.3,0,0.8,0.4,0,0.2,0,0,0,0,0,0,0,0,0,11.2
VA-10/3,GIK13291-1,18.1175,-18.075,06/08/1975,-2696,1.6,0,45.6,0,0,0,0.8,0,0,16,0,3.6,0,0,15.8,0,0,0,0,10.5,0,0,0,1.7,1.9,0,0.4,0,0.6,0,0,0,0,0,0,0,0,0.6,9.9
,HU87-033-008,62.6485,-53.8845,,-2424,2.23,0,0,0,0,0,0,0,0,0,0,0,0,0,0,0,0,0,97.6,2.4,0,0,0,0,0,0,0,0,0,0,0,0,0,0,0,0,0,0,2.4
,HU87-033-008,62.6485,-53.8845,,-2424,2.35,0,0,0,0,0,0,0,0,0,0,0,0,0,0,0,0,0,99.3,0.7,0,0,0,0,0,0,0,0,0,0,0,0,0,0,0,0,0,0,0.7
,HU87-033-008,62.6485,-53.8845,,-2424,2.68,0,0,0,0,0,0,0,0,0,0,0,0,0,0,0,0,0,99.4,0.6,0,0,0,0,0,0,0,0,0,0,0,0,0,0,0,0,0,0,0.6
,HU87-033-008,62.6485,-53.8845,,-2424,3.03,0,0,0,0,0,0,0,0,0,0,0,0,0,0,0,0,0,99.3,0.7,0,0,0,0,0,0,0,0,0,0,0,0,0,0,0,0,0,0,0.7
HUD90/13,HU90-13-013,58.2098,-48.3733,,-3380,4.78,0,0.7,0,0,0,0,0,0,0,0,0,0,0,0,0,0,0,98,0.7,0,0,0.7,0,0,0,0,0,0,0,0,0,0,0,0,0,0,0,0.7
,HU91-045-090,50.3898,-45.26,,-3448,3,0,0.5,0,0,0,0,0,0,0,0,0.5,0,0,0,0,0,0,96.6,0,0,0,2.4,0,0,0,0,0,0,0,0,0,0,0,0,0,0,0,0
,HU91-045-090,50.3898,-45.26,,-3448,3.1,0,4.5,0,0,0,0,0,0,0,0,0,0,0,2.3,0,0,0,90.3,3,0,0,0,0,0,0,0,0,0,0,0,0,0,0,0,0,0,0,3
,HU91-045-090,50.3898,-45.26,,-3448,3.19,0,0.3,0,0,0,0,0,0,0,0,0,0,0,0,0,0,0,99,0.6,0,0,0,0,0,0,0,0,0,0,0,0,0,0,0,0,0,0,0.6
,HU91-045-090,50.3898,-45.26,,-3448,3.36,0,0,0,0,0,0,0,0,0,0,0,0,0,0,0,0,0,97.8,1.5,0,0,0.6,0,0,0,0,0,0,0,0,0,0,0,0,0,0,0,1.5
,KN708-1,50,-23.75,,-4053,1,0,1.6,0,0,0,0,0,0,0,0,0.3,0,0,0,0,0,0,94.8,1.6,0,1.6,1.6,0,0,0,0,0,0,0,0,0,0,0,0,0,0,0,1.6
,NA87-22,55.5,-14.5833,,-2161,3.7,0,3.6,0,0,0,0,0,0,0,0,6,0,0,0,0,0,0,86.4,1.3,0,0,2.6,0,0,0,0,0,0,0,0,0,0,0,0,0,0,0,1.3
,NA87-22,55.5,-14.5833,,-2161,3.8,0,1.7,0,0,0,0,0,0,0,0,6.1,0,0,0,0,0,0,89.2,1.7,0,0,1.4,0,0,0,0,0,0,0,0,0,0,0,0,0,0,0,1.7
,NA87-22,55.5,-14.5833,,-2161,3.9,0,2.1,0,0,0,0,0,0,0,0,2.8,0,0,0.4,0,0,0,93.3,0.4,0,0,0.7,0,0,0,0,0,0.4,0,0,0,0,0,0,0,0,0,0.4
,NA87-22,55.5,-14.5833,,-2161,4,0,4.8,0,0,0,0,0,0,0,0,2.1,0,0,0,0,0,0,86.5,0.6,0,0,4.4,0,0,0,0,0,1.7,0,0,0,0,0,0,0,0,0,0.6
,NA87-22,55.5,-14.5833,,-2161,4.1,0,3,0,0,0,0,0,0,0,0,4.1,0,0,0,0,0,0,90.6,0.8,0,0,1.1,0,0,0,0,0,0.4,0,0,0,0,0,0,0,0,0,0.8
,NA87-22,55.5,-14.5833,,-2161,4.2,0,2.3,0,0,0,0,0,0,0,0,5.8,0,0,0,0,0,0,88,0.6,0,0,2.6,0,0,0,0,0,0.6,0,0,0,0,0,0,0,0,0,0.6