Campaign,Event,Latitude,Longitude,Date/Time,Elevation [m],Symbiosis,Spinose,Depth [m],Relative_Abundance
A150/180,A180-73,0.1667,-23,NA,-3749,No,No,0.38,0.234
A150/180,A180-73,0.1667,-23,NA,-3749,No,Yes,0.38,0.012
A150/180,A180-73,0.1667,-23,NA,-3749,Yes,No,0.38,0.904
A150/180,A180-73,0.1667,-23,NA,-3749,Yes,Yes,0.38,0.24499999999999994
ANT-IV/1c,GIK16457-2,5.385,-21.7517,22/10/1985,-3303,No,No,0.3,0.12100000000000001
ANT-IV/1c,GIK16457-2,5.385,-21.7517,22/10/1985,-3303,No,Yes,0.3,0.051
ANT-IV/1c,GIK16457-2,5.385,-21.7517,22/10/1985,-3303,Yes,No,0.3,0.306
ANT-IV/1c,GIK16457-2,5.385,-21.7517,22/10/1985,-3303,Yes,Yes,0.3,0.758
ANT-IV/1c,GIK16458-1,5.335,-22.0533,22/10/1985,-3518,No,No,0.27,0.09525
ANT-IV/1c,GIK16458-1,5.335,-22.0533,22/10/1985,-3518,No,Yes,0.27,0.04625
ANT-IV/1c,GIK16458-1,5.335,-22.0533,22/10/1985,-3518,Yes,No,0.27,0.22075
ANT-IV/1c,GIK16458-1,5.335,-22.0533,22/10/1985,-3518,Yes,Yes,0.27,0.77125
ANT-IV/1c,GIK16458-2,5.335,-22.055,22/10/1985,-3518,No,No,0.29,0.05833333333333333
ANT-IV/1c,GIK16458-2,5.335,-22.055,22/10/1985,-3518,No,Yes,0.29,0.04933333333333333
ANT-IV/1c,GIK16458-2,5.335,-22.055,22/10/1985,-3518,Yes,No,0.29,0.15
ANT-IV/1c,GIK16458-2,5.335,-22.055,22/10/1985,-3518,Yes,Yes,0.29,0.9183333333333333
ARK-II/4,PS1230-1,78.8553,-4.7812,16/08/1984,-1249,No,No,0.23333333333333334,1.0006666666666666
ARK-II/4,PS1230-1,78.8553,-4.7812,16/08/1984,-1249,No,Yes,0.23333333333333334,0
ARK-II/4,PS1230-1,78.8553,-4.7812,16/08/1984,-1249,Yes,No,0.23333333333333334,0.015666666666666666
ARK-II/4,PS1230-1,78.8553,-4.7812,16/08/1984,-1249,Yes,Yes,0.23333333333333334,0
ARK-IV/3,PS1533-3,82.0317,15.1908,16/08/1987,-2026,No,No,0.73,0.9910000000000001
ARK-IV/3,PS1533-3,82.0317,15.1908,16/08/1987,-2026,No,Yes,0.73,0.01
ARK-IV/3,PS1533-3,82.0317,15.1908,16/08/1987,-2026,Yes,No,0.73,0.027333333333333334
ARK-IV/3,PS1533-3,82.0317,15.1908,16/08/1987,-2026,Yes,Yes,0.73,0
ARK-IX/4,PS2446-4,82.3967,40.9083,19/08/1993,-2022,No,No,3.2,1
ARK-IX/4,PS2446-4,82.3967,40.9083,19/08/1993,-2022,No,Yes,3.2,0
ARK-IX/4,PS2446-4,82.3967,40.9083,19/08/1993,-2022,Yes,No,3.2,0.021
ARK-IX/4,PS2446-4,82.3967,40.9083,19/08/1993,-2022,Yes,Yes,3.2,0
ARK-V/3b,PS1730-2,70.1165,-17.6943,18/08/1988,-1622,No,No,0.9,1
ARK-V/3b,PS1730-2,70.1165,-17.6943,18/08/1988,-1622,No,Yes,0.9,0
ARK-V/3b,PS1730-2,70.1165,-17.6943,18/08/1988,-1622,Yes,No,0.9,0.008
ARK-V/3b,PS1730-2,70.1165,-17.6943,18/08/1988,-1622,Yes,Yes,0.9,0
ARK-VII/3b,PS1919-2,74.9967,-11.8267,01/09/1990,-1955,No,No,0.295,1
ARK-VII/3b,PS1919-2,74.9967,-11.8267,01/09/1990,-1955,No,Yes,0.295,0
ARK-VII/3b,PS1919-2,74.9967,-11.8267,01/09/1990,-1955,Yes,No,0.295,0.006999999999999999
ARK-VII/3b,PS1919-2,74.9967,-11.8267,01/09/1990,-1955,Yes,Yes,0.295,0
ARK-VII/3b,PS1922-1,75.0003,-8.771,02/09/1990,-3350,No,No,1.534,0.9995999999999999
ARK-VII/3b,PS1922-1,75.0003,-8.771,02/09/1990,-3350,No,Yes,1.534,0
ARK-VII/3b,PS1922-1,75.0003,-8.771,02/09/1990,-3350,Yes,No,1.534,0.0218
ARK-VII/3b,PS1922-1,75.0003,-8.771,02/09/1990,-3350,Yes,Yes,1.534,0
ARK-VII/3b,PS1927-2,71.4967,-17.1483,03/09/1990,-1706,No,No,0.7725,1
ARK-VII/3b,PS1927-2,71.4967,-17.1483,03/09/1990,-1706,No,Yes,0.7725,0
ARK-VII/3b,PS1927-2,71.4967,-17.1483,03/09/1990,-1706,Yes,No,0.7725,0.006
ARK-VII/3b,PS1927-2,71.4967,-17.1483,03/09/1990,-1706,Yes,Yes,0.7725,0
ARK-VII/3b,PS1951-1,68.8417,-20.825,27/09/1990,-1459,No,No,0.8724999999999999,1
ARK-VII/3b,PS1951-1,68.8417,-20.825,27/09/1990,-1459,No,Yes,0.8724999999999999,0
ARK-VII/3b,PS1951-1,68.8417,-20.825,27/09/1990,-1459,Yes,No,0.8724999999999999,0.01975
ARK-VII/3b,PS1951-1,68.8417,-20.825,27/09/1990,-1459,Yes,Yes,0.8724999999999999,0
ARK-VIII/2,PS2129-1,81.3667,17.4717,11/07/1991,-861,No,No,0.3,0.9946666666666666
ARK-VIII/2,PS2129-1,81.3667,17.4717,11/07/1991,-861,No,Yes,0.3,6.666666666666668e-4
ARK-VIII/2,PS2129-1,81.3667,17.4717,11/07/1991,-861,Yes,No,0.3,0.029666666666666668
ARK-VIII/2,PS2129-1,81.3667,17.4717,11/07/1991,-861,Yes,Yes,0.3,0
ARK-VIII/2,PS2138-1,81.535,30.5933,18/07/1991,-862,No,No,1.722,1.0018
ARK-VIII/2,PS2138-1,81.535,30.5933,18/07/1991,-862,No,Yes,1.722,0
ARK-VIII/2,PS2138-1,81.535,30.5933,18/07/1991,-862,Yes,No,1.722,0.022199999999999998
ARK-VIII/2,PS2138-1,81.535,30.5933,18/07/1991,-862,Yes,Yes,1.722,0
ARK-X/2,PS2613-6,74.1767,-0.48,19/08/1994,-3266,No,No,0.35,0.9989999999999999
ARK-X/2,PS2613-6,74.1767,-0.48,19/08/1994,-3266,No,Yes,0.35,0
ARK-X/2,PS2613-6,74.1767,-0.48,19/08/1994,-3266,Yes,No,0.35,0.033
ARK-X/2,PS2613-6,74.1767,-0.48,19/08/1994,-3266,Yes,Yes,0.35,0
ARK-X/2,PS2644-5,67.8667,-21.765,19/09/1994,-777,No,No,1.0899999999999999,0.9984999999999999
ARK-X/2,PS2644-5,67.8667,-21.765,19/09/1994,-777,No,Yes,1.0899999999999999,0
ARK-X/2,PS2644-5,67.8667,-21.765,19/09/1994,-777,Yes,No,1.0899999999999999,0.01975
ARK-X/2,PS2644-5,67.8667,-21.765,19/09/1994,-777,Yes,Yes,1.0899999999999999,0
ARK-XIII/2,PS2837-5,81.2333,2.3817,12/07/1997,-1023,No,No,3.936666666666667,0.9976666666666667
ARK-XIII/2,PS2837-5,81.2333,2.3817,12/07/1997,-1023,No,Yes,3.936666666666667,0
ARK-XIII/2,PS2837-5,81.2333,2.3817,12/07/1997,-1023,Yes,No,3.936666666666667,0.023666666666666666
ARK-XIII/2,PS2837-5,81.2333,2.3817,12/07/1997,-1023,Yes,Yes,3.936666666666667,0
ARK-XIII/3,PS2876-1,81.759,-9.4355,24/08/1997,-1976,No,No,0.254,0.998
ARK-XIII/3,PS2876-1,81.759,-9.4355,24/08/1997,-1976,No,Yes,0.254,0
ARK-XIII/3,PS2876-1,81.759,-9.4355,24/08/1997,-1976,Yes,No,0.254,0.0342
ARK-XIII/3,PS2876-1,81.759,-9.4355,24/08/1997,-1976,Yes,Yes,0.254,0
ARK-XIII/3,PS2887-1,79.6,-4.6077,03/09/1997,-1411,No,No,0.49333333333333335,0.9996666666666667
ARK-XIII/3,PS2887-1,79.6,-4.6077,03/09/1997,-1411,No,Yes,0.49333333333333335,0
ARK-XIII/3,PS2887-1,79.6,-4.6077,03/09/1997,-1411,Yes,No,0.49333333333333335,0.027999999999999997
ARK-XIII/3,PS2887-1,79.6,-4.6077,03/09/1997,-1411,Yes,Yes,0.49333333333333335,0
CEPAG,SU81-18,37.767,-10.183,01/01/1981,-3155,No,No,3.9,0.4768181818181818
CEPAG,SU81-18,37.767,-10.183,01/01/1981,-3155,No,Yes,3.9,0.2037272727272727
CEPAG,SU81-18,37.767,-10.183,01/01/1981,-3155,Yes,No,3.9,0.7328181818181818
CEPAG,SU81-18,37.767,-10.183,01/01/1981,-3155,Yes,Yes,3.9,0.11363636363636363
CH8X,CH82-24,43.465,-30.66,NA,-3070,No,No,0.63,0.45799999999999996
CH8X,CH82-24,43.465,-30.66,NA,-3070,No,Yes,0.63,0.345
CH8X,CH82-24,43.465,-30.66,NA,-3070,Yes,No,0.63,0.14600000000000002
CH8X,CH82-24,43.465,-30.66,NA,-3070,Yes,Yes,0.63,0.19649999999999998
D184,BOFS14K,58.6288,-19.4349,03/08/1989,-1756,No,No,0.37,0.941
D184,BOFS14K,58.6288,-19.4349,03/08/1989,-1756,No,Yes,0.37,0.03
D184,BOFS14K,58.6288,-19.4349,03/08/1989,-1756,Yes,No,0.37,0.0655
D184,BOFS14K,58.6288,-19.4349,03/08/1989,-1756,Yes,Yes,0.37,0
D184,BOFS17K,58.001,-16.5014,10/08/1989,-1150,No,No,0.72,0.9314
D184,BOFS17K,58.001,-16.5014,10/08/1989,-1150,No,Yes,0.72,0.024
D184,BOFS17K,58.001,-16.5014,10/08/1989,-1150,Yes,No,0.72,0.0646
D184,BOFS17K,58.001,-16.5014,10/08/1989,-1150,Yes,Yes,0.72,0
D184,BOFS5K,50.6876,-21.8635,26/07/1989,-3547,No,No,0.86,0.9731111111111111
D184,BOFS5K,50.6876,-21.8635,26/07/1989,-3547,No,Yes,0.86,0.013888888888888888
D184,BOFS5K,50.6876,-21.8635,26/07/1989,-3547,Yes,No,0.86,0.021333333333333333
D184,BOFS5K,50.6876,-21.8635,26/07/1989,-3547,Yes,Yes,0.86,0.0031111111111111114
D184,BOFS8K,52.5033,-22.0623,30/07/1989,-4045,No,No,0.88,0.9821818181818182
D184,BOFS8K,52.5033,-22.0623,30/07/1989,-4045,No,Yes,0.88,0.007727272727272727
D184,BOFS8K,52.5033,-22.0623,30/07/1989,-4045,Yes,No,0.88,0.026090909090909095
D184,BOFS8K,52.5033,-22.0623,30/07/1989,-4045,Yes,Yes,0.88,0
GEOFAR,KF09,37.1113,-32.2868,01/08/1993,-2655,No,No,2.725,0.27925
GEOFAR,KF09,37.1113,-32.2868,01/08/1993,-2655,No,Yes,2.725,0.2335
GEOFAR,KF09,37.1113,-32.2868,01/08/1993,-2655,Yes,No,2.725,0.7745000000000001
GEOFAR,KF09,37.1113,-32.2868,01/08/1993,-2655,Yes,Yes,2.725,0.151
GEOFAR,KF13,37.5783,-31.8422,01/08/1993,-2690,No,No,1.7666666666666666,0.364
GEOFAR,KF13,37.5783,-31.8422,01/08/1993,-2690,No,Yes,1.7666666666666666,0.22466666666666665
GEOFAR,KF13,37.5783,-31.8422,01/08/1993,-2690,Yes,No,1.7666666666666666,0.675
GEOFAR,KF13,37.5783,-31.8422,01/08/1993,-2690,Yes,Yes,1.7666666666666666,0.128
GEOFAR,KF16,37.999,-31.1283,01/08/1993,-3050,No,No,6,0.413
GEOFAR,KF16,37.999,-31.1283,01/08/1993,-3050,No,Yes,6,0.27
GEOFAR,KF16,37.999,-31.1283,01/08/1993,-3050,Yes,No,6,0.657
GEOFAR,KF16,37.999,-31.1283,01/08/1993,-3050,Yes,Yes,6,0.05199999999999999
HUD90/13,HU90-13-013,58.2098,-48.3733,NA,-3380,No,No,4.78,0.9940000000000001
HUD90/13,HU90-13-013,58.2098,-48.3733,NA,-3380,No,Yes,4.78,0.006999999999999999
HUD90/13,HU90-13-013,58.2098,-48.3733,NA,-3380,Yes,No,4.78,0.006999999999999999
HUD90/13,HU90-13-013,58.2098,-48.3733,NA,-3380,Yes,Yes,4.78,0
M11/1,GIK17045-3,52.425,-16.665,07/10/1989,-3663,No,No,0.8566666666666667,0.9523333333333335
M11/1,GIK17045-3,52.425,-16.665,07/10/1989,-3663,No,Yes,0.8566666666666667,0.037
M11/1,GIK17045-3,52.425,-16.665,07/10/1989,-3663,Yes,No,0.8566666666666667,0.05433333333333334
M11/1,GIK17045-3,52.425,-16.665,07/10/1989,-3663,Yes,Yes,0.8566666666666667,0
M11/1,GIK17049-6,55.26,-26.725,11/10/1989,-3331,No,No,1.6,1
M11/1,GIK17049-6,55.26,-26.725,11/10/1989,-3331,No,Yes,1.6,0.012999999999999998
M11/1,GIK17049-6,55.26,-26.725,11/10/1989,-3331,Yes,No,1.6,0.028000000000000004
M11/1,GIK17049-6,55.26,-26.725,11/10/1989,-3331,Yes,Yes,1.6,0
M11/1,GIK17050-1,55.47,-27.8883,12/10/1989,-2795,No,No,3.85,0.955
M11/1,GIK17050-1,55.47,-27.8883,12/10/1989,-2795,No,Yes,3.85,0.07600000000000001
M11/1,GIK17050-1,55.47,-27.8883,12/10/1989,-2795,Yes,No,3.85,0.038
M11/1,GIK17050-1,55.47,-27.8883,12/10/1989,-2795,Yes,Yes,3.85,0.0016666666666666666
M11/1,GIK17051-3,56.1633,-31.99,13/10/1989,-2295,No,No,2.05,1.013
M11/1,GIK17051-3,56.1633,-31.99,13/10/1989,-2295,No,Yes,2.05,0.01
M11/1,GIK17051-3,56.1633,-31.99,13/10/1989,-2295,Yes,No,2.05,0.028999999999999998
M11/1,GIK17051-3,56.1633,-31.99,13/10/1989,-2295,Yes,Yes,2.05,0
M11/1,GIK17055-1,48.215,-27.0567,17/10/1989,-2558,No,No,0.7,1.011
M11/1,GIK17055-1,48.215,-27.0567,17/10/1989,-2558,No,Yes,0.7,0.002
M11/1,GIK17055-1,48.215,-27.0567,17/10/1989,-2558,Yes,No,0.7,0.009000000000000001
M11/1,GIK17055-1,48.215,-27.0567,17/10/1989,-2558,Yes,Yes,0.7,0
M13/2,GIK17724-2,76,8.3333,07/08/1990,-2354,No,No,0.575,0.9990000000000001
M13/2,GIK17724-2,76,8.3333,07/08/1990,-2354,No,Yes,0.575,0.001
M13/2,GIK17724-2,76,8.3333,07/08/1990,-2354,Yes,No,0.575,0.027999999999999997
M13/2,GIK17724-2,76,8.3333,07/08/1990,-2354,Yes,Yes,0.575,0
M13/2,GIK17725-1,77.46,4.58,08/08/1990,-2577,No,No,0.25,0.992
M13/2,GIK17725-1,77.46,4.58,08/08/1990,-2577,No,Yes,0.25,0.006
M13/2,GIK17725-1,77.46,4.58,08/08/1990,-2577,Yes,No,0.25,0.035
M13/2,GIK17725-1,77.46,4.58,08/08/1990,-2577,Yes,Yes,0.25,0.002
M13/2,GIK17730-4,72.1117,7.3883,11/08/1990,-2749,No,No,1.3933333333333333,0.9896666666666667
M13/2,GIK17730-4,72.1117,7.3883,11/08/1990,-2749,No,Yes,1.3933333333333333,0.005
M13/2,GIK17730-4,72.1117,7.3883,11/08/1990,-2749,Yes,No,1.3933333333333333,0.025666666666666664
M13/2,GIK17730-4,72.1117,7.3883,11/08/1990,-2749,Yes,Yes,1.3933333333333333,0
M17/2,GIK23419-8,54.9617,-19.755,28/08/1991,-1487,No,No,0.4,0.9249999999999998
M17/2,GIK23419-8,54.9617,-19.755,28/08/1991,-1487,No,Yes,0.4,0.035
M17/2,GIK23419-8,54.9617,-19.755,28/08/1991,-1487,Yes,No,0.4,0.10200000000000001
M17/2,GIK23419-8,54.9617,-19.755,28/08/1991,-1487,Yes,Yes,0.4,0
M2/2,GIK23056-2,68.5017,3.8383,05/07/1986,-2665,No,No,0.32499999999999996,1.025
M2/2,GIK23056-2,68.5017,3.8383,05/07/1986,-2665,No,Yes,0.32499999999999996,0.001
M2/2,GIK23056-2,68.5017,3.8383,05/07/1986,-2665,Yes,No,0.32499999999999996,0.015
M2/2,GIK23056-2,68.5017,3.8383,05/07/1986,-2665,Yes,Yes,0.32499999999999996,0
M2/2,GIK23065-2,68.495,0.8317,09/07/1986,-2804,No,No,0.32,2.015333333333333
M2/2,GIK23065-2,68.495,0.8317,09/07/1986,-2804,No,Yes,0.32,0.014666666666666666
M2/2,GIK23065-2,68.495,0.8317,09/07/1986,-2804,Yes,No,0.32,0.046
M2/2,GIK23065-2,68.495,0.8317,09/07/1986,-2804,Yes,Yes,0.32,0
M2/2,GIK23071-3,67.085,2.9083,12/07/1986,-1308,No,No,1.176,1
M2/2,GIK23071-3,67.085,2.9083,12/07/1986,-1308,No,Yes,1.176,0
M2/2,GIK23071-3,67.085,2.9083,12/07/1986,-1308,Yes,No,1.176,0.023399999999999997
M2/2,GIK23071-3,67.085,2.9083,12/07/1986,-1308,Yes,Yes,1.176,0
M2/2,GIK23074-1,66.6667,4.905,13/07/1986,-1157,No,No,1.8092307692307692,0.971
M2/2,GIK23074-1,66.6667,4.905,13/07/1986,-1157,No,Yes,1.8092307692307692,0
M2/2,GIK23074-1,66.6667,4.905,13/07/1986,-1157,Yes,No,1.8092307692307692,0.030846153846153846
M2/2,GIK23074-1,66.6667,4.905,13/07/1986,-1157,Yes,Yes,1.8092307692307692,0
M25,GIK12309-2,26.8383,-15.11,31/10/1971,-2820,No,No,1.6166666666666667,0.43433333333333335
M25,GIK12309-2,26.8383,-15.11,31/10/1971,-2820,No,Yes,1.6166666666666667,0.316
M25,GIK12309-2,26.8383,-15.11,31/10/1971,-2820,Yes,No,1.6166666666666667,0.572
M25,GIK12309-2,26.8383,-15.11,31/10/1971,-2820,Yes,Yes,1.6166666666666667,0.079
M25,GIK12310-4,23.4983,-18.7167,02/11/1971,-3080,No,No,0.96,0.36499999999999994
M25,GIK12310-4,23.4983,-18.7167,02/11/1971,-3080,No,Yes,0.96,0.345
M25,GIK12310-4,23.4983,-18.7167,02/11/1971,-3080,Yes,No,0.96,0.6619999999999999
M25,GIK12310-4,23.4983,-18.7167,02/11/1971,-3080,Yes,Yes,0.96,0.081
M25,GIK12328-5,21.145,-18.5733,08/11/1971,-2778,No,No,1.85,0.3175
M25,GIK12328-5,21.145,-18.5733,08/11/1971,-2778,No,Yes,1.85,0.36274999999999996
M25,GIK12328-5,21.145,-18.5733,08/11/1971,-2778,Yes,No,1.85,0.6214999999999999
M25,GIK12328-5,21.145,-18.5733,08/11/1971,-2778,Yes,Yes,1.85,0.07075000000000001
M25,GIK12329-6,19.3667,-19.93,09/11/1971,-3320,No,No,0.45499999999999996,0.2465
M25,GIK12329-6,19.3667,-19.93,09/11/1971,-3320,No,Yes,0.45499999999999996,0.26899999999999996
M25,GIK12329-6,19.3667,-19.93,09/11/1971,-3320,Yes,No,0.45499999999999996,0.809
M25,GIK12329-6,19.3667,-19.93,09/11/1971,-3320,Yes,Yes,0.45499999999999996,0.10149999999999998
M25,GIK12337-5,15.9533,-18.1333,14/11/1971,-3082,No,No,1.6,0.095
M25,GIK12337-5,15.9533,-18.1333,14/11/1971,-3082,No,Yes,1.6,0.447
M25,GIK12337-5,15.9533,-18.1333,14/11/1971,-3082,Yes,No,1.6,0.5329999999999999
M25,GIK12337-5,15.9533,-18.1333,14/11/1971,-3082,Yes,Yes,1.6,0.226
M25,GIK12345-5,15.48,-17.36,17/11/1971,-945,No,No,4.45,0.24783333333333332
M25,GIK12345-5,15.48,-17.36,17/11/1971,-945,No,Yes,4.45,0.21883333333333332
M25,GIK12345-5,15.48,-17.36,17/11/1971,-945,Yes,No,4.45,0.7933333333333333
M25,GIK12345-5,15.48,-17.36,17/11/1971,-945,Yes,Yes,4.45,0.26266666666666666
M25,GIK12347-2,15.825,-17.8617,17/11/1971,-2576,No,No,3,0.319
M25,GIK12347-2,15.825,-17.8617,17/11/1971,-2576,No,Yes,3,0.20433333333333334
M25,GIK12347-2,15.825,-17.8617,17/11/1971,-2576,Yes,No,3,0.7483333333333333
M25,GIK12347-2,15.825,-17.8617,17/11/1971,-2576,Yes,Yes,3,0.2543333333333333
M25,GIK12379-1,23.135,-17.745,30/11/1971,-2066,No,No,1.4766666666666666,0.32766666666666666
M25,GIK12379-1,23.135,-17.745,30/11/1971,-2066,No,Yes,1.4766666666666666,0.33366666666666667
M25,GIK12379-1,23.135,-17.745,30/11/1971,-2066,Yes,No,1.4766666666666666,0.7373333333333334
M25,GIK12379-1,23.135,-17.745,30/11/1971,-2066,Yes,Yes,1.4766666666666666,0.05466666666666667
M25,GIK12392-1,25.1717,-16.845,03/12/1971,-2575,No,No,1.224,0.4208
M25,GIK12392-1,25.1717,-16.845,03/12/1971,-2575,No,Yes,1.224,0.3724
M25,GIK12392-1,25.1717,-16.845,03/12/1971,-2575,Yes,No,1.224,0.59
M25,GIK12392-1,25.1717,-16.845,03/12/1971,-2575,Yes,Yes,1.224,0.0344
M35/1,M35003-4,12.09,-61.2433,19/04/1996,-1299,No,No,3.1714285714285713,0.11171428571428571
M35/1,M35003-4,12.09,-61.2433,19/04/1996,-1299,No,Yes,3.1714285714285713,0.09428571428571429
M35/1,M35003-4,12.09,-61.2433,19/04/1996,-1299,Yes,No,3.1714285714285713,0.17
M35/1,M35003-4,12.09,-61.2433,19/04/1996,-1299,Yes,Yes,3.1714285714285713,0.9127142857142857
M35/1,M35027-1,17.6483,-67.1667,04/05/1996,-1814,No,No,0.524,0.0644
M35/1,M35027-1,17.6483,-67.1667,04/05/1996,-1814,No,Yes,0.524,0.0882
M35/1,M35027-1,17.6483,-67.1667,04/05/1996,-1814,Yes,No,0.524,0.21359999999999998
M35/1,M35027-1,17.6483,-67.1667,04/05/1996,-1814,Yes,Yes,0.524,0.9667999999999999
M39,GIK13521-1,3.02,-22.0317,01/01/1975,-4504,No,No,0.39,0.26766666666666666
M39,GIK13521-1,3.02,-22.0317,01/01/1975,-4504,No,Yes,0.39,0.027000000000000003
M39,GIK13521-1,3.02,-22.0317,01/01/1975,-4504,Yes,No,0.39,0.7236666666666666
M39,GIK13521-1,3.02,-22.0317,01/01/1975,-4504,Yes,Yes,0.39,0.23933333333333337
M51,GIK13519-1,5.67,-19.8517,01/03/1979,-2862,No,No,0.28500000000000003,0.1125
M51,GIK13519-1,5.67,-19.8517,01/03/1979,-2862,No,Yes,0.28500000000000003,0.1045
M51,GIK13519-1,5.67,-19.8517,01/03/1979,-2862,Yes,No,0.28500000000000003,0.257
M51,GIK13519-1,5.67,-19.8517,01/03/1979,-2862,Yes,Yes,0.28500000000000003,0.8484999999999999
M53,GIK15627-3,29.1667,-12.0867,07/03/1980,-1024,No,No,0.2425,0.29875
M53,GIK15627-3,29.1667,-12.0867,07/03/1980,-1024,No,Yes,0.2425,0.38475000000000004
M53,GIK15627-3,29.1667,-12.0867,07/03/1980,-1024,Yes,No,0.2425,0.47100000000000003
M53,GIK15627-3,29.1667,-12.0867,07/03/1980,-1024,Yes,Yes,0.2425,0.14625
M53,GIK15637-1,27.005,-18.9867,10/03/1980,-3849,No,No,0.526,0.3164
M53,GIK15637-1,27.005,-18.9867,10/03/1980,-3849,No,Yes,0.526,0.1558
M53,GIK15637-1,27.005,-18.9867,10/03/1980,-3849,Yes,No,0.526,0.6954
M53,GIK15637-1,27.005,-18.9867,10/03/1980,-3849,Yes,Yes,0.526,0.2506
M53,GIK15669-1,34.8917,-7.815,21/03/1980,-2022,No,No,0.75,0.3258
M53,GIK15669-1,34.8917,-7.815,21/03/1980,-2022,No,Yes,0.75,0.20199999999999999
M53,GIK15669-1,34.8917,-7.815,21/03/1980,-2022,Yes,No,0.75,0.6784
M53,GIK15669-1,34.8917,-7.815,21/03/1980,-2022,Yes,Yes,0.75,0.19219999999999998
M57,GIK15612-2,44.36,-26.5433,20/08/1981,-3050,No,No,0.5740000000000001,0.9378
M57,GIK15612-2,44.36,-26.5433,20/08/1981,-3050,No,Yes,0.5740000000000001,0.1348
M57,GIK15612-2,44.36,-26.5433,20/08/1981,-3050,Yes,No,0.5740000000000001,0.1394
M57,GIK15612-2,44.36,-26.5433,20/08/1981,-3050,Yes,Yes,0.5740000000000001,0.008
M6/5,GIK16772-2,-1.35,-11.9617,21/01/1988,-3912,No,No,0.25,0.1465
M6/5,GIK16772-2,-1.35,-11.9617,21/01/1988,-3912,No,Yes,0.25,0.062
M6/5,GIK16772-2,-1.35,-11.9617,21/01/1988,-3912,Yes,No,0.25,0.8455000000000001
M6/5,GIK16772-2,-1.35,-11.9617,21/01/1988,-3912,Yes,Yes,0.25,0.32050000000000006
M6/5,GIK16776-1,3.735,-11.3983,25/01/1988,-4242,No,No,0.45,0.0395
M6/5,GIK16776-1,3.735,-11.3983,25/01/1988,-4242,No,Yes,0.45,0.0455
M6/5,GIK16776-1,3.735,-11.3983,25/01/1988,-4242,Yes,No,0.45,0.637
M6/5,GIK16776-1,3.735,-11.3983,25/01/1988,-4242,Yes,Yes,0.45,0.44
M6/5,GIK16867-2,-2.2017,5.1017,10/02/1988,-3891,No,No,0.55,0.14
M6/5,GIK16867-2,-2.2017,5.1017,10/02/1988,-3891,No,Yes,0.55,0.10700000000000001
M6/5,GIK16867-2,-2.2017,5.1017,10/02/1988,-3891,Yes,No,0.55,0.684
M6/5,GIK16867-2,-2.2017,5.1017,10/02/1988,-3891,Yes,Yes,0.55,0.509
M60,GIK16017-2,21.245,-17.8033,22/01/1982,-812,No,No,2.525,0.2383333333333333
M60,GIK16017-2,21.245,-17.8033,22/01/1982,-812,No,Yes,2.525,0.44366666666666665
M60,GIK16017-2,21.245,-17.8033,22/01/1982,-812,Yes,No,2.525,0.6735
M60,GIK16017-2,21.245,-17.8033,22/01/1982,-812,Yes,Yes,2.525,0.058499999999999996
M65,GIK16415-2,9.5667,-19.095,25/07/1983,-3845,No,No,0.35,0.253
M65,GIK16415-2,9.5667,-19.095,25/07/1983,-3845,No,Yes,0.35,0.114
M65,GIK16415-2,9.5667,-19.095,25/07/1983,-3845,Yes,No,0.35,0.573
M65,GIK16415-2,9.5667,-19.095,25/07/1983,-3845,Yes,Yes,0.35,0.47900000000000004
M7/2,GIK23262-2,72.2252,14.4273,22/07/1988,-1130,No,No,2.425,0.99
M7/2,GIK23262-2,72.2252,14.4273,22/07/1988,-1130,No,Yes,2.425,0.0115
M7/2,GIK23262-2,72.2252,14.4273,22/07/1988,-1130,Yes,No,2.425,0.033
M7/2,GIK23262-2,72.2252,14.4273,22/07/1988,-1130,Yes,Yes,2.425,0
M7/3,GIK23294-4,72.3797,-10.5923,05/08/1988,-2215,No,No,1.15,0.9990000000000001
M7/3,GIK23294-4,72.3797,-10.5923,05/08/1988,-2215,No,Yes,1.15,0.002
M7/3,GIK23294-4,72.3797,-10.5923,05/08/1988,-2215,Yes,No,1.15,0.027000000000000003
M7/3,GIK23294-4,72.3797,-10.5923,05/08/1988,-2215,Yes,Yes,1.15,0
M7/5,GIK23351-1,70.3622,-18.2053,16/09/1988,-1672,No,No,0.6,0.9939999999999999
M7/5,GIK23351-1,70.3622,-18.2053,16/09/1988,-1672,No,Yes,0.6,0.001
M7/5,GIK23351-1,70.3622,-18.2053,16/09/1988,-1672,Yes,No,0.6,0.038
M7/5,GIK23351-1,70.3622,-18.2053,16/09/1988,-1672,Yes,Yes,0.6,0
M7/5,GIK23354-6,70.3315,-10.6288,18/09/1988,-1747,No,No,0.8,1
M7/5,GIK23354-6,70.3315,-10.6288,18/09/1988,-1747,No,Yes,0.8,0
M7/5,GIK23354-6,70.3315,-10.6288,18/09/1988,-1747,Yes,No,0.8,0.03
M7/5,GIK23354-6,70.3315,-10.6288,18/09/1988,-1747,Yes,Yes,0.8,0
ODEN-96,OD-041-04,84.0292,11.2383,17/09/1996,-3344,No,No,0.14,0.9969999999999999
ODEN-96,OD-041-04,84.0292,11.2383,17/09/1996,-3344,No,Yes,0.14,6.666666666666666e-4
ODEN-96,OD-041-04,84.0292,11.2383,17/09/1996,-3344,Yes,No,0.14,0.021333333333333333
ODEN-96,OD-041-04,84.0292,11.2383,17/09/1996,-3344,Yes,Yes,0.14,0
PALEOCINAT,SU90-39,52.5667,-21.94,01/01/1990,-3955,No,No,0.855,0.9975
PALEOCINAT,SU90-39,52.5667,-21.94,01/01/1990,-3955,No,Yes,0.855,0.011000000000000001
PALEOCINAT,SU90-39,52.5667,-21.94,01/01/1990,-3955,Yes,No,0.855,0.0325
PALEOCINAT,SU90-39,52.5667,-21.94,01/01/1990,-3955,Yes,Yes,0.855,0
PALEOCINAT,SU90-I06,59.5217,-39.445,01/01/1990,-1315,No,No,0.21,0.9916666666666667
PALEOCINAT,SU90-I06,59.5217,-39.445,01/01/1990,-1315,No,Yes,0.21,0.0016666666666666668
PALEOCINAT,SU90-I06,59.5217,-39.445,01/01/1990,-1315,Yes,No,0.21,0.023666666666666666
PALEOCINAT,SU90-I06,59.5217,-39.445,01/01/1990,-1315,Yes,Yes,0.21,0
POS158/2,GIK16396-1,61.8722,-11.2423,20/04/1989,-1145,No,No,1.98,0.976
POS158/2,GIK16396-1,61.8722,-11.2423,20/04/1989,-1145,No,Yes,1.98,0.002
POS158/2,GIK16396-1,61.8722,-11.2423,20/04/1989,-1145,Yes,No,1.98,0.066
POS158/2,GIK16396-1,61.8722,-11.2423,20/04/1989,-1145,Yes,Yes,1.98,0
POS175/2,POS175/2_1171,67.9593,-18.6117,01/01/1990,-935,No,No,0.35,1.001
POS175/2,POS175/2_1171,67.9593,-18.6117,01/01/1990,-935,No,Yes,0.35,0
POS175/2,POS175/2_1171,67.9593,-18.6117,01/01/1990,-935,Yes,No,0.35,0.021
POS175/2,POS175/2_1171,67.9593,-18.6117,01/01/1990,-935,Yes,Yes,0.35,0
POS210/2,GIK23519-5,64.7973,-29.5958,18/08/1995,-1893,No,No,0.8133333333333334,1.0036666666666667
POS210/2,GIK23519-5,64.7973,-29.5958,18/08/1995,-1893,No,Yes,0.8133333333333334,0
POS210/2,GIK23519-5,64.7973,-29.5958,18/08/1995,-1893,Yes,No,0.8133333333333334,0.010666666666666666
POS210/2,GIK23519-5,64.7973,-29.5958,18/08/1995,-1893,Yes,Yes,0.8133333333333334,0
RC11,RC11-86,-35.78,18.45,02/03/1967,-2829,No,No,0.45,0.4255
RC11,RC11-86,-35.78,18.45,02/03/1967,-2829,No,Yes,0.45,0.12050000000000001
RC11,RC11-86,-35.78,18.45,02/03/1967,-2829,Yes,No,0.45,1.151
RC11,RC11-86,-35.78,18.45,02/03/1967,-2829,Yes,Yes,0.45,0.022
RC12,RC12-267,-38.68,-25.78,15/01/1969,-4144,No,No,0.655,0.637
RC12,RC12-267,-38.68,-25.78,15/01/1969,-4144,No,Yes,0.655,0.0315
RC12,RC12-267,-38.68,-25.78,15/01/1969,-4144,Yes,No,0.655,1.1755000000000002
RC12,RC12-267,-38.68,-25.78,15/01/1969,-4144,Yes,Yes,0.655,0.0030000000000000005
RC12,RC12-294,-37.27,-10.1,18/02/1969,-3308,No,No,0.4542857142857143,0.5124285714285715
RC12,RC12-294,-37.27,-10.1,18/02/1969,-3308,No,Yes,0.4542857142857143,0.3441428571428571
RC12,RC12-294,-37.27,-10.1,18/02/1969,-3308,Yes,No,0.4542857142857143,0.6255714285714286
RC12,RC12-294,-37.27,-10.1,18/02/1969,-3308,Yes,Yes,0.4542857142857143,0.018571428571428572
RC13,RC13-153,15.065,-75.95,06/07/1970,-3334,No,No,0.565,0.06899999999999999
RC13,RC13-153,15.065,-75.95,06/07/1970,-3334,No,Yes,0.565,0.0655
RC13,RC13-153,15.065,-75.95,06/07/1970,-3334,Yes,No,0.565,0.275
RC13,RC13-153,15.065,-75.95,06/07/1970,-3334,Yes,Yes,0.565,1.0855
RC13,RC13-228,-22.33,11.198,08/10/1970,-3204,No,No,1.2,0.43660000000000004
RC13,RC13-228,-22.33,11.198,08/10/1970,-3204,No,Yes,1.2,0.1802
RC13,RC13-228,-22.33,11.198,08/10/1970,-3204,Yes,No,1.2,0.868
RC13,RC13-228,-22.33,11.198,08/10/1970,-3204,Yes,Yes,1.2,0.0384
RC13,RC13-229,-25.49,11.307,10/10/1970,-4191,No,No,0.54,0.7094000000000001
RC13,RC13-229,-25.49,11.307,10/10/1970,-4191,No,Yes,0.54,0.0842
RC13,RC13-229,-25.49,11.307,10/10/1970,-4191,Yes,No,0.54,1.0252
RC13,RC13-229,-25.49,11.307,10/10/1970,-4191,Yes,Yes,0.54,0.034800000000000005
RC24,RC24-16,-5.038,-10.19,26/03/1983,-3543,No,No,0.66,0.07233333333333332
RC24,RC24-16,-5.038,-10.19,26/03/1983,-3543,No,Yes,0.66,0.11800000000000001
RC24,RC24-16,-5.038,-10.19,26/03/1983,-3543,Yes,No,0.66,0.7246666666666667
RC24,RC24-16,-5.038,-10.19,26/03/1983,-3543,Yes,Yes,0.66,0.4143333333333334
SO82,SO82_5-2,59.1862,-30.9048,21/10/1992,-1416,No,No,1.075,0.9908333333333332
SO82,SO82_5-2,59.1862,-30.9048,21/10/1992,-1416,No,Yes,1.075,0.006333333333333333
SO82,SO82_5-2,59.1862,-30.9048,21/10/1992,-1416,Yes,No,1.075,0.022333333333333334
SO82,SO82_5-2,59.1862,-30.9048,21/10/1992,-1416,Yes,Yes,1.075,6.666666666666668e-4
SU92,SU92-21,36.5117,-23.7367,NA,-4170,No,No,0.8,0.3716666666666667
SU92,SU92-21,36.5117,-23.7367,NA,-4170,No,Yes,0.8,0.08433333333333333
SU92,SU92-21,36.5117,-23.7367,NA,-4170,Yes,No,0.8,1.1293333333333333
SU92,SU92-21,36.5117,-23.7367,NA,-4170,Yes,Yes,0.8,0.13
V16,V16-20,17.933,-50.35,08/11/1959,-4539,No,No,0.402,0.0724
V16,V16-20,17.933,-50.35,08/11/1959,-4539,No,Yes,0.402,0.0308
V16,V16-20,17.933,-50.35,08/11/1959,-4539,Yes,No,0.402,0.107
V16,V16-20,17.933,-50.35,08/11/1959,-4539,Yes,Yes,0.402,1.3478
V16,V16-205,15.4,-43.4,18/07/1960,-4043,No,No,0.19,0.18
V16,V16-205,15.4,-43.4,18/07/1960,-4043,No,Yes,0.19,0.025
V16,V16-205,15.4,-43.4,18/07/1960,-4043,Yes,No,0.19,0.044
V16,V16-205,15.4,-43.4,18/07/1960,-4043,Yes,Yes,0.19,1.2230000000000003
V17,V17-165,32.75,-41.9,29/07/1961,-3924,No,No,0.48,0.19899999999999998
V17,V17-165,32.75,-41.9,29/07/1961,-3924,No,Yes,0.48,0.16524999999999998
V17,V17-165,32.75,-41.9,29/07/1961,-3924,Yes,No,0.48,0.6455
V17,V17-165,32.75,-41.9,29/07/1961,-3924,Yes,Yes,0.48,0.522
V18,V18-357,15.033,-80.23,30/10/1962,-1818,No,No,0.635,0.087
V18,V18-357,15.033,-80.23,30/10/1962,-1818,No,Yes,0.635,0.029833333333333333
V18,V18-357,15.033,-80.23,30/10/1962,-1818,Yes,No,0.635,0.20816666666666667
V18,V18-357,15.033,-80.23,30/10/1962,-1818,Yes,Yes,0.635,1.1316666666666666
V22,V22-174,-10.07,-12.82,13/05/1966,-2630,No,No,0.578,0.21980000000000005
V22,V22-174,-10.07,-12.82,13/05/1966,-2630,No,Yes,0.578,0.0774
V22,V22-174,-10.07,-12.82,13/05/1966,-2630,Yes,No,0.578,0.5294
V22,V22-174,-10.07,-12.82,13/05/1966,-2630,Yes,Yes,0.578,0.7879999999999999
V22,V22-197,14.167,-18.58,22/05/1966,-3167,No,No,1.198,0.4736
V22,V22-197,14.167,-18.58,22/05/1966,-3167,No,Yes,1.198,0.12179999999999999
V22,V22-197,14.167,-18.58,22/05/1966,-3167,Yes,No,1.198,0.9296
V22,V22-197,14.167,-18.58,22/05/1966,-3167,Yes,Yes,1.198,0.1804
V23,V23-100,21.3,-22.68,09/11/1966,-4579,No,No,0.4,0.5770000000000001
V23,V23-100,21.3,-22.68,09/11/1966,-4579,No,Yes,0.4,0.10149999999999998
V23,V23-100,21.3,-22.68,09/11/1966,-4579,Yes,No,0.4,0.21050000000000005
V23,V23-100,21.3,-22.68,09/11/1966,-4579,Yes,Yes,0.4,0.23700000000000002
V23,V23-81,54.25,-16.83,18/10/1966,-2393,No,No,2.65,0.9827142857142855
V23,V23-81,54.25,-16.83,18/10/1966,-2393,No,Yes,2.65,0.03728571428571428
V23,V23-81,54.25,-16.83,18/10/1966,-2393,Yes,No,2.65,0.011
V23,V23-81,54.25,-16.83,18/10/1966,-2393,Yes,Yes,2.65,8.57142857142857e-4
V25,V25-56,-3.55,-35.23,24/02/1968,-3512,No,No,0.702,0.677
V25,V25-56,-3.55,-35.23,24/02/1968,-3512,No,Yes,0.702,0.023
V25,V25-56,-3.55,-35.23,24/02/1968,-3512,Yes,No,0.702,0.6970000000000001
V25,V25-56,-3.55,-35.23,24/02/1968,-3512,Yes,Yes,0.702,0.5770000000000001
V25,V25-59,1.367,-33.48,26/02/1968,-3824,No,No,0.51,0.21716666666666667
V25,V25-59,1.367,-33.48,26/02/1968,-3824,No,Yes,0.51,0.034
V25,V25-59,1.367,-33.48,26/02/1968,-3824,Yes,No,0.51,0.39416666666666667
V25,V25-59,1.367,-33.48,26/02/1968,-3824,Yes,Yes,0.51,0.7051666666666666
V26,V26-124,16.133,-74.45,13/03/1969,-3005,No,No,0.6966666666666667,0.05733333333333333
V26,V26-124,16.133,-74.45,13/03/1969,-3005,No,Yes,0.6966666666666667,0.05666666666666667
V26,V26-124,16.133,-74.45,13/03/1969,-3005,Yes,No,0.6966666666666667,0.27499999999999997
V26,V26-124,16.133,-74.45,13/03/1969,-3005,Yes,Yes,0.6966666666666667,1.089
V27,V27-60,72.183,8.583,05/08/1969,-2525,No,No,2.1,0.983
V27,V27-60,72.183,8.583,05/08/1969,-2525,No,Yes,2.1,6e-4
V27,V27-60,72.183,8.583,05/08/1969,-2525,Yes,No,2.1,0.042800000000000005
V27,V27-60,72.183,8.583,05/08/1969,-2525,Yes,Yes,2.1,0
V27,V27-86,66.6,1.117,05/09/1969,-2900,No,No,0.6499999999999999,0.9839999999999999
V27,V27-86,66.6,1.117,05/09/1969,-2900,No,Yes,0.6499999999999999,0
V27,V27-86,66.6,1.117,05/09/1969,-2900,Yes,No,0.6499999999999999,0.0425
V27,V27-86,66.6,1.117,05/09/1969,-2900,Yes,Yes,0.6499999999999999,0
V28,V28-127,11.65,-80.13,05/01/1971,-3237,No,No,0.6,0.15900000000000003
V28,V28-127,11.65,-80.13,05/01/1971,-3237,No,Yes,0.6,0.028000000000000004
V28,V28-127,11.65,-80.13,05/01/1971,-3237,Yes,No,0.6,0.14
V28,V28-127,11.65,-80.13,05/01/1971,-3237,Yes,Yes,0.6,1.2379999999999998
V28,V28-14,64.783,-29.57,19/07/1970,-1855,No,No,1.6,0.9836666666666666
V28,V28-14,64.783,-29.57,19/07/1970,-1855,No,Yes,1.6,0
V28,V28-14,64.783,-29.57,19/07/1970,-1855,Yes,No,1.6,0.046000000000000006
V28,V28-14,64.783,-29.57,19/07/1970,-1855,Yes,Yes,1.6,0
V28,V28-56,68.033,-6.117,13/09/1970,-2941,No,No,0.7,0.982
V28,V28-56,68.033,-6.117,13/09/1970,-2941,No,Yes,0.7,0
V28,V28-56,68.033,-6.117,13/09/1970,-2941,Yes,No,0.7,0.04166666666666667
V28,V28-56,68.033,-6.117,13/09/1970,-2941,Yes,Yes,0.7,0
V29,V29-179,44.017,-24.53,23/07/1972,-3331,No,No,0.87,0.6890000000000001
V29,V29-179,44.017,-24.53,23/07/1972,-3331,No,Yes,0.87,0.17800000000000002
V29,V29-179,44.017,-24.53,23/07/1972,-3331,Yes,No,0.87,0.418
V29,V29-179,44.017,-24.53,23/07/1972,-3331,Yes,Yes,0.87,0.033
V30,V30-40,-0.2,-23.15,15/02/1973,-3706,No,No,0.51,0.3406
V30,V30-40,-0.2,-23.15,15/02/1973,-3706,No,Yes,0.51,0.0512
V30,V30-40,-0.2,-23.15,15/02/1973,-3706,Yes,No,0.51,0.5604
V30,V30-40,-0.2,-23.15,15/02/1973,-3706,Yes,Yes,0.51,0.4282000000000001
V30,V30-49,18.433,-21.08,05/03/1973,-3093,No,No,0.66,0.1325
V30,V30-49,18.433,-21.08,05/03/1973,-3093,No,Yes,0.66,0.24050000000000002
V30,V30-49,18.433,-21.08,05/03/1973,-3093,Yes,No,0.66,0.77325
V30,V30-49,18.433,-21.08,05/03/1973,-3093,Yes,Yes,0.66,0.1805
VA-10/3,GIK13289-3,18.0732,-18.0092,06/08/1975,-2490,No,No,1.1,0.27
VA-10/3,GIK13289-3,18.0732,-18.0092,06/08/1975,-2490,No,Yes,1.1,0.3696666666666667
VA-10/3,GIK13289-3,18.0732,-18.0092,06/08/1975,-2490,Yes,No,1.1,0.6386666666666667
VA-10/3,GIK13289-3,18.0732,-18.0092,06/08/1975,-2490,Yes,Yes,1.1,0.099
VA-10/3,GIK13291-1,18.1175,-18.075,06/08/1975,-2696,No,No,1.315,0.20037500000000003
VA-10/3,GIK13291-1,18.1175,-18.075,06/08/1975,-2696,No,Yes,1.315,0.4115
VA-10/3,GIK13291-1,18.1175,-18.075,06/08/1975,-2696,Yes,No,1.315,0.63
VA-10/3,GIK13291-1,18.1175,-18.075,06/08/1975,-2696,Yes,Yes,1.315,0.070125
NA,HU87-033-008,62.6485,-53.8845,NA,-2424,No,No,2.5725,1
NA,HU87-033-008,62.6485,-53.8845,NA,-2424,No,Yes,2.5725,0
NA,HU87-033-008,62.6485,-53.8845,NA,-2424,Yes,No,2.5725,0.011
NA,HU87-033-008,62.6485,-53.8845,NA,-2424,Yes,Yes,2.5725,0
NA,HU91-045-090,50.3898,-45.26,NA,-3448,No,No,3.1625,0.9794999999999999
NA,HU91-045-090,50.3898,-45.26,NA,-3448,No,Yes,3.1625,0.01325
NA,HU91-045-090,50.3898,-45.26,NA,-3448,Yes,No,3.1625,0.0255
NA,HU91-045-090,50.3898,-45.26,NA,-3448,Yes,Yes,3.1625,0
NA,KN708-1,50,-23.75,NA,-4053,No,No,1,0.9959999999999998
NA,KN708-1,50,-23.75,NA,-4053,No,Yes,1,0.016
NA,KN708-1,50,-23.75,NA,-4053,Yes,No,1,0.019000000000000003
NA,KN708-1,50,-23.75,NA,-4053,Yes,Yes,1,0
NA,NA87-22,55.5,-14.5833,NA,-2161,No,No,3.95,0.9255
NA,NA87-22,55.5,-14.5833,NA,-2161,No,Yes,3.95,0.029166666666666664
NA,NA87-22,55.5,-14.5833,NA,-2161,Yes,No,3.95,0.05516666666666667
NA,NA87-22,55.5,-14.5833,NA,-2161,Yes,Yes,3.95,0
