Latitude,Longitude,Event,Depth [m],Elevation [m],Symbiosis,Spinose,Relative_Abundance
-36.8333,-14.4033,GeoB2021-5,0.13,-3575,No,No,0.4603
-36.8333,-14.4033,GeoB2021-5,0.13,-3575,No,Yes,0.26890000000000003
-36.8333,-14.4033,GeoB2021-5,0.13,-3575,Yes,No,0.46010000000000006
-36.8333,-14.4033,GeoB2021-5,0.13,-3575,Yes,Yes,0.0175
-36.06,-8.7783,GeoB2019-1,0.33,-3825,No,No,0.4281999999999999
-36.06,-8.7783,GeoB2019-1,0.33,-3825,No,Yes,0.34
-36.06,-8.7783,GeoB2019-1,0.33,-3825,Yes,No,0.3954
-36.06,-8.7783,GeoB2019-1,0.33,-3825,Yes,Yes,0.0359
-35.2067,-26.765,GeoB1306-1,0.19,-4057,No,No,0.6636
-35.2067,-26.765,GeoB1306-1,0.19,-4057,No,Yes,0.1402
-35.2067,-26.765,GeoB1306-1,0.19,-4057,Yes,No,0.28490000000000004
-35.2067,-26.765,GeoB1306-1,0.19,-4057,Yes,Yes,0.09849999999999999
-35.125,17.5433,GeoB3603-2,0.33,-2840,No,No,0.647
-35.125,17.5433,GeoB3603-2,0.33,-2840,No,Yes,0.163
-35.125,17.5433,GeoB3603-2,0.33,-2840,Yes,No,0.28159999999999996
-35.125,17.5433,GeoB3603-2,0.33,-2840,Yes,Yes,0.04939999999999999
-35.125,17.5433,GeoB3603-2,0.38,-2840,No,No,0.6033
-35.125,17.5433,GeoB3603-2,0.38,-2840,No,Yes,0.1653
-35.125,17.5433,GeoB3603-2,0.38,-2840,Yes,No,0.3361
-35.125,17.5433,GeoB3603-2,0.38,-2840,Yes,Yes,0.0333
-32.2683,-21.9667,GeoB3813-3,0.13,-4331,No,No,0.4375
-32.2683,-21.9667,GeoB3813-3,0.13,-4331,No,Yes,0.1524
-32.2683,-21.9667,GeoB3813-3,0.13,-4331,Yes,No,0.3967
-32.2683,-21.9667,GeoB3813-3,0.13,-4331,Yes,Yes,0.3265000000000001
-31.9,-1.33,GeoB2016-1,0.18,-3385,No,No,0.3521999999999999
-31.9,-1.33,GeoB2016-1,0.18,-3385,No,Yes,0.331
-31.9,-1.33,GeoB2016-1,0.18,-3385,Yes,No,0.3247
-31.9,-1.33,GeoB2016-1,0.18,-3385,Yes,Yes,0.21520000000000003
-31.6667,-28.6667,GeoB1309-2,0.18,-3963,No,No,0.3468
-31.6667,-28.6667,GeoB1309-2,0.18,-3963,No,Yes,0.0571
-31.6667,-28.6667,GeoB1309-2,0.18,-3963,Yes,No,0.29529999999999995
-31.6667,-28.6667,GeoB1309-2,0.18,-3963,Yes,Yes,0.7276000000000002
-31.6617,-29.6567,GeoB1312-2,0.13,-3436,No,No,0.29950000000000004
-31.6617,-29.6567,GeoB1312-2,0.13,-3436,No,Yes,0.0113
-31.6617,-29.6567,GeoB1312-2,0.13,-3436,Yes,No,0.30310000000000004
-31.6617,-29.6567,GeoB1312-2,0.13,-3436,Yes,Yes,0.9277999999999998
-30.87,14.3433,GeoB2004-2,0.68,-2569,No,No,0.6533
-30.87,14.3433,GeoB2004-2,0.68,-2569,No,Yes,0.12140000000000001
-30.87,14.3433,GeoB2004-2,0.68,-2569,Yes,No,0.26570000000000005
-30.87,14.3433,GeoB2004-2,0.68,-2569,Yes,Yes,0.09139999999999998
-30.87,14.3433,GeoB2004-2,0.73,-2569,No,No,0.6496999999999999
-30.87,14.3433,GeoB2004-2,0.73,-2569,No,Yes,0.1396
-30.87,14.3433,GeoB2004-2,0.73,-2569,Yes,No,0.2637
-30.87,14.3433,GeoB2004-2,0.73,-2569,Yes,Yes,0.10109999999999998
-30.87,14.3433,GeoB2004-2,0.78,-2569,No,No,0.7308999999999999
-30.87,14.3433,GeoB2004-2,0.78,-2569,No,Yes,0.1183
-30.87,14.3433,GeoB2004-2,0.78,-2569,Yes,No,0.2003
-30.87,14.3433,GeoB2004-2,0.78,-2569,Yes,Yes,0.07070000000000001
-30.8483,-38.3433,GeoB2819-1,0.13,-3435,No,No,0.3675
-30.8483,-38.3433,GeoB2819-1,0.13,-3435,No,Yes,0.1321
-30.8483,-38.3433,GeoB2819-1,0.13,-3435,Yes,No,0.3066
-30.8483,-38.3433,GeoB2819-1,0.13,-3435,Yes,Yes,0.5482999999999999
-30.8117,-14.7117,GeoB3808-6,0.18,-3213,No,No,0.2518
-30.8117,-14.7117,GeoB3808-6,0.18,-3213,No,Yes,0.25170000000000003
-30.8117,-14.7117,GeoB3808-6,0.18,-3213,Yes,No,0.3876
-30.8117,-14.7117,GeoB3808-6,0.18,-3213,Yes,Yes,0.4545000000000001
-29.5117,-8.305,GeoB3801-6,0.18,-4546,No,No,0.2681
-29.5117,-8.305,GeoB3801-6,0.18,-4546,No,Yes,0.1822
-29.5117,-8.305,GeoB3801-6,0.18,-4546,Yes,No,0.41850000000000004
-29.5117,-8.305,GeoB3801-6,0.18,-4546,Yes,Yes,0.46360000000000007
-29.45,11.75,GeoB1722-1,0.23,-3973,No,No,0.4732
-29.45,11.75,GeoB1722-1,0.23,-3973,No,Yes,0.1223
-29.45,11.75,GeoB1722-1,0.23,-3973,Yes,No,0.5915
-29.45,11.75,GeoB1722-1,0.23,-3973,Yes,Yes,0.10120000000000001
-29.45,11.75,GeoB1722-1,0.28,-3973,No,No,0.6579999999999999
-29.45,11.75,GeoB1722-1,0.28,-3973,No,Yes,0.09480000000000001
-29.45,11.75,GeoB1722-1,0.28,-3973,Yes,No,0.308
-29.45,11.75,GeoB1722-1,0.28,-3973,Yes,Yes,0.1311
-27.9117,-45.8817,GeoB2109-1,0.48,-2504,No,No,0.13940000000000002
-27.9117,-45.8817,GeoB2109-1,0.48,-2504,No,Yes,0.04100000000000001
-27.9117,-45.8817,GeoB2109-1,0.48,-2504,Yes,No,0.40959999999999996
-27.9117,-45.8817,GeoB2109-1,0.48,-2504,Yes,Yes,0.9095
-27.9117,-45.8817,GeoB2109-1,0.53,-2504,No,No,0.1433
-27.9117,-45.8817,GeoB2109-1,0.53,-2504,No,Yes,0.0659
-27.9117,-45.8817,GeoB2109-1,0.53,-2504,Yes,No,0.3586000000000001
-27.9117,-45.8817,GeoB2109-1,0.53,-2504,Yes,Yes,0.9477
-27.9117,-45.8817,GeoB2109-1,0.58,-2504,No,No,0.17270000000000002
-27.9117,-45.8817,GeoB2109-1,0.58,-2504,No,Yes,0.048600000000000004
-27.9117,-45.8817,GeoB2109-1,0.58,-2504,Yes,No,0.5309
-27.9117,-45.8817,GeoB2109-1,0.58,-2504,Yes,Yes,0.70630000000000015
-27.9117,-45.8817,GeoB2109-1,0.63,-2504,No,No,0.1487
-27.9117,-45.8817,GeoB2109-1,0.63,-2504,No,Yes,0.0392
-27.9117,-45.8817,GeoB2109-1,0.63,-2504,Yes,No,0.3667999999999999
-27.9117,-45.8817,GeoB2109-1,0.63,-2504,Yes,Yes,0.9691000000000003
-25.5117,-35.9983,GeoB2116-4,0.28,-4167,No,No,0.39409999999999995
-25.5117,-35.9983,GeoB2116-4,0.28,-4167,No,Yes,0.0339
-25.5117,-35.9983,GeoB2116-4,0.28,-4167,Yes,No,0.40990000000000004
-25.5117,-35.9983,GeoB2116-4,0.28,-4167,Yes,Yes,0.4126000000000001
-25.25,12.0217,GeoB3722-2,0.83,-3506,No,No,0.8809999999999999
-25.25,12.0217,GeoB3722-2,0.83,-3506,No,Yes,0.0408
-25.25,12.0217,GeoB3722-2,0.83,-3506,Yes,No,0.15380000000000002
-25.25,12.0217,GeoB3722-2,0.83,-3506,Yes,Yes,0.0013
-25.25,12.0217,GeoB3722-2,0.88,-3506,No,No,0.8073999999999999
-25.25,12.0217,GeoB3722-2,0.88,-3506,No,Yes,0.08289999999999999
-25.25,12.0217,GeoB3722-2,0.88,-3506,Yes,No,0.18020000000000003
-25.25,12.0217,GeoB3722-2,0.88,-3506,Yes,Yes,0.019200000000000002
-25.25,12.0217,GeoB3722-2,0.93,-3506,No,No,0.9109999999999999
-25.25,12.0217,GeoB3722-2,0.93,-3506,No,Yes,0.024399999999999998
-25.25,12.0217,GeoB3722-2,0.93,-3506,Yes,No,0.12179999999999999
-25.25,12.0217,GeoB3722-2,0.93,-3506,Yes,Yes,0.004200000000000001
-25.25,12.0217,GeoB3722-2,0.98,-3506,No,No,0.8942
-25.25,12.0217,GeoB3722-2,0.98,-3506,No,Yes,0.0529
-25.25,12.0217,GeoB3722-2,0.98,-3506,Yes,No,0.1026
-25.25,12.0217,GeoB3722-2,0.98,-3506,Yes,Yes,0.0022
-24.69,7.24,GeoB1214-1,0.23,-3210,No,No,0.39150000000000007
-24.69,7.24,GeoB1214-1,0.23,-3210,No,Yes,0.20370000000000002
-24.69,7.24,GeoB1214-1,0.23,-3210,Yes,No,0.4203
-24.69,7.24,GeoB1214-1,0.23,-3210,Yes,Yes,0.22159999999999996
-24.69,7.24,GeoB1214-1,0.28,-3210,No,No,0.4461
-24.69,7.24,GeoB1214-1,0.28,-3210,No,Yes,0.2048
-24.69,7.24,GeoB1214-1,0.28,-3210,Yes,No,0.3743
-24.69,7.24,GeoB1214-1,0.28,-3210,Yes,Yes,0.2065
-24.1833,-12.0217,GeoB5121-2,0.16,-3486,No,No,0.1209
-24.1833,-12.0217,GeoB5121-2,0.16,-3486,No,Yes,0.0759
-24.1833,-12.0217,GeoB5121-2,0.16,-3486,Yes,No,0.3439
-24.1833,-12.0217,GeoB5121-2,0.16,-3486,Yes,Yes,0.7959
-24.1433,-14.0433,GeoB5115-2,0.14,-3291,No,No,0.0951
-24.1433,-14.0433,GeoB5115-2,0.14,-3291,No,Yes,0.07479999999999999
-24.1433,-14.0433,GeoB5115-2,0.14,-3291,Yes,No,0.30329999999999996
-24.1433,-14.0433,GeoB5115-2,0.14,-3291,Yes,Yes,0.9610000000000001
-24.1433,-14.0433,GeoB5115-2,0.15,-3291,No,No,0.11299999999999999
-24.1433,-14.0433,GeoB5115-2,0.15,-3291,No,Yes,0.06770000000000001
-24.1433,-14.0433,GeoB5115-2,0.15,-3291,Yes,No,0.26899999999999996
-24.1433,-14.0433,GeoB5115-2,0.15,-3291,Yes,Yes,0.9730000000000001
-24.1433,-14.0433,GeoB5115-2,0.16,-3291,No,No,0.0943
-24.1433,-14.0433,GeoB5115-2,0.16,-3291,No,Yes,0.08439999999999999
-24.1433,-14.0433,GeoB5115-2,0.16,-3291,Yes,No,0.3563
-24.1433,-14.0433,GeoB5115-2,0.16,-3291,Yes,Yes,0.9009999999999999
-24.1433,-14.0433,GeoB5115-2,0.17,-3291,No,No,0.0913
-24.1433,-14.0433,GeoB5115-2,0.17,-3291,No,Yes,0.05140000000000001
-24.1433,-14.0433,GeoB5115-2,0.17,-3291,Yes,No,0.3544
-24.1433,-14.0433,GeoB5115-2,0.17,-3291,Yes,Yes,0.9227000000000001
-24.0333,5.3067,GeoB1220-1,0.33,-2265,No,No,0.4826
-24.0333,5.3067,GeoB1220-1,0.33,-2265,No,Yes,0.17
-24.0333,5.3067,GeoB1220-1,0.33,-2265,Yes,No,0.30400000000000005
-24.0333,5.3067,GeoB1220-1,0.33,-2265,Yes,Yes,0.27630000000000005
-24.0333,5.3067,GeoB1220-1,0.38,-2265,No,No,0.41800000000000004
-24.0333,5.3067,GeoB1220-1,0.38,-2265,No,Yes,0.19190000000000002
-24.0333,5.3067,GeoB1220-1,0.38,-2265,Yes,No,0.3689
-24.0333,5.3067,GeoB1220-1,0.38,-2265,Yes,Yes,0.2791
-23.825,-16.2583,GeoB5112-5,0.16,-3841,No,No,0.10010000000000002
-23.825,-16.2583,GeoB5112-5,0.16,-3841,No,Yes,0.0758
-23.825,-16.2583,GeoB5112-5,0.16,-3841,Yes,No,0.36089999999999994
-23.825,-16.2583,GeoB5112-5,0.16,-3841,Yes,Yes,0.8917999999999999
-23.315,12.3767,GeoB1711-4,1.73,-1967,No,No,0.865
-23.315,12.3767,GeoB1711-4,1.73,-1967,No,Yes,0.08
-23.315,12.3767,GeoB1711-4,1.73,-1967,Yes,No,0.059000000000000004
-23.315,12.3767,GeoB1711-4,1.73,-1967,Yes,Yes,0.006
-23.315,12.3767,GeoB1711-4,1.78,-1967,No,No,0.7809999999999999
-23.315,12.3767,GeoB1711-4,1.78,-1967,No,Yes,0.141
-23.315,12.3767,GeoB1711-4,1.78,-1967,Yes,No,0.087
-23.315,12.3767,GeoB1711-4,1.78,-1967,Yes,Yes,0
-23.315,12.3767,GeoB1711-4,1.83,-1967,No,No,0.853
-23.315,12.3767,GeoB1711-4,1.83,-1967,No,Yes,0.087
-23.315,12.3767,GeoB1711-4,1.83,-1967,Yes,No,0.06899999999999999
-23.315,12.3767,GeoB1711-4,1.83,-1967,Yes,Yes,0
-23.315,12.3767,GeoB1711-4,1.88,-1967,No,No,0.813
-23.315,12.3767,GeoB1711-4,1.88,-1967,No,Yes,0.049
-23.315,12.3767,GeoB1711-4,1.88,-1967,Yes,No,0.15
-23.315,12.3767,GeoB1711-4,1.88,-1967,Yes,Yes,0.006
-23.315,12.3767,GeoB1711-4,1.93,-1967,No,No,0.7519999999999999
-23.315,12.3767,GeoB1711-4,1.93,-1967,No,Yes,0.08900000000000001
-23.315,12.3767,GeoB1711-4,1.93,-1967,Yes,No,0.19
-23.315,12.3767,GeoB1711-4,1.93,-1967,Yes,Yes,0.003
-23.315,12.3767,GeoB1711-4,1.98,-1967,No,No,0.8100000000000002
-23.315,12.3767,GeoB1711-4,1.98,-1967,No,Yes,0.084
-23.315,12.3767,GeoB1711-4,1.98,-1967,Yes,No,0.11899999999999998
-23.315,12.3767,GeoB1711-4,1.98,-1967,Yes,Yes,0.012
-23.315,12.3767,GeoB1711-4,2.03,-1967,No,No,0.818
-23.315,12.3767,GeoB1711-4,2.03,-1967,No,Yes,0.09300000000000001
-23.315,12.3767,GeoB1711-4,2.03,-1967,Yes,No,0.08900000000000001
-23.315,12.3767,GeoB1711-4,2.03,-1967,Yes,Yes,0
-23.315,12.3767,GeoB1711-4,2.08,-1967,No,No,0.853
-23.315,12.3767,GeoB1711-4,2.08,-1967,No,Yes,0.07600000000000001
-23.315,12.3767,GeoB1711-4,2.08,-1967,Yes,No,0.067
-23.315,12.3767,GeoB1711-4,2.08,-1967,Yes,Yes,0.002
-23.315,12.3767,GeoB1711-4,2.13,-1967,No,No,0.875
-23.315,12.3767,GeoB1711-4,2.13,-1967,No,Yes,0.061
-23.315,12.3767,GeoB1711-4,2.13,-1967,Yes,No,0.056999999999999995
-23.315,12.3767,GeoB1711-4,2.13,-1967,Yes,Yes,0
-23.315,12.3767,GeoB1711-4,2.18,-1967,No,No,0.7369999999999999
-23.315,12.3767,GeoB1711-4,2.18,-1967,No,Yes,0.19
-23.315,12.3767,GeoB1711-4,2.18,-1967,Yes,No,0.065
-23.315,12.3767,GeoB1711-4,2.18,-1967,Yes,Yes,0.006999999999999999
-23.315,12.3767,GeoB1711-4,2.23,-1967,No,No,0.866
-23.315,12.3767,GeoB1711-4,2.23,-1967,No,Yes,0.068
-23.315,12.3767,GeoB1711-4,2.23,-1967,Yes,No,0.057999999999999996
-23.315,12.3767,GeoB1711-4,2.23,-1967,Yes,Yes,0.006
-23.315,12.3767,GeoB1711-4,2.28,-1967,No,No,0.7930000000000001
-23.315,12.3767,GeoB1711-4,2.28,-1967,No,Yes,0.124
-23.315,12.3767,GeoB1711-4,2.28,-1967,Yes,No,0.081
-23.315,12.3767,GeoB1711-4,2.28,-1967,Yes,Yes,0.008
-23.315,12.3767,GeoB1711-4,2.33,-1967,No,No,0.75
-23.315,12.3767,GeoB1711-4,2.33,-1967,No,Yes,0.133
-23.315,12.3767,GeoB1711-4,2.33,-1967,Yes,No,0.13699999999999998
-23.315,12.3767,GeoB1711-4,2.33,-1967,Yes,Yes,0.004
-23.315,12.3767,GeoB1711-4,2.38,-1967,No,No,0.853
-23.315,12.3767,GeoB1711-4,2.38,-1967,No,Yes,0.10400000000000001
-23.315,12.3767,GeoB1711-4,2.38,-1967,Yes,No,0.033
-23.315,12.3767,GeoB1711-4,2.38,-1967,Yes,Yes,0.015
-23.315,12.3767,GeoB1711-4,2.43,-1967,No,No,0.9
-23.315,12.3767,GeoB1711-4,2.43,-1967,No,Yes,0.06
-23.315,12.3767,GeoB1711-4,2.43,-1967,Yes,No,0.03
-23.315,12.3767,GeoB1711-4,2.43,-1967,Yes,Yes,0.01
-23.315,12.3767,GeoB1711-4,2.48,-1967,No,No,0.795
-23.315,12.3767,GeoB1711-4,2.48,-1967,No,Yes,0.086
-23.315,12.3767,GeoB1711-4,2.48,-1967,Yes,No,0.12
-23.315,12.3767,GeoB1711-4,2.48,-1967,Yes,Yes,0
-23.315,12.3767,GeoB1711-4,2.53,-1967,No,No,0.7929999999999998
-23.315,12.3767,GeoB1711-4,2.53,-1967,No,Yes,0.142
-23.315,12.3767,GeoB1711-4,2.53,-1967,Yes,No,0.08
-23.315,12.3767,GeoB1711-4,2.53,-1967,Yes,Yes,0
-23.0383,-36.6517,GeoB2117-1,0.23,-4045,No,No,0.053599999999999995
-23.0383,-36.6517,GeoB2117-1,0.23,-4045,No,Yes,0.08220000000000001
-23.0383,-36.6517,GeoB2117-1,0.23,-4045,Yes,No,0.16510000000000002
-23.0383,-36.6517,GeoB2117-1,0.23,-4045,Yes,Yes,1.3992999999999998
-22.915,6.0367,GeoB1032-3,0.38,-2505,No,No,0.433
-22.915,6.0367,GeoB1032-3,0.38,-2505,No,Yes,0.16560000000000002
-22.915,6.0367,GeoB1032-3,0.38,-2505,Yes,No,0.4829
-22.915,6.0367,GeoB1032-3,0.38,-2505,Yes,Yes,0.1748
-22.915,6.0367,GeoB1032-3,0.43,-2505,No,No,0.4349
-22.915,6.0367,GeoB1032-3,0.43,-2505,No,Yes,0.1511
-22.915,6.0367,GeoB1032-3,0.43,-2505,Yes,No,0.3801
-22.915,6.0367,GeoB1032-3,0.43,-2505,Yes,Yes,0.30190000000000006
-21.88,7.1017,GeoB1031-4,0.28,-3105,No,No,0.38130000000000003
-21.88,7.1017,GeoB1031-4,0.28,-3105,No,Yes,0.1484
-21.88,7.1017,GeoB1031-4,0.28,-3105,Yes,No,0.5131999999999999
-21.88,7.1017,GeoB1031-4,0.28,-3105,Yes,Yes,0.1917
-21.88,7.1017,GeoB1031-4,0.33,-3105,No,No,0.4459
-21.88,7.1017,GeoB1031-4,0.33,-3105,No,Yes,0.2269
-21.88,7.1017,GeoB1031-4,0.33,-3105,Yes,No,0.37050000000000005
-21.88,7.1017,GeoB1031-4,0.33,-3105,Yes,Yes,0.1743
-21.735,5.4217,GeoB1034-3,0.23,-3772,No,No,0.36560000000000004
-21.735,5.4217,GeoB1034-3,0.23,-3772,No,Yes,0.1748
-21.735,5.4217,GeoB1034-3,0.23,-3772,Yes,No,0.5149
-21.735,5.4217,GeoB1034-3,0.23,-3772,Yes,Yes,0.268
-20.8233,-39.8633,GeoB2125-1,0.33,-1503,No,No,0.036
-20.8233,-39.8633,GeoB2125-1,0.33,-1503,No,Yes,0.0291
-20.8233,-39.8633,GeoB2125-1,0.33,-1503,Yes,No,0.3568
-20.8233,-39.8633,GeoB2125-1,0.33,-1503,Yes,Yes,1.092
-20.8233,-39.8633,GeoB2125-1,0.38,-1503,No,No,0.0322
-20.8233,-39.8633,GeoB2125-1,0.38,-1503,No,Yes,0.015899999999999997
-20.8233,-39.8633,GeoB2125-1,0.38,-1503,Yes,No,0.39390000000000003
-20.8233,-39.8633,GeoB2125-1,0.38,-1503,Yes,Yes,1.108
-20.3667,-12.7067,GeoB1417-1,0.33,-2845,No,No,0.1703
-20.3667,-12.7067,GeoB1417-1,0.33,-2845,No,Yes,0.2107
-20.3667,-12.7067,GeoB1417-1,0.33,-2845,Yes,No,0.267
-20.3667,-12.7067,GeoB1417-1,0.33,-2845,Yes,Yes,0.6956
-20.3667,-12.7067,GeoB1417-1,0.38,-2845,No,No,0.11599999999999999
-20.3667,-12.7067,GeoB1417-1,0.38,-2845,No,Yes,0.1954
-20.3667,-12.7067,GeoB1417-1,0.38,-2845,Yes,No,0.34800000000000003
-20.3667,-12.7067,GeoB1417-1,0.38,-2845,Yes,Yes,0.7193999999999999
-20.104,9.1858,GeoB1028-5,0.93,-2209,No,No,0.5153
-20.104,9.1858,GeoB1028-5,0.93,-2209,No,Yes,0.29359999999999997
-20.104,9.1858,GeoB1028-5,0.93,-2209,Yes,No,0.2789
-20.104,9.1858,GeoB1028-5,0.93,-2209,Yes,Yes,0.037099999999999994
-20.104,9.1858,GeoB1028-5,0.98,-2209,No,No,0.498
-20.104,9.1858,GeoB1028-5,0.98,-2209,No,Yes,0.28300000000000003
-20.104,9.1858,GeoB1028-5,0.98,-2209,Yes,No,0.17199999999999996
-20.104,9.1858,GeoB1028-5,0.98,-2209,Yes,Yes,0.13499999999999998
-20.104,9.1858,GeoB1028-5,1.03,-2209,No,No,0.48040000000000005
-20.104,9.1858,GeoB1028-5,1.03,-2209,No,Yes,0.2889
-20.104,9.1858,GeoB1028-5,1.03,-2209,Yes,No,0.26430000000000003
-20.104,9.1858,GeoB1028-5,1.03,-2209,Yes,Yes,0.0688
-20.104,9.1858,GeoB1028-5,1.08,-2209,No,No,0.44799999999999995
-20.104,9.1858,GeoB1028-5,1.08,-2209,No,Yes,0.17800000000000002
-20.104,9.1858,GeoB1028-5,1.08,-2209,Yes,No,0.17400000000000002
-20.104,9.1858,GeoB1028-5,1.08,-2209,Yes,Yes,0.29300000000000004
-19.5617,11.175,GeoB1706-2,1.23,-980,No,No,0.682
-19.5617,11.175,GeoB1706-2,1.23,-980,No,Yes,0.17149999999999999
-19.5617,11.175,GeoB1706-2,1.23,-980,Yes,No,0.1507
-19.5617,11.175,GeoB1706-2,1.23,-980,Yes,Yes,0.0252
-19.5617,11.175,GeoB1706-2,1.28,-980,No,No,0.8341
-19.5617,11.175,GeoB1706-2,1.28,-980,No,Yes,0.09940000000000002
-19.5617,11.175,GeoB1706-2,1.28,-980,Yes,No,0.0608
-19.5617,11.175,GeoB1706-2,1.28,-980,Yes,Yes,0.033
-19.5617,11.175,GeoB1706-2,1.33,-980,No,No,0.8474
-19.5617,11.175,GeoB1706-2,1.33,-980,No,Yes,0.0975
-19.5617,11.175,GeoB1706-2,1.33,-980,Yes,No,0.0507
-19.5617,11.175,GeoB1706-2,1.33,-980,Yes,Yes,0.0085
-19.5617,11.175,GeoB1706-2,1.38,-980,No,No,0.8375
-19.5617,11.175,GeoB1706-2,1.38,-980,No,Yes,0.07390000000000001
-19.5617,11.175,GeoB1706-2,1.38,-980,Yes,No,0.069
-19.5617,11.175,GeoB1706-2,1.38,-980,Yes,Yes,0.0246
-19.0867,-10.1917,GeoB5133-3,0.18,-3660,No,No,0.132
-19.0867,-10.1917,GeoB5133-3,0.18,-3660,No,Yes,0.10779999999999999
-19.0867,-10.1917,GeoB5133-3,0.18,-3660,Yes,No,0.3409
-19.0867,-10.1917,GeoB5133-3,0.18,-3660,Yes,Yes,0.7816999999999998
-19.0517,-16.6133,GeoB5140-3,0.1,-3660,No,No,0.11560000000000001
-19.0517,-16.6133,GeoB5140-3,0.1,-3660,No,Yes,0.07919999999999999
-19.0517,-16.6133,GeoB5140-3,0.1,-3660,Yes,No,0.2521
-19.0517,-16.6133,GeoB5140-3,0.1,-3660,Yes,Yes,0.8594999999999999
-19.0517,-16.6133,GeoB5140-3,0.11,-3660,No,No,0.09209999999999999
-19.0517,-16.6133,GeoB5140-3,0.11,-3660,No,Yes,0.06359999999999999
-19.0517,-16.6133,GeoB5140-3,0.11,-3660,Yes,No,0.2586
-19.0517,-16.6133,GeoB5140-3,0.11,-3660,Yes,Yes,0.9007
-19.0517,-16.6133,GeoB5140-3,0.12,-3660,No,No,0.1284
-19.0517,-16.6133,GeoB5140-3,0.12,-3660,No,Yes,0.078
-19.0517,-16.6133,GeoB5140-3,0.12,-3660,Yes,No,0.2071
-19.0517,-16.6133,GeoB5140-3,0.12,-3660,Yes,Yes,0.9483000000000003
-17.1433,-13.9867,GeoB1905-3,0.38,-2974,No,No,0.10210000000000001
-17.1433,-13.9867,GeoB1905-3,0.38,-2974,No,Yes,0.125
-17.1433,-13.9867,GeoB1905-3,0.38,-2974,Yes,No,0.33819999999999995
-17.1433,-13.9867,GeoB1905-3,0.38,-2974,Yes,Yes,0.8841999999999999
-17.1433,-13.9867,GeoB1905-3,0.43,-2974,No,No,0.0842
-17.1433,-13.9867,GeoB1905-3,0.43,-2974,No,Yes,0.037599999999999995
-17.1433,-13.9867,GeoB1905-3,0.43,-2974,Yes,No,0.21179999999999996
-17.1433,-13.9867,GeoB1905-3,0.43,-2974,Yes,Yes,1.1997000000000002
-15.68,-9.455,GeoB1413-4,0.19,-3789,No,No,0.16620000000000001
-15.68,-9.455,GeoB1413-4,0.19,-3789,No,Yes,0.1182
-15.68,-9.455,GeoB1413-4,0.19,-3789,Yes,No,0.47239999999999993
-15.68,-9.455,GeoB1413-4,0.19,-3789,Yes,Yes,0.6254000000000001
-15.68,-9.455,GeoB1413-4,0.23,-3789,No,No,0.1948
-15.68,-9.455,GeoB1413-4,0.23,-3789,No,Yes,0.1405
-15.68,-9.455,GeoB1413-4,0.23,-3789,Yes,No,0.4199
-15.68,-9.455,GeoB1413-4,0.23,-3789,Yes,Yes,0.6058
-15.5367,-17.0683,GeoB1419-2,0.23,-4024,No,No,0.054900000000000004
-15.5367,-17.0683,GeoB1419-2,0.23,-4024,No,Yes,0.1379
-15.5367,-17.0683,GeoB1419-2,0.23,-4024,Yes,No,0.24360000000000007
-15.5367,-17.0683,GeoB1419-2,0.23,-4024,Yes,Yes,1.0014
-11.7705,11.6819,GeoB1016-3,0.73,-3411,No,No,0.21650000000000003
-11.7705,11.6819,GeoB1016-3,0.73,-3411,No,Yes,0.2494
-11.7705,11.6819,GeoB1016-3,0.73,-3411,Yes,No,0.5905
-11.7705,11.6819,GeoB1016-3,0.73,-3411,Yes,Yes,0.2048
-11.7705,11.6819,GeoB1016-3,0.78,-3411,No,No,0.16469999999999999
-11.7705,11.6819,GeoB1016-3,0.78,-3411,No,Yes,0.0723
-11.7705,11.6819,GeoB1016-3,0.78,-3411,Yes,No,0.7949
-11.7705,11.6819,GeoB1016-3,0.78,-3411,Yes,Yes,0.37589999999999996
-11.7705,11.6819,GeoB1016-3,0.88,-3411,No,No,0.2813
-11.7705,11.6819,GeoB1016-3,0.88,-3411,No,Yes,0.0801
-11.7705,11.6819,GeoB1016-3,0.88,-3411,Yes,No,0.5332
-11.7705,11.6819,GeoB1016-3,0.88,-3411,Yes,Yes,0.4416
-8.675,-11.845,GeoB1903-3,0.48,-3161,No,No,0.1104
-8.675,-11.845,GeoB1903-3,0.48,-3161,No,Yes,0.0415
-8.675,-11.845,GeoB1903-3,0.48,-3161,Yes,No,0.4385
-8.675,-11.845,GeoB1903-3,0.48,-3161,Yes,Yes,0.7247000000000001
-8.675,-11.845,GeoB1903-3,0.53,-3161,No,No,0.21360000000000004
-8.675,-11.845,GeoB1903-3,0.53,-3161,No,Yes,0.0484
-8.675,-11.845,GeoB1903-3,0.53,-3161,Yes,No,0.42640000000000006
-8.675,-11.845,GeoB1903-3,0.53,-3161,Yes,Yes,0.6200999999999998
-8.675,-11.845,GeoB1903-3,0.58,-3161,No,No,0.20430000000000004
-8.675,-11.845,GeoB1903-3,0.58,-3161,No,Yes,0.0437
-8.675,-11.845,GeoB1903-3,0.58,-3161,Yes,No,0.32280000000000003
-8.675,-11.845,GeoB1903-3,0.58,-3161,Yes,Yes,0.7672999999999999
-8.5283,-34.0217,GeoB2204-2,0.33,-2072,No,No,0.0409
-8.5283,-34.0217,GeoB2204-2,0.33,-2072,No,Yes,0.0051
-8.5283,-34.0217,GeoB2204-2,0.33,-2072,Yes,No,0.15709999999999996
-8.5283,-34.0217,GeoB2204-2,0.33,-2072,Yes,Yes,1.4334000000000002
-8.5283,-34.0217,GeoB2204-2,0.38,-2072,No,No,0.040999999999999995
-8.5283,-34.0217,GeoB2204-2,0.38,-2072,No,Yes,0.009099999999999999
-8.5283,-34.0217,GeoB2204-2,0.38,-2072,Yes,No,0.1421
-8.5283,-34.0217,GeoB2204-2,0.38,-2072,Yes,Yes,1.43
-8.1983,-34.265,GeoB2202-4,0.78,-1156,No,No,0.039900000000000005
-8.1983,-34.265,GeoB2202-4,0.78,-1156,No,Yes,0.004
-8.1983,-34.265,GeoB2202-4,0.78,-1156,Yes,No,0.15719999999999998
-8.1983,-34.265,GeoB2202-4,0.78,-1156,Yes,Yes,1.4650999999999998
-8.1983,-34.265,GeoB2202-4,0.83,-1156,No,No,0.0379
-8.1983,-34.265,GeoB2202-4,0.83,-1156,No,Yes,0.013900000000000001
-8.1983,-34.265,GeoB2202-4,0.83,-1156,Yes,No,0.17389999999999997
-8.1983,-34.265,GeoB2202-4,0.83,-1156,Yes,Yes,1.3843
-8.1983,-34.265,GeoB2202-4,0.88,-1156,No,No,0.0345
-8.1983,-34.265,GeoB2202-4,0.88,-1156,No,Yes,0.0179
-8.1983,-34.265,GeoB2202-4,0.88,-1156,Yes,No,0.2023
-8.1983,-34.265,GeoB2202-4,0.88,-1156,Yes,Yes,1.3491000000000002
-8.1983,-34.265,GeoB2202-4,0.93,-1156,No,No,0.024
-8.1983,-34.265,GeoB2202-4,0.93,-1156,No,Yes,0.0084
-8.1983,-34.265,GeoB2202-4,0.93,-1156,Yes,No,0.20199999999999999
-8.1983,-34.265,GeoB2202-4,0.93,-1156,Yes,Yes,1.3818999999999997
-7.0533,-34.4633,GeoB3175-1,1.68,-900,No,No,0.0637
-7.0533,-34.4633,GeoB3175-1,1.68,-900,No,Yes,0.0259
-7.0533,-34.4633,GeoB3175-1,1.68,-900,Yes,No,0.11120000000000001
-7.0533,-34.4633,GeoB3175-1,1.68,-900,Yes,Yes,1.4780000000000002
-7.0533,-34.4633,GeoB3175-1,1.73,-900,No,No,0.0529
-7.0533,-34.4633,GeoB3175-1,1.73,-900,No,Yes,0.0475
-7.0533,-34.4633,GeoB3175-1,1.73,-900,Yes,No,0.0962
-7.0533,-34.4633,GeoB3175-1,1.73,-900,Yes,Yes,1.4687000000000001
-7.0533,-34.4633,GeoB3175-1,1.78,-900,No,No,0.043
-7.0533,-34.4633,GeoB3175-1,1.78,-900,No,Yes,0.0553
-7.0533,-34.4633,GeoB3175-1,1.78,-900,Yes,No,0.09760000000000002
-7.0533,-34.4633,GeoB3175-1,1.78,-900,Yes,Yes,1.4769999999999999
-7.0533,-34.4633,GeoB3175-1,1.83,-900,No,No,0.06509999999999999
-7.0533,-34.4633,GeoB3175-1,1.83,-900,No,Yes,0.02
-7.0533,-34.4633,GeoB3175-1,1.83,-900,Yes,No,0.10909999999999999
-7.0533,-34.4633,GeoB3175-1,1.83,-900,Yes,Yes,1.4896
-7.0117,-34.4417,GeoB3176-1,3.43,-1385,No,No,0.0426
-7.0117,-34.4417,GeoB3176-1,3.43,-1385,No,Yes,0.0182
-7.0117,-34.4417,GeoB3176-1,3.43,-1385,Yes,No,0.2069
-7.0117,-34.4417,GeoB3176-1,3.43,-1385,Yes,Yes,1.3764999999999998
-7.0117,-34.4417,GeoB3176-1,3.48,-1385,No,No,0.049
-7.0117,-34.4417,GeoB3176-1,3.48,-1385,No,Yes,0.028900000000000002
-7.0117,-34.4417,GeoB3176-1,3.48,-1385,Yes,No,0.1966
-7.0117,-34.4417,GeoB3176-1,3.48,-1385,Yes,Yes,1.3440000000000003
-7.0117,-34.4417,GeoB3176-1,3.53,-1385,No,No,0.0482
-7.0117,-34.4417,GeoB3176-1,3.53,-1385,No,Yes,0.039099999999999996
-7.0117,-34.4417,GeoB3176-1,3.53,-1385,Yes,No,0.1253
-7.0117,-34.4417,GeoB3176-1,3.53,-1385,Yes,Yes,1.4293999999999998
-7.0117,-34.4417,GeoB3176-1,3.58,-1385,No,No,0.020900000000000002
-7.0117,-34.4417,GeoB3176-1,3.58,-1385,No,Yes,0.0127
-7.0117,-34.4417,GeoB3176-1,3.58,-1385,Yes,No,0.1453
-7.0117,-34.4417,GeoB3176-1,3.58,-1385,Yes,Yes,1.5677
-6.5823,10.3186,GeoB1008-3,2.18,-3124,No,No,0.14439999999999997
-6.5823,10.3186,GeoB1008-3,2.18,-3124,No,Yes,0.4077
-6.5823,10.3186,GeoB1008-3,2.18,-3124,Yes,No,0.4607
-6.5823,10.3186,GeoB1008-3,2.18,-3124,Yes,Yes,0.2087
-6.5823,10.3186,GeoB1008-3,2.23,-3124,No,No,0.2029
-6.5823,10.3186,GeoB1008-3,2.23,-3124,No,Yes,0.1721
-6.5823,10.3186,GeoB1008-3,2.23,-3124,Yes,No,0.7678999999999999
-6.5823,10.3186,GeoB1008-3,2.23,-3124,Yes,Yes,0.2596
-6.5823,10.3186,GeoB1008-3,2.28,-3124,No,No,0.13010000000000002
-6.5823,10.3186,GeoB1008-3,2.28,-3124,No,Yes,0.3513
-6.5823,10.3186,GeoB1008-3,2.28,-3124,Yes,No,0.6637
-6.5823,10.3186,GeoB1008-3,2.28,-3124,Yes,Yes,0.19
-6.5823,10.3186,GeoB1008-3,2.33,-3124,No,No,0.2469
-6.5823,10.3186,GeoB1008-3,2.33,-3124,No,Yes,0.1996
-6.5823,10.3186,GeoB1008-3,2.33,-3124,Yes,No,0.7022000000000002
-6.5823,10.3186,GeoB1008-3,2.33,-3124,Yes,Yes,0.22699999999999998
-6.5823,10.3186,GeoB1008-3,2.38,-3124,No,No,0.24780000000000002
-6.5823,10.3186,GeoB1008-3,2.38,-3124,No,Yes,0.2
-6.5823,10.3186,GeoB1008-3,2.38,-3124,Yes,No,0.6591
-6.5823,10.3186,GeoB1008-3,2.38,-3124,Yes,Yes,0.34090000000000004
-6.5823,10.3186,GeoB1008-3,2.43,-3124,No,No,0.24549999999999997
-6.5823,10.3186,GeoB1008-3,2.43,-3124,No,Yes,0.2753
-6.5823,10.3186,GeoB1008-3,2.43,-3124,Yes,No,0.2688
-6.5823,10.3186,GeoB1008-3,2.43,-3124,Yes,Yes,0.47100000000000003
-6.5823,10.3186,GeoB1008-3,2.48,-3124,No,No,0.2028
-6.5823,10.3186,GeoB1008-3,2.48,-3124,No,Yes,0.21230000000000002
-6.5823,10.3186,GeoB1008-3,2.48,-3124,Yes,No,0.26879999999999993
-6.5823,10.3186,GeoB1008-3,2.48,-3124,Yes,Yes,0.6037
-6.5823,10.3186,GeoB1008-3,2.53,-3124,No,No,0.24119999999999997
-6.5823,10.3186,GeoB1008-3,2.53,-3124,No,Yes,0.3859
-6.5823,10.3186,GeoB1008-3,2.53,-3124,Yes,No,0.225
-6.5823,10.3186,GeoB1008-3,2.53,-3124,Yes,Yes,0.3077
-6.5823,10.3186,GeoB1008-3,2.58,-3124,No,No,0.16419999999999998
-6.5823,10.3186,GeoB1008-3,2.58,-3124,No,Yes,0.2729
-6.5823,10.3186,GeoB1008-3,2.58,-3124,Yes,No,0.33089999999999997
-6.5823,10.3186,GeoB1008-3,2.58,-3124,Yes,Yes,0.5604
-6.5823,10.3186,GeoB1008-3,2.63,-3124,No,No,0.19699999999999998
-6.5823,10.3186,GeoB1008-3,2.63,-3124,No,Yes,0.40399999999999997
-6.5823,10.3186,GeoB1008-3,2.63,-3124,Yes,No,0.4191
-6.5823,10.3186,GeoB1008-3,2.63,-3124,Yes,Yes,0.23189999999999997
-5.7783,-10.75,GeoB1112-4,0.48,-3125,No,No,0.1714
-5.7783,-10.75,GeoB1112-4,0.48,-3125,No,Yes,0.1467
-5.7783,-10.75,GeoB1112-4,0.48,-3125,Yes,No,0.5488
-5.7783,-10.75,GeoB1112-4,0.48,-3125,Yes,Yes,0.47979999999999995
-5.7783,-10.75,GeoB1112-4,0.53,-3125,No,No,0.20929999999999999
-5.7783,-10.75,GeoB1112-4,0.53,-3125,No,Yes,0.1473
-5.7783,-10.75,GeoB1112-4,0.53,-3125,Yes,No,0.44939999999999997
-5.7783,-10.75,GeoB1112-4,0.53,-3125,Yes,Yes,0.591
-5.7783,-10.75,GeoB1112-4,0.58,-3125,No,No,0.1643
-5.7783,-10.75,GeoB1112-4,0.58,-3125,No,Yes,0.132
-5.7783,-10.75,GeoB1112-4,0.58,-3125,Yes,No,0.5558
-5.7783,-10.75,GeoB1112-4,0.58,-3125,Yes,Yes,0.519
-4.295,-37.0917,GeoB3117-1,2.98,-800,No,No,0.068
-4.295,-37.0917,GeoB3117-1,2.98,-800,No,Yes,0
-4.295,-37.0917,GeoB3117-1,2.98,-800,Yes,No,0.2926
-4.295,-37.0917,GeoB3117-1,2.98,-800,Yes,Yes,1.1146999999999998
-4.295,-37.0917,GeoB3117-1,3.03,-800,No,No,0.0758
-4.295,-37.0917,GeoB3117-1,3.03,-800,No,Yes,0
-4.295,-37.0917,GeoB3117-1,3.03,-800,Yes,No,0.30820000000000003
-4.295,-37.0917,GeoB3117-1,3.03,-800,Yes,Yes,1.0824
-4.295,-37.0917,GeoB3117-1,3.13,-800,No,No,0.0691
-4.295,-37.0917,GeoB3117-1,3.13,-800,No,Yes,0
-4.295,-37.0917,GeoB3117-1,3.13,-800,Yes,No,0.26899999999999996
-4.295,-37.0917,GeoB3117-1,3.13,-800,Yes,Yes,1.0879000000000003
-4.295,-37.0917,GeoB3117-1,3.23,-800,No,No,0.0599
-4.295,-37.0917,GeoB3117-1,3.23,-800,No,Yes,0.0039000000000000003
-4.295,-37.0917,GeoB3117-1,3.23,-800,Yes,No,0.30870000000000003
-4.295,-37.0917,GeoB3117-1,3.23,-800,Yes,Yes,1.088
-4.295,-37.0917,GeoB3117-1,3.33,-800,No,No,0.05380000000000001
-4.295,-37.0917,GeoB3117-1,3.33,-800,No,Yes,0.0098
-4.295,-37.0917,GeoB3117-1,3.33,-800,Yes,No,0.2613
-4.295,-37.0917,GeoB3117-1,3.33,-800,Yes,Yes,1.1382000000000003
-4.295,-37.0917,GeoB3117-1,3.43,-800,No,No,0.0473
-4.295,-37.0917,GeoB3117-1,3.43,-800,No,Yes,0.006500000000000001
-4.295,-37.0917,GeoB3117-1,3.43,-800,Yes,No,0.20639999999999994
-4.295,-37.0917,GeoB3117-1,3.43,-800,Yes,Yes,1.3126
-4.295,-37.0917,GeoB3117-1,3.53,-800,No,No,0.0276
-4.295,-37.0917,GeoB3117-1,3.53,-800,No,Yes,0.0034000000000000002
-4.295,-37.0917,GeoB3117-1,3.53,-800,Yes,No,0.1973
-4.295,-37.0917,GeoB3117-1,3.53,-800,Yes,Yes,1.3374000000000001
-3.815,-14.8967,GeoB1117-2,0.53,-3984,No,No,0.19030000000000002
-3.815,-14.8967,GeoB1117-2,0.53,-3984,No,Yes,0.0837
-3.815,-14.8967,GeoB1117-2,0.53,-3984,Yes,No,0.3553
-3.815,-14.8967,GeoB1117-2,0.53,-3984,Yes,Yes,0.6220000000000001
-3.815,-14.8967,GeoB1117-2,0.58,-3984,No,No,0.20199999999999999
-3.815,-14.8967,GeoB1117-2,0.58,-3984,No,Yes,0.0879
-3.815,-14.8967,GeoB1117-2,0.58,-3984,Yes,No,0.6352
-3.815,-14.8967,GeoB1117-2,0.58,-3984,Yes,Yes,0.4266
-3.815,-14.8967,GeoB1117-2,0.63,-3984,No,No,0.26020000000000004
-3.815,-14.8967,GeoB1117-2,0.63,-3984,No,Yes,0.1079
-3.815,-14.8967,GeoB1117-2,0.63,-3984,Yes,No,0.7667999999999999
-3.815,-14.8967,GeoB1117-2,0.63,-3984,Yes,Yes,0.24720000000000003
-3.6783,-32.0067,GeoB1501-4,0.33,-4257,No,No,0.2157
-3.6783,-32.0067,GeoB1501-4,0.33,-4257,No,Yes,0.015700000000000002
-3.6783,-32.0067,GeoB1501-4,0.33,-4257,Yes,No,0.19210000000000002
-3.6783,-32.0067,GeoB1501-4,0.33,-4257,Yes,Yes,0.9087000000000001
-3.6783,-32.0067,GeoB1501-4,0.38,-4257,No,No,0.159
-3.6783,-32.0067,GeoB1501-4,0.38,-4257,No,Yes,0.016399999999999998
-3.6783,-32.0067,GeoB1501-4,0.38,-4257,Yes,No,0.1746
-3.6783,-32.0067,GeoB1501-4,0.38,-4257,Yes,Yes,0.9699000000000001
-3.6667,-37.7167,GeoB3104-1,1.73,-767,No,No,0.0337
-3.6667,-37.7167,GeoB3104-1,1.73,-767,No,Yes,0.0024
-3.6667,-37.7167,GeoB3104-1,1.73,-767,Yes,No,0.30390000000000006
-3.6667,-37.7167,GeoB3104-1,1.73,-767,Yes,Yes,1.1680000000000001
-3.6667,-37.7167,GeoB3104-1,1.78,-767,No,No,0.05949999999999999
-3.6667,-37.7167,GeoB3104-1,1.78,-767,No,Yes,0.0063
-3.6667,-37.7167,GeoB3104-1,1.78,-767,Yes,No,0.3444
-3.6667,-37.7167,GeoB3104-1,1.78,-767,Yes,Yes,1.0387
-3.6667,-37.7167,GeoB3104-1,1.83,-767,No,No,0.0673
-3.6667,-37.7167,GeoB3104-1,1.83,-767,No,Yes,0
-3.6667,-37.7167,GeoB3104-1,1.83,-767,Yes,No,0.30560000000000004
-3.6667,-37.7167,GeoB3104-1,1.83,-767,Yes,Yes,1.0967000000000002
-3.6667,-37.7167,GeoB3104-1,1.88,-767,No,No,0.06570000000000001
-3.6667,-37.7167,GeoB3104-1,1.88,-767,No,Yes,0.0259
-3.6667,-37.7167,GeoB3104-1,1.88,-767,Yes,No,0.3368
-3.6667,-37.7167,GeoB3104-1,1.88,-767,Yes,Yes,0.9641999999999998
-3.6667,-37.7167,GeoB3104-1,1.98,-767,No,No,0.0888
-3.6667,-37.7167,GeoB3104-1,1.98,-767,No,Yes,0.0048
-3.6667,-37.7167,GeoB3104-1,1.98,-767,Yes,No,0.28569999999999995
-3.6667,-37.7167,GeoB3104-1,1.98,-767,Yes,Yes,1.043
-3.5583,-12.58,GeoB1115-4,0.63,-2921,No,No,0.15990000000000001
-3.5583,-12.58,GeoB1115-4,0.63,-2921,No,Yes,0.18230000000000002
-3.5583,-12.58,GeoB1115-4,0.63,-2921,Yes,No,0.6374
-3.5583,-12.58,GeoB1115-4,0.63,-2921,Yes,Yes,0.4245999999999999
-3.5583,-12.58,GeoB1115-4,0.68,-2921,No,No,0.087
-3.5583,-12.58,GeoB1115-4,0.68,-2921,No,Yes,0.20620000000000002
-3.5583,-12.58,GeoB1115-4,0.68,-2921,Yes,No,0.627
-3.5583,-12.58,GeoB1115-4,0.68,-2921,Yes,Yes,0.46720000000000006
-3.475,-7.6,GeoB1041-3,0.53,-4033,No,No,0.1703
-3.475,-7.6,GeoB1041-3,0.53,-4033,No,Yes,0.18109999999999998
-3.475,-7.6,GeoB1041-3,0.53,-4033,Yes,No,0.7821000000000001
-3.475,-7.6,GeoB1041-3,0.53,-4033,Yes,Yes,0.30060000000000003
-3.475,-7.6,GeoB1041-3,0.58,-4033,No,No,0.2108
-3.475,-7.6,GeoB1041-3,0.58,-4033,No,Yes,0.1247
-3.475,-7.6,GeoB1041-3,0.58,-4033,Yes,No,0.8699999999999999
-3.475,-7.6,GeoB1041-3,0.58,-4033,Yes,Yes,0.2548
-1.665,-12.4283,GeoB1105-4,0.78,-3225,No,No,0.19940000000000002
-1.665,-12.4283,GeoB1105-4,0.78,-3225,No,Yes,0.19820000000000002
-1.665,-12.4283,GeoB1105-4,0.78,-3225,Yes,No,0.6329999999999999
-1.665,-12.4283,GeoB1105-4,0.78,-3225,Yes,Yes,0.32309999999999994
-1.665,-12.4283,GeoB1105-4,0.83,-3225,No,No,0.2385
-1.665,-12.4283,GeoB1105-4,0.83,-3225,No,Yes,0.15869999999999998
-1.665,-12.4283,GeoB1105-4,0.83,-3225,Yes,No,0.6633
-1.665,-12.4283,GeoB1105-4,0.83,-3225,Yes,Yes,0.2927
-1.665,-12.4283,GeoB1105-4,0.93,-3225,No,No,0.3732
-1.665,-12.4283,GeoB1105-4,0.93,-3225,No,Yes,0.1025
-1.665,-12.4283,GeoB1105-4,0.93,-3225,Yes,No,0.5546
-1.665,-12.4283,GeoB1105-4,0.93,-3225,Yes,Yes,0.2779000000000001
-1.665,-12.4283,GeoB1105-4,1.03,-3225,No,No,0.3276
-1.665,-12.4283,GeoB1105-4,1.03,-3225,No,Yes,0.11960000000000001
-1.665,-12.4283,GeoB1105-4,1.03,-3225,Yes,No,0.4691
-1.665,-12.4283,GeoB1105-4,1.03,-3225,Yes,Yes,0.29009999999999997
0.0067,-23.495,GeoB2215-10,0.43,-3711,No,No,0.2882
0.0067,-23.495,GeoB2215-10,0.43,-3711,No,Yes,0.09029999999999999
0.0067,-23.495,GeoB2215-10,0.43,-3711,Yes,No,0.3607999999999999
0.0067,-23.495,GeoB2215-10,0.43,-3711,Yes,Yes,0.4991
0.0067,-23.495,GeoB2215-10,0.48,-3711,No,No,0.38050000000000006
0.0067,-23.495,GeoB2215-10,0.48,-3711,No,Yes,0.0358
0.0067,-23.495,GeoB2215-10,0.48,-3711,Yes,No,0.49989999999999996
0.0067,-23.495,GeoB2215-10,0.48,-3711,Yes,Yes,0.2713
1.6583,-10.98,GeoB1101-5,0.33,-4588,No,No,0.18560000000000001
1.6583,-10.98,GeoB1101-5,0.33,-4588,No,Yes,0.0264
1.6583,-10.98,GeoB1101-5,0.33,-4588,Yes,No,0.54989999999999994
1.6583,-10.98,GeoB1101-5,0.33,-4588,Yes,Yes,0.3949
1.6583,-10.98,GeoB1101-5,0.38,-4588,No,No,0.1381
1.6583,-10.98,GeoB1101-5,0.38,-4588,No,Yes,0.0248
1.6583,-10.98,GeoB1101-5,0.38,-4588,Yes,No,0.7967
1.6583,-10.98,GeoB1101-5,0.38,-4588,Yes,Yes,0.2738
1.95,3.5517,GeoB1701-4,0.98,-4162,No,No,0.11809999999999998
1.95,3.5517,GeoB1701-4,0.98,-4162,No,Yes,0.0238
1.95,3.5517,GeoB1701-4,0.98,-4162,Yes,No,0.6087
1.95,3.5517,GeoB1701-4,0.98,-4162,Yes,Yes,0.6123000000000001
1.95,3.5517,GeoB1701-4,1.03,-4162,No,No,0.07239999999999999
1.95,3.5517,GeoB1701-4,1.03,-4162,No,Yes,0.0271
1.95,3.5517,GeoB1701-4,1.03,-4162,Yes,No,0.5363
1.95,3.5517,GeoB1701-4,1.03,-4162,Yes,Yes,0.7831
1.95,3.5517,GeoB1701-4,1.08,-4162,No,No,0.079
1.95,3.5517,GeoB1701-4,1.08,-4162,No,Yes,0.038599999999999995
1.95,3.5517,GeoB1701-4,1.08,-4162,Yes,No,0.5306000000000001
1.95,3.5517,GeoB1701-4,1.08,-4162,Yes,Yes,0.7321
1.95,3.5517,GeoB1701-4,1.13,-4162,No,No,0.1861
1.95,3.5517,GeoB1701-4,1.13,-4162,No,Yes,0.0184
1.95,3.5517,GeoB1701-4,1.13,-4162,Yes,No,0.5583999999999999
1.95,3.5517,GeoB1701-4,1.13,-4162,Yes,Yes,0.5908999999999999
1.95,3.5517,GeoB1701-4,1.18,-4162,No,No,0.2481
1.95,3.5517,GeoB1701-4,1.18,-4162,No,Yes,0.0438
1.95,3.5517,GeoB1701-4,1.18,-4162,Yes,No,0.4794
1.95,3.5517,GeoB1701-4,1.18,-4162,Yes,Yes,0.5304000000000001
2.27,-33.01,GeoB1505-1,0.48,-3705,No,No,0.18409999999999996
2.27,-33.01,GeoB1505-1,0.48,-3705,No,Yes,0.039900000000000005
2.27,-33.01,GeoB1505-1,0.48,-3705,Yes,No,0.29429999999999995
2.27,-33.01,GeoB1505-1,0.48,-3705,Yes,Yes,0.8452
2.27,-33.01,GeoB1505-1,0.53,-3705,No,No,0.1866
2.27,-33.01,GeoB1505-1,0.53,-3705,No,Yes,0.028399999999999998
2.27,-33.01,GeoB1505-1,0.53,-3705,Yes,No,0.2893
2.27,-33.01,GeoB1505-1,0.53,-3705,Yes,Yes,0.8524
2.3117,-30.6467,GeoB1503-1,0.28,-2306,No,No,0.1806
2.3117,-30.6467,GeoB1503-1,0.28,-2306,No,Yes,0.051699999999999996
2.3117,-30.6467,GeoB1503-1,0.28,-2306,Yes,No,0.35479999999999995
2.3117,-30.6467,GeoB1503-1,0.28,-2306,Yes,Yes,0.6688000000000001
2.3117,-30.6467,GeoB1503-1,0.33,-2306,No,No,0.18960000000000002
2.3117,-30.6467,GeoB1503-1,0.33,-2306,No,Yes,0.08789999999999999
2.3117,-30.6467,GeoB1503-1,0.33,-2306,Yes,No,0.32270000000000004
2.3117,-30.6467,GeoB1503-1,0.33,-2306,Yes,Yes,0.7101999999999999
3.8317,-41.6217,GeoB1523-1,0.38,-3292,No,No,0.1445
3.8317,-41.6217,GeoB1523-1,0.38,-3292,No,Yes,0.0127
3.8317,-41.6217,GeoB1523-1,0.38,-3292,Yes,No,0.1527
3.8317,-41.6217,GeoB1523-1,0.38,-3292,Yes,Yes,1.1052000000000002
3.8317,-41.6217,GeoB1523-1,0.43,-3292,No,No,0.13210000000000002
3.8317,-41.6217,GeoB1523-1,0.43,-3292,No,Yes,0.0055000000000000005
3.8317,-41.6217,GeoB1523-1,0.43,-3292,Yes,No,0.1632
3.8317,-41.6217,GeoB1523-1,0.43,-3292,Yes,Yes,1.1376
4.2383,-43.6667,GeoB1515-1,0.48,-3129,No,No,0.11939999999999999
4.2383,-43.6667,GeoB1515-1,0.48,-3129,No,Yes,0.014499999999999999
4.2383,-43.6667,GeoB1515-1,0.48,-3129,Yes,No,0.17149999999999999
4.2383,-43.6667,GeoB1515-1,0.48,-3129,Yes,Yes,1.0869000000000002
4.2383,-43.6667,GeoB1515-1,0.53,-3129,No,No,0.137
4.2383,-43.6667,GeoB1515-1,0.53,-3129,No,Yes,0.0095
4.2383,-43.6667,GeoB1515-1,0.53,-3129,Yes,No,0.1527
4.2383,-43.6667,GeoB1515-1,0.53,-3129,Yes,Yes,1.1442
4.2383,-43.6667,GeoB1515-1,0.63,-3129,No,No,0.11719999999999998
4.2383,-43.6667,GeoB1515-1,0.63,-3129,No,Yes,0.0182
4.2383,-43.6667,GeoB1515-1,0.63,-3129,Yes,No,0.1261
4.2383,-43.6667,GeoB1515-1,0.63,-3129,Yes,Yes,1.2145000000000001
5.3333,-34.025,GeoB1508-4,0.28,-3682,No,No,0.0902
5.3333,-34.025,GeoB1508-4,0.28,-3682,No,Yes,0.002
5.3333,-34.025,GeoB1508-4,0.28,-3682,Yes,No,0.1723
5.3333,-34.025,GeoB1508-4,0.28,-3682,Yes,Yes,1.0901
