corename,latitude,longitude,depth, Orbulina universa, Globigerinoides conglobatus, Globigerinoides ruber (total of pink & white), Globigerinoides tenellus, Globigerinoides sacculifer (total), Sphaeroidinella dehiscens, Globigerinella aequilateralis, Globigerina calida , Globigerina bulloides, Globigerina falconensis, Globigerina digitata, Globigerina rubescens, Globigerina quinquiloba," Neogloboquadrina pachyderma, left coiling"," Neogloboquadrina pachyderma, right coiling", Neogloboquadrina dutertrei (includes p/d intergrade), Globoquadrina conglomerata, Globoquadrina hexagona, Pulleniatina obliquiloculata, Globorotalia inflata," Globorotalia truncatulinoides, left coiling"," Globorotalia truncatulinoides, right coiling", Globorotalia crassaformis, Globorotalia hirsuta, Globorotalia scitula, Globigerinita glutinata
A156  4,34.817,-74.683,750,0.3,0.6,28.8,1.3,9.1,0.3,2.8,0,5.6,5,0,4.7,5.6,0,2.5,6.6,0,0,2.2,6.6,1.3,0,0,0,0.6,16.3
A164  5,37.767,-71.235,171,0.3,0.3,7.4,1.7,1.1,0,0.9,0,7.1,0.3,0,0.6,2.6,15.4,10.9,8,0,0,0.3,30,0.6,0.9,0.3,0,0.6,10.9
A164  6,38.133,-69.851,109,1.6,0,3.8,0,0.5,0,0.5,0,14.6,0.5,0,0,1.1,28.6,19.5,3.2,0,0,0,17.3,0,0.5,0,0,0,8.1
A164 24,36.483,-69,75,1.3,1.9,10.3,0,7.7,0,1.9,0,4.5,0.6,0,0.6,0,1.3,6.4,14.7,0,0.6,0,36.5,1.3,1.3,0.6,1.3,0,7.1
A164 61,39.535,-68.783,100,1,0,4.3,0.8,2,0,0.8,0,14.3,1,0,1.5,3.3,13.3,11.2,10.7,0,0,0.3,29.1,0.3,0,0,0,0.3,5.9
A167 13,31.65,-75.35,140,1,0.3,27.1,1.9,2.5,0,1.9,2.2,4.8,1.9,0,1.6,0,0,1.9,6.7,0,0,0,23.9,2.2,3.2,0.6,0,3.2,13.1
A167 14,31.467,-76.467,100,0.6,0,29.4,4,0,0,2.5,5.3,3.7,1.5,0.3,1.5,0,0,0,1.5,0,0,0,23.2,1.2,7.7,0,0.3,4.6,12.4
A172  1,17.233,-73.467,40,0.4,0,56.1,0.6,9.5,0,2.5,0,1.9,0,0,2.5,0.4,0,0.2,10.5,0,0,0,2.5,1.1,1.5,0,0,1.5,8.8
A172  2,16.2,-72.317,60,0.2,0.5,44.1,1.7,10.8,0,2.6,0,1.7,0,0,4.5,0.5,0,0.5,9.9,0,0,0,8.5,0,0.7,0,0,1.2,12.7
A173  4,33.867,-62.533,72,0.3,0.6,9.2,0.3,2.1,0,0,1.2,4.4,1.5,0.3,0,0,0.3,3.6,10.4,0,0,0,52.7,4.4,3,0.6,2.4,0.3,2.7
A179 15,24.8,-75.918,149,0.9,0.5,48.7,13.8,2.6,0,9.1,1.4,0.2,0.7,0.5,1.6,0,0,0,0.9,0,0,0,2.3,0.5,4.4,0,0,0,11.9
A180  9,39.45,-45.95,60,0.3,0,3.8,0,0.3,0,0.3,0.3,13.5,0.3,0,0,2.6,17.6,20.9,16.3,0,0,0.3,20.4,0,0,0,0,0.5,2.8
A180 15,39.267,-36.7,60,0.4,0,10.3,0,0.7,0,0.3,0,9.6,1,0,0.3,0.7,6.3,16.3,12.1,0,0,0,33.1,0.1,0.7,0,1.3,1.3,4.9
A180 16,38.35,-32.483,70,0,0,4.4,0.3,0.6,0,0.3,0.3,17.2,4.1,0,0.9,10.3,0.9,13.8,6.6,0,0,0,14.1,0.3,0.9,0,0,8.5,16.3
A180 32,29.117,-26.25,60,0,0.3,35.5,1.8,1.5,0,1.8,0.6,2.1,12.1,0.3,0.6,0,0.6,1.8,3.6,0,0,0,21,1.2,9.5,2.4,0.6,0.3,2.7
A180 39,25.833,-19.3,30,0.7,0,8.5,0.2,0.9,0,2.4,0.2,17.4,6.7,0.4,0.2,1.7,1.1,13.5,29.6,0,0,0,11.5,0,0.7,0.4,0,0.4,3.5
A180 47,15.318,-17.918,350,1,0,10.7,3.3,1.5,0,1,2,55,1,0.5,0,2,0.3,0.5,11.5,0,0,0,5.9,0,0,0.3,0,0.3,3.3
A180 48,15.317,-18.1,529,0.3,0,38.8,1.2,5.8,0,0.9,1.2,31.3,0,0,0.6,0,0.3,0.9,6.7,0,0,0,6.7,0,0,0.3,0,0.3,4.9
A180 56,12.235,-17.767,100,1.1,0,15.4,0.2,5.5,0,2.6,0.7,44.1,1.1,0,1.3,0.4,0,6.1,11.4,0,0,0,2.9,0.2,0.2,1.3,0,1.1,4.4
A180 72,0.585,-21.783,46,0.3,0.6,5.3,0,5.6,0,0,0.3,2.8,0.6,0,0.3,0,1.4,4.7,45.6,0,0,0,14.2,0,10.8,1.7,0,0,6.1
A180 73,0.167,-23,60,0.7,0.2,13.3,0,11,0,1.1,0.7,1.4,0.9,0,2.1,0,0.5,4.1,36.8,0,0,0.2,4.8,0,7.4,1.4,0,0.2,13.1
A180 73,0.167,-23,60,1.4,0,8.1,0.4,8.1,0,0,1.1,0.7,1.4,0,0.4,0,0,2.1,48.4,0,0,0,6,0,10.2,2.5,0,0,9.5
K708  1,50,-23.735,110,0,0,0,0,0,0,0,0,2.1,0,0,0,6,88.4,2.1,0,0,0,0,0.5,0,0,0,0,0.2,0.7
K708  4,49.984,-25.018,58,0,0,0,0,0,0,0,0,0,0,0,0,1.9,95.1,2.6,0,0,0,0,0.2,0,0,0,0,0,0.2
K708  6,51.552,-29.567,60,0,0,0,0,0,0,0,0,2,0,0,0,4.5,91,2,0,0,0,0,0,0,0,0,0,0.5,0
K708  7,53.933,-24.083,53,0,0,0,0,0,0,0,0,2.3,0,0,0,1.2,91.1,3.1,0,0,0,0,0,0,0,0,0,0,2.3
K708  8,52.736,-22.55,83,0,0,0,0,0,0,0,0,1.6,0,0,0,2.4,87.3,5.7,0,0,0,0,0.8,0,0,0,0,0,2.2
K714  3,57.486,-27.519,82,0,0,0,0,0,0,0,0,3.4,0,0,0,3.6,90.7,0.8,0,0,0,0,0,0,0,0,0,0.4,1
V  4  8,37.218,-33.134,50,0,0,3.5,1.7,0,0,0.6,0.5,15.8,12.2,0.6,0.6,7.9,0.6,9,10.1,0,0,0,9,0.8,1.4,0.5,0,8.4,16.5
V  4 32,35.05,-11.617,30,1.2,0,6.2,1.4,2.4,0,1,4.3,10.7,12.9,0,0.5,5.5,0.5,11.2,8.6,0,0,0,6.9,0.7,1,0,0.7,9.5,15
V 15168,0.2,-39.9,160,0,0.5,32.8,0,17.5,0,1.4,0.7,0.7,0.2,0,0.5,0,0,0.2,18.2,0,0,0,1.2,0.2,9.2,2.6,0,0.5,13.7
V 15168,0.2,-39.9,163,0.6,1.1,23.6,0.6,14,0,1.7,1.7,0.6,1.1,0,1.1,0.6,0,1.1,38.2,0,0,0,1.1,0,5.1,1.1,0,0.6,6.2
V 16 25,5.067,-36.8,55,0.6,0.8,34.6,0,35.8,0,3.4,0.3,0.8,0.6,1.1,1.1,0,0,0.8,11.5,0.6,0.8,0.6,0.8,0,2.5,0,0,0,3.1
V 16 25,5.067,-36.8,53,0.3,0,35.7,0.6,37.3,0.3,0.3,0.3,0,0,0.6,1.3,0,0,0,14,0,2.5,1,0.3,0,2.5,1.9,0,0,1
V 16205,15.4,-43.4,19,0.5,2.7,45.4,3.2,17.6,0.2,1.8,2,0,0.9,0,2.7,0,0,0,5,0,0,0,0.7,0.2,2.9,0.9,0,0.7,12.6
V 17 39,11.75,-80.433,100,2.7,2.1,54.5,2.4,6.6,0,7.5,0,0.9,0.6,0,1.2,0,0,0,1.8,0,0,0,2.7,0,3.9,0.6,0.3,0.3,11.7
V 17165,32.75,-41.9,50,0,1.2,29.6,0.3,1.2,0,1.5,1.5,4.4,9.5,0,0,0,0.3,8.3,7.1,0,0,0,29,0.3,2.1,0,0,1.2,2.7
V 18357,15.033,-80.233,60,2.2,4,41.3,2.2,10.5,0,8.3,0.4,1.1,0.7,0,4,0,0,0,2.2,0,0,0,1.8,0,3.6,0.7,0,1.1,15.9
V 19 19,13.233,-78.367,80,1.4,1,62.2,1,7.7,0,5.6,0,0.7,1,0.3,2.4,0,0,0,3.8,0,0,0.3,2.1,0.3,1.4,0.7,0.3,0,7.3
V 19 21,10.6,-79.35,60,2.2,2.9,46.9,2.9,8.7,0,10.2,0,1.1,0.7,0,1.8,0,0,0.4,5.8,0,0,0,2.2,1.1,1.5,0,0,0,11.6
V 19291,2,-5.25,80,1.4,0.2,40.6,0,7.3,0,1.4,0,5.4,0,0,0.2,0,0.2,2.8,27.8,0,0,0.2,4.2,0,0.5,1.9,0,0.5,5.2
V 19309,31.167,-45.133,31,1.1,0,28.8,0.5,1.3,0,1.3,0.3,8.4,4.3,0,0,0.5,0.3,7.8,0.8,0,0,0,34.2,0.8,3.2,0.3,0,0.3,5.7
V 20241,22.133,-41.5,30,0.8,0.8,55.1,6,6.3,0,4.2,1.3,0.5,1.6,0.5,3.7,0,0.3,0,0.5,0,0,0.5,0.3,1.6,3.1,0.3,0,2.4,10.2
V 20242,23.367,-43.65,29,0,1.3,57,6.7,5.3,0,4.5,1.1,0.5,1.9,0.3,2.1,0,0,0,0.3,0,0,0,0.5,0.5,1.6,0.8,0.5,0.3,14.7
V 22 26,8.717,-41.25,40,1,1,40.5,0.3,19.5,0,2.3,2.8,2,0.5,0.5,0.3,0,0.3,1,12.5,0,0.3,0,2,0.3,5,2.5,0,1,4.8
V 22186,3.383,-20.117,30,0.4,0.8,7.8,0,18.4,0,1.2,1.2,0,0,0.8,0.8,0,0,2.9,51.4,0,0,0,11,0,0.8,2.4,0,0,0
V 22186,3.383,-20.117,30,0.3,2.2,13,0,24.9,0,3.8,0,0,1.1,1.4,0,0,0.3,4.1,36,0,0,0.5,6.8,0.3,0.8,3.3,0,0,1.4
V 22188,4.667,-20.917,30,0.5,0.5,32.4,1.3,16.8,0,3.2,2.1,2.9,1.6,0.3,4.5,0,0.5,1.1,12.9,0,0,0,1.6,0,0.8,0.8,0,2.4,13.9
V 22188,4.667,-20.917,30,0.6,1.3,29.1,0.9,12.7,0,1.6,1.6,3.2,3.2,1.3,4.4,0,0,0.6,18,0,0,0,5.1,0,1.9,1.6,0,3.8,9.2
V 22196,13.833,-18.951,70,0.3,0,13.2,0.3,4.1,0,0.5,0,14.7,1.6,0.3,0.5,0,0,7.8,21.4,0,0,0,32.8,0,0,1,0,0.5,1
V 22197,14.167,-18.583,72,2.2,0,18.5,0,1.5,0,1.5,0,35.8,3.7,0,0,0,0.3,7.1,13,0,0,0.6,6.2,0,0,1.9,0,0.9,6.8
V 23 23,56.068,-44.55,85,0,0,0,0,0,0,0,0,5.1,0,0,0,4.2,83.8,4.5,0,0,0,0,0.3,0,0,0,0,0,2.1
V 23 42,62.169,-27.918,70,0,0,0,0,0.4,0,0,0,1.5,0,0,0,3.3,90.7,3.3,0,0,0,0,0,0,0,0,0,0,0.7
V 23 81,54.25,-16.833,295,0,0,0,0,0,0,0,0,3.5,0,0,0,4.3,89.3,1.4,0.6,0,0,0,0.3,0,0,0,0,0.6,0
V 23 82,52.584,-21.933,110,0,0,0,0,0,0,0,0,0.4,0,0,0,0.9,97.4,0.9,0.2,0,0,0,0,0,0,0,0,0,0.2
V 23 83,49.868,-24.25,99,0,0,0,0,0,0,0,0,0.4,0,0,0,0.7,96.4,1.8,0.4,0,0,0,0,0,0,0,0,0.2,0
V 23 84,46.001,-16.917,81,0,0,0.3,0,0,0,0,0,10.3,0,0,0,0,79.7,3.4,0.3,0,0,0,3.1,0,0,0,0,0,2.7
V 23 91,29.583,-28.567,30,1.1,1.1,16.5,1.9,0.5,0,5.2,2.5,5.5,17.6,0.8,1.4,0,0,1.4,4.4,0,0,0,17,3.3,5.8,1.1,0.8,3.3,8.8
V 23 98,23.117,-19.3,70,0.7,0,1.3,0,0,0,0.7,1.3,27.3,3,0.7,0,1.6,0.7,21.4,32.6,0,0,0,5.9,0,1,0,0,0,2
V 23100,21.3,-22.683,42,1.2,0,6.6,0.6,4.2,0,2.7,0.6,10.3,1.8,0,0,0.9,1.2,11.8,35.3,0,0,0,13.9,0.6,1.2,0.3,0,0,6.6
V 24  1,36.5,-73.5,265,3,0,7.1,0,1.4,0,0.3,0.3,13.5,0,0,0.7,1.7,0.3,12.5,30.4,0,0,0.7,23.3,0,0.7,0.3,0,0,3.7
V 24 28,15.317,-77.95,60,1.1,1.4,48,1.4,6.5,0,15.1,0,0.6,0.3,0,1.7,0,0,0,5.1,0,0,0.6,1.1,0.6,1.7,1.1,0.3,0.3,13.1
V 25 42,12.55,-50.65,60,0.6,6.9,7.7,0,13.7,0,1.5,0.4,0.2,0,1.1,0,0,0.2,0.6,56.3,0,0,0,5.6,0.2,1.9,2.4,0,0.2,0.4
V 25 44,11.501,-45.151,30,0.3,1,37.8,1.3,21.8,0,0.3,1,1.6,1.3,1,2.9,0,0,0.3,7.1,0,0,1,2.9,0,2.6,1.3,0,1.3,13.5
V 25 59,1.368,-33.469,71,0,0.3,38.3,0.6,11.5,0,3.1,0.3,1.4,0.3,0,1.4,0,0,1.4,18.4,0,0,0,0.6,0.3,8.7,1.7,0,0.8,11.2
V 25 60,3.269,-34.819,40,1,0.3,41,1.9,16.8,0,2.3,1.6,0.6,1,1,1,0,0,0,10.3,0,0,0.3,1.6,0.3,5.2,2.3,0,0,11.6
V 26 41,19.319,-26.102,43,1.6,0.3,17.7,0.3,13,0,0.3,1.9,5.4,4.7,0,0.3,0,0.6,10.4,20.9,0,0,0,14.6,0.3,1.3,0.6,0,0.3,5.4
V 26 41,19.319,-26.102,42,4.1,0.2,13.4,1.2,10.7,0,1.7,2.9,5.1,8,0.5,1.2,0,1.2,8.3,20.7,0,0,0,9.7,0.2,1.5,0.2,0,0.5,8.5
V 26 46,9.552,-18.169,45,1.5,0,23,0.4,9.2,0,0.8,0.8,3.1,2.3,0,1.1,0,0.4,5,25.7,0,0,0,21.1,0,0,1.9,0,1.5,2.3
V 26 46,9.552,-18.169,45,2.3,0,18.8,0,12.8,0,1,1.5,2.8,1.8,0.8,1.8,0.3,0,5.8,27.5,0,0,0,17,0,0,3.8,0,0.8,1.8
V 26104,-0.083,-41.783,150,0,1.9,34.9,0.2,19,0,1.2,0.2,0.4,0.6,0,2.5,0,0,0,12.8,0,0,0,0.6,0.2,8.9,0,0,0,16.7
V 26107,4.683,-46.867,100,0,1,34.8,0.5,16.3,0,3.7,0.5,0.5,0,0,4.9,0,0,1,5.9,0,0,12.1,0,0,7.7,0,0,0.5,10.6
V 27 17,50.085,-37.3,35,0,0,0,0,0,0,0,0,0,0,0,0,0,98.8,0.9,0,0,0,0,0.3,0,0,0,0,0,0
V 27 19,52.085,-38.8,35,0,0,0,0,0,0,0,0,0.9,0,0,0,4,87,5,0,0,0,0,0.6,0,0.3,0,0,0,2.2
V 27 20,54,-46.2,80,0,0,0,0,0,0,0,0,4.7,0,0,0,2.5,80.2,7.2,0,0,0,0,0.8,0,0,0,0.3,0,4.4
V 27110,56.885,-18.485,47,0,0,0,0,0,0,0,0,2.4,0,0,0,5.1,84.7,3.4,0,0,0,0,1,0,0,0,0,0.2,3.2
V 27116,52.834,-30.334,60,0,0,0,0,0,0,0,0,1.9,0,0,0,2.7,90.9,2.7,0,0,0,0,0.3,0,0,0,0,0,1.6
V 27137,42.685,-17.067,40,0.8,0,0.5,0,0,0,0,0,10.8,0.5,0,0,0.3,71.2,5.9,1,0,0,0,8,0,0,0,0.3,0,0.8
V 27175,8.801,-22.103,50,0.7,1.7,10.8,0,25.3,0,0.7,2,0,0,0,0,0,0,2,36.1,0,0,1,7.4,0.3,2.7,8.4,0,0.3,0.3
V 27178,5.1,-26.65,58,0.3,1.3,28.3,0,37.1,0,1.3,1,1.9,0,0.3,0,0,1.3,3.5,16.5,0,0,0,1.9,0,1.9,2.2,0,0.3,1
V 27178,5.1,-26.65,55,1.2,3.3,19,0.2,32.1,0,3.5,0,3.5,0.2,0.5,0,0,0,0.5,30,0,0,0,0.9,0.2,1.9,2.8,0,0,0.2
V 27248,3.05,-11.803,82,2.2,1.1,25.1,0.5,15.8,0,0,0,0,0,0,1.1,0,0,4.9,24.6,0,0,0,6,0,0,10.9,0,0,7.7
V 27263,35.001,-40.917,20,1.4,0.3,12.1,0,0.3,0,1.7,0.3,13,12.7,0,0.3,0.9,0.6,8.9,7.8,0,0,0,19.9,0.3,0.9,0.6,0,7.2,11
V 28 89,44.533,-32.583,72,0,0,1.2,0,0,0,0.2,0,4.9,0.6,0,0,5.3,77.9,4.9,0.2,0,0,0,2.2,0,0,0,0,0.8,1.8
V 28119,17.033,-76.6,80,1.4,2.7,51.1,3,5.9,0,8.6,0,0.5,0.3,0.3,1.6,0,0.3,0.3,2.7,0,0,0,3,0.3,3.2,1.9,0,0.5,12.4
V 28122,11.933,-78.683,100,2.7,2,62.2,4.1,5.4,0,4.4,0,1,0,0.3,1,0,0.3,0,2.7,0,0,0,4.1,0,3.7,0.7,0,0,5.1
V 28127,11.65,-80.133,100,1.7,0.7,54.7,0.2,12.5,0,5.8,0,0.2,0.2,0,0,0,0,0,4.6,0,0,0,0.7,0.5,4.1,1,0,0,13.2
V 28129,11.117,-80.4,80,5.5,2.6,45.3,4.9,7.5,0,7.5,0,0.3,0.3,0,0,0,0,0.3,7.5,0,0,0,1.6,0.3,4.9,0.7,0,0,10.7
V 29172,33.7,-29.383,40,0.4,0,16,1.6,0.8,0,1.6,0,0.8,2.9,0,2,0.4,0,8.6,7,0,0,0,28.7,0.4,2.5,0.8,0,16.8,8.6
V 29173,33.7,-29.383,25,1.9,0,9.4,0.3,0.3,0,2.3,1.6,4.5,19.8,0,1,1,0.6,6.8,7.5,0,0,0,24,0.3,3.9,0.3,0,6.5,7.8
V 29174,36.286,-29.352,40,0.2,0,10.7,0,0,0,1.2,0.5,11.2,17,0.2,0,1,0.2,6.3,7.5,0,0,0,19.5,0,1,0,0,12.9,10.5
V 29177,41.534,-25.701,42,0.2,0,3,0.2,0,0,0,0.2,22,0.6,0,0,9.9,5.6,20,4.4,0,0,0,14.5,0,0.2,0,0,6.5,12.7
V 29178,42.836,-25.15,49,0,0,1,0,0,0,0,0,19.3,0.5,0,0,14.4,23.7,16.5,1.8,0,0,0,8.5,0,0,0,0,6.4,7.7
V 29179,44.002,-24.534,73,0,0,0.6,0.2,0,0,0,0,14.9,2.3,0,0,11.8,33.9,14.3,2.9,0,0,0,6.2,0,0,0,0,7,5.8
V 29180,45.301,-23.868,58,0,0,0.9,0,0,0,0,0,13.5,0.4,0,0,13.7,52.9,7.6,0.7,0,0,0,2.4,0,0,0,0,2.6,5.2
V 30 96,39.933,-33.133,63,0.6,0,5.4,0,0,0,0.3,0.3,23.9,0.9,0,0,6.3,6.3,18.5,4.5,0,0,0,16.5,0.3,0.3,0,0,2.8,13.4
V 30 97,41,-37.933,76,0.2,0,0.7,0,0,0,0,0.2,20.3,0.5,0,0,9.3,9.3,17.9,7.9,0,0,0,17,0,0,0,0,4.7,11.9
V 30 99,43.15,-32.45,32,0,0,2.2,0,0,0,0.2,0.2,27.6,1.9,0,0,10.9,12.8,12.6,4.6,0,0,0,8.2,0,0,0,0.2,7.3,11.4
V 30100,44.1,-32.5,65,0.3,0,0,0,0,0,0,0,21.4,0.8,0,0,12.4,36.7,11.1,1.3,0,0,0,4.7,0,0,0,0,4.1,7.2
RC  8145,33.569,-62.383,35,0.5,0,16.2,1.9,1.1,0,1.3,1.1,21.5,2.1,0.3,0.3,1.1,0.5,7.7,10.1,0,0,0.3,16.2,1.1,1.3,0,0.8,5.1,9.6
RC  9 49,11.184,-58.585,70,0.2,1.6,41.8,0.5,18.2,0,4.8,0.9,4.1,1.4,0.7,3.4,0,1.8,0.5,3.4,0,0,0,0.2,0.2,2.5,1.4,0,1.1,11
RC  9225,54.968,-15.385,135,0,0,0,0,0,0,0,0,0.5,0,0,0,1,94.5,1,0,0,0,0,0,0,0,0,0,1,2
RC 10 50,11.767,-81.086,100,0.6,3.9,48.7,0,7.1,0,8.7,0,0.3,0.6,0.3,1.9,0,0,0,4.5,0,0,0,2.3,0,4.2,1,0.3,0.3,15.2
RC 13151,15.851,-74.784,60,0.6,2.1,50.4,0.9,7.3,0,3.2,0,1.8,0.6,0,1.5,0,0,0,10,0,0,0.3,5,0,3.8,1.5,0.3,0,10.9
RC 13152,16.701,-75.435,60,2,3,65.1,1,5,0,3.7,0,1,0,0,1,0,0,0,3,0,0,0,3,0.3,1.7,0.7,0,0,9.4
RC 13153,15.053,-75.951,60,1,2.3,40.3,1.9,10.7,0,9.1,0,1.6,0.6,0.3,1.9,0,0,0.6,4.9,0,0,0,4.9,0.3,2.9,0.6,0,1,14.9
RC 13158,13.169,-79.818,80,3,1,53.1,4,4,0,5,0,1.7,0.7,0,2,0,0,0.3,7.3,0,0,0.3,1.7,0.3,2.6,0.3,0,0,12.9
RC 13159,14.685,-77.167,83,2.5,0.5,44.3,2.5,8.9,0,6.6,2.5,1.3,0.8,0,1.3,0,0,0,7.3,0,0,1,4.6,1,2.8,0.5,0,0.3,11.4
RE  5 34,42.383,-21.967,40,0.4,0,2.2,0,0,0,0,0.2,22.6,2.2,0,0,7.1,9.3,13.7,16,0,0,0,11.3,0,0.2,0,0,6.7,8
RE  5 36,46.917,-18.583,70,0,0,0,0,0,0,0,0,0.3,0,0,0,1.5,97.1,0.9,0,0,0,0,0,0,0,0,0,0,0.3
RE  5 54,25.868,-19.051,10,0.5,0,7.9,0.8,0,0,1.6,0.5,18.6,0,0,0,0.5,0.5,23.2,9.8,0,0,0,15.8,0,11.5,0.3,0,1.4,6.8
RE  5 57,19.652,-19.1,100,1.1,0.2,3.2,0.5,1.1,0,1.1,0,39.7,0,0,0.7,2,1.4,21.4,10.2,0,0,0,10.6,0,0,0,0,0.7,6.1
RE 10  2,56.984,-12.467,60,0,0,0,0,0,0,0,0,2.8,0,0,0,2.5,90.2,4.2,0,0,0,0,0,0,0,0,0,0.3,0
SP  8  4,32.818,-18.518,30,0.6,0,14.8,0,0.5,0,0.5,1.1,24.2,7.5,0,0,0,0.3,9.7,5.9,0,0,0,25.6,0.5,5.4,0,0,0.5,3
A180 74,-0.05,-24.167,50,0,0,14.3,0.3,5.2,0,0.9,0.3,5.2,2,0,0,0.3,0.3,4.9,33,0,0,0.3,9.2,0,9.2,1.4,0,1.1,12.3
A180 76,-0.767,-26.033,60,0.4,0,13.5,0,10.6,0,0.8,0.4,0.8,0,0,0.4,0,0,1.2,46.5,0,0,0,6.9,0,7.8,1.6,0,0,9
V 15157,-33.167,-49.783,50,0.7,2,25,0.2,2.3,0,0.2,0.5,7,2.3,0.2,0.5,0.2,0.2,1.6,11.8,0,0,0.9,20,0.7,9.1,0,2.3,1.8,10.5
V 16 36,-19.368,-11.435,42,2,0.4,24.1,6.3,8.1,0,1,1.6,1.8,16.2,0.4,1.4,0,0,0.8,1,0,0,0,17.2,4,3.6,2.6,0.2,2.2,4.9
V 18110,-53.917,-44.7,30,0,0,0,0,0,0,0,0,1,0,0,0,0,97.3,0,0.3,0,0,0,1,0,0,0,0,0.3,0
V 19240,-30.583,13.283,60,1.3,0,2.1,0,0,0,2.4,0.3,12.2,5.8,0,0.3,2.1,2.7,40.1,15.4,0,0,0,9.8,2.7,0,0,0.8,0,2.1
V 19248,-24.567,4.833,27,2.7,0,6.4,3.2,0.2,0,2.2,1.7,10.8,3.9,0,1.2,2,0.5,6.4,21.9,0,0,0,20,4.7,1,0,0.7,2,8.4
V 19281,-3.317,4.65,50,3.1,0,23.3,0,7.8,0,1.6,0.6,13,0.9,0,0,0,0.6,5.9,14.6,0,0,0.9,17.4,0,0,1.9,0,2.2,6.2
V 19283,-1.283,5.533,79,2.4,0,29.3,0.2,5.6,0.4,1.1,1.3,4.1,0.4,0,0.4,0.2,0,5.6,26.7,0,0,0.9,11.3,0,0.2,5.6,0,1.1,3
V 20212,-28.217,-10.033,20,2.6,0.6,21.6,3.7,1.2,0,1.7,1.4,2,12.7,0.9,2.3,0,0.9,1.7,2,0,0,0,17,8.1,1.2,0.3,2.6,4.9,10.7
V 20227,-4.233,-34.633,80,0,0,33.2,0,18.7,0,3.5,1.2,0,0,0.6,0.3,0,0,0,12,0,0,0,3.8,0.3,10.2,2.3,0,0,14
V 20228,-2.483,-36.417,61,0.2,0,52.4,1.1,20.7,0,2.9,0.4,0.2,1.3,0,0.7,0,0,0.7,10.4,0,0,0.4,0,0,0.2,1.5,0,0.2,6.6
V 22 38,-9.55,-34.25,40,0.7,0.7,74.4,0.9,11.5,0,0.7,0.7,0,0,0,0.4,0,0,0,0.4,0,0,0,0,0,1.8,0.9,0,0,7
V 22168,-17.467,-5.183,31,3.2,0.3,10.3,0,5.8,0,2.1,0.3,2.6,2.4,0,0,0,0.5,2.9,10.3,0,0,0.5,34.9,2.4,15.3,2.1,0,0.3,3.7
V 22171,-13.1,-9.333,20,0.6,0.6,29.5,1.4,4.8,0,2.5,2.5,1.7,13.9,0.3,1.7,0,0,2.3,7.1,0,0,0,8.5,0.3,3.7,2.5,0,1.7,14.4
V 22171,-13.1,-9.333,20,0.7,0.7,26.8,2.3,9.2,0,3.3,2.3,4.6,12.1,0.7,0.3,0,0,0.7,9.2,0,0,0,6.2,0,4.2,2.9,0.3,0.3,13.4
V 22172,-12.667,-9.817,20,0.4,1.2,27,2.2,8.7,0,2,2,2,12.6,0.4,0.6,0.3,0,0.1,10.3,0,0,0.3,10.7,0.7,4.4,3.8,0.1,0.9,9.1
V 22174,-10.067,-12.817,57,0.8,1.7,26.8,1.7,9.5,0,4.2,1.1,3.6,4.7,0.6,6.1,0,0,0.6,14.2,0,0,0.3,7.8,0.3,4.7,2,0,1.7,7.5
V 22177,-7.75,-14.601,70,2.3,0.2,23,0.2,14.4,0,3.7,0.9,2.3,0,0.2,2.1,0,0,3,21.2,0,0,0.5,10.7,0,4,2.1,0,1.6,7.4
V 22182,-0.535,-17.267,71,0.2,0,10.5,0.2,6.9,0,0.8,0.4,5.1,0.4,0.2,0,0.2,1.2,3.2,43.4,0,0.2,0.4,14.1,0.2,5.7,1.6,0,0,5.1
V 24221,-32.033,-2.817,30,2.2,0.3,7.5,0,0.3,0,0.6,0,8.7,22.6,0,0,0.8,0.3,10.3,4.5,0,0,0,25.4,9.5,0,0.3,4.5,0.6,1.7
V 24229,-34.45,-10.6,30,0,0,4.3,0,0,0,0,0,17.9,15.8,0,0,1.8,0,21.6,6.7,0,0,0,17.3,8.5,0,0.3,3.6,0.6,1.5
V 24235,-33.25,-19.55,10,0.3,0.3,14.3,0.6,0.3,0,0.6,0.6,5.4,26,0.3,0.3,0,0.3,13.7,0.6,0,0,0,17.1,11.1,0.6,0,2.9,3.4,1.4
V 24237,-32.2,-26.733,10,0.3,0,17.6,0.3,0.6,0,0.9,0,0.6,6.8,0,0,0,0.6,29.8,15.2,0,0,0,14.9,7.1,0,0,3.3,1.5,0.6
V 24240,-31.733,-28.2,20,0.5,1.1,16,0,0.8,0,0.3,0,1.9,3.5,0.5,0,0,0.8,35.1,13,0,0,0,14.4,7.6,0.5,0,3.3,0,0.5
V 25 56,-3.536,-35.219,99,1.1,0.3,45.8,0.3,20.3,0,3.4,0,0.3,0.8,0,2.8,0,0,0.3,6.5,0,0,0,1.1,0,4.8,0,0,0.3,11.9
V 26 53,0.3,-14.8,50,0,0,1.1,0,6.9,0,0.7,0,0.2,0,0.7,0,0,0,0.2,74.8,0,0,0,0.7,0.2,1.5,10.2,0,0.4,2.4
V 26 63,-23.952,-37.951,30,0,0.2,54.1,2.7,3.7,0,0.5,0.5,2.7,2.2,0.5,1,0,0,0,0.7,0,0,0,8.4,1.7,2,0,0.7,1,17.1
V 26 82,-27.751,-40.385,20,0.3,2,44.9,2,5.3,0,3,0,2.5,2.5,0.3,2.3,0,0,1.5,0.8,0,0,0,8.3,3,2,0.5,0.8,3.5,14.8
V 26104,-0.083,-41.783,155,0.3,0.6,42.8,0,20.3,0,0.9,0,0,0.9,0,0.9,0,0,0,10.2,0,0,0,0.9,0.3,9.5,0,0,0.3,12
V 27228,-10.068,11.435,90,0.3,0,26.4,0,16.9,0,3.8,1.1,1.9,0.5,0,0.5,0,0.3,12.3,23.2,0,0,0.3,5.2,0,0,1.1,0,0.8,5.4
V 27232,-0.219,7.535,60,1.9,0,41.3,0,10.6,0,1.6,1.9,6.4,0.3,0.3,0.3,0,0,0,24,0,0,0,1,0,0.6,4.2,0,0.6,4.8
V 27239,-7.819,-1.502,20,3.8,0,4.9,0,7.7,0,0.8,0.5,5.5,0.5,0.3,0.3,0,0,1.6,44.5,0,0,0.5,20.9,0,0.3,5.5,0,0.3,1.9
RC  8 18,-24.067,-15.117,20,1,0.8,34.5,6.3,7.6,0,4.6,0.8,2.5,4.8,1,4.6,0,1.3,0.5,0.3,0,0,0,11.2,1.5,1.8,0.5,1.3,1.5,11.7
RC 11 21,-17.252,-35.967,30,1.1,0.5,69.2,1.9,4.1,0,1.4,0.8,0.8,0.8,0,1.1,0,0,0,0,0,0,0,1.4,0.3,0.5,0.5,0,1.1,14.6
RC 11 26,-28.583,-30.051,30,1.5,2.2,43.3,1.5,2.2,0,4,1.5,3.5,5.2,0.2,2,0,0.2,2.7,0.5,0,0,0,10.2,8.2,1.7,1.2,1.7,1.2,5
RC 11 86,-35.783,18.45,45,0.5,0,2,0,1.2,0,3,0.5,7.4,2.7,0,0.5,1,4.2,27.8,28.5,0,0,0,16.1,0.7,0,0.7,0.2,0,2.7
RC 12234,-55.135,-63.985,70,0,0,0,0,0,0,0,0,9.2,0,0,0,0,87.6,1.6,0.3,0,0,0,1.1,0,0,0,0,0,0.3
RC 12241,-43.467,-57.651,70,0,0,0,0,0,0,0,0,32.8,0,0,0,1.2,24.4,3.6,5.7,0,0,0,25.3,5.1,0,0,0,0.3,1.5
RC 12291,-42.584,-17.8,80,0,0,0.3,0,0,0,0,0,15.3,0.3,0,0,8.3,25.2,14.6,9.2,0,0,0,21.7,1.6,0,1.9,0,0,1.6
RC 12294,-37.252,-10.086,40,0,0,0.8,0,0,0,0,0,35.4,0.8,0,0,9.8,5.3,20.1,8.2,0,0,0,10,4.5,0.3,0,0,0.3,4.7
RC 13197,4.517,-0.718,110,0.2,0,33,0,7.8,0,0.7,1.1,11.7,0,0,1.6,0,0.2,9.9,23.6,0,0,0.2,1.8,0,1.4,5,0,0.2,1.4
RC 13205,-2.284,5.183,50,2.8,0,17.1,0.9,8.9,0,0.3,0.6,3.1,2.8,0,1.5,0,0.3,4,35.2,0,0,0.3,8,0,0,4.6,0,1.2,8.6
RC 13210,-9.135,-10.601,40,1.9,0.8,23.8,0.3,14.9,0,1.6,1.1,3.3,2.2,0,0.5,0,0,0,21.4,0,0,0,12.2,0,3,5.1,0,0.8,7
RC 13227,-21.869,8.868,40,0.8,0,2.7,0,0.5,0,0.3,0,12,1.1,0.8,0,0.5,9.6,24.3,30.9,0,0,0,14.8,0.3,0,0.3,0.3,0.3,0.5
RC 13229,-25.485,11.301,80,1.2,0,0.6,0,0.3,0,0.3,0.6,11.7,0.6,0,0,0,3.2,27.9,39.9,0,0,0,10.6,0.3,0,0,1.2,0.6,1.2
RC 15 93,-46.086,-13.218,102,0,0,0,0,0,0,0,0,20.8,0,0,0,14.2,52.4,2.8,0,0,0,0,5.7,1.3,0,0.3,0,0.3,2.2
RC 15 94,-42.969,-20.851,120,0,0,0,0,0,0,0,0,4.9,0,0,0,0.9,46.4,16.9,4,0,0,0,23.8,1.3,0,0,0,0,1.8
E45-78,-45.033,114.35,31,0.3,0,0,0,0,0,0,0,51.8,0,0,0,5.8,14.5,4.3,0.5,0,0,0,17.3,1.5,0,0.3,0,0.3,3.8
E48-11,-29.667,97.533,32,0.6,0,15.7,0,0.9,0,0.3,1.2,4.5,0.6,0,0.6,0,0.6,9.5,6.8,0,0,0,47.8,7.7,0.9,0.6,0,0,1.8
E48-22,-39.9,85.417,82,0,0,0,0,0,0,0,0,42.3,0,0,0,8,10.8,17.6,2.6,0,0,0,6.3,2.3,0,0,0,0.6,9.7
V20-175,-22.3,68,20,0.9,0.9,46.8,2.8,9.9,0,1.7,5.4,1.9,0.5,0.9,3.1,0,0,0.2,0.9,0,0.2,0,1.4,0.2,5.2,0.5,0,0.2,16.1
RC14-35,-0.833,89.95,35,0.8,0.8,27.5,0,12,0,2.7,3.5,8.5,0.4,0,2.3,0,0,0,10.5,5.4,1.2,10.1,0,0,0,1.9,0,0,12.4
V29-30,3.083,76.25,80,1.6,0,14.5,1.6,4.3,0,2.4,2,7.5,0.4,0.4,0.4,0,0,2.7,23.9,1.2,3.9,16.9,0,0,0,0.4,0,0.4,15.7
RC17-69,-31.5,32.6,50,1.9,0,14.6,1,5.8,0,2.9,4.9,6.8,1,1,1,0,0,2.9,6.8,0,0,1,35,1,1,0,1,1.9,8.7
RC17-73,-32.117,36.017,20,1.8,0.5,15.4,0.5,3.4,0,2.9,4.9,13.5,0.5,0,0.5,0.3,0.3,4.4,4.7,0,0,0,29.7,0.5,0,0,1.8,4.4,9.9
RC11-145,-25.483,110.017,50,0.5,0.5,12.1,0.5,4.1,0,0.8,0.5,9.3,0.3,0.3,2.5,0,0,0.3,2.7,0,0,0.3,48.5,0.5,1.4,0,0.5,0.3,14
RC14-7,-35.517,44.75,60,1.2,0,4,0,0,0,0.9,0,10.6,5.9,0,0.3,0.6,1.6,20.6,5.9,0,0,0,37.1,1.6,4.7,0,3.1,0.6,1.2
RC14-9,-39.017,47.883,70,0.3,0,1.1,0,0,0,0.3,0,25.7,0.6,0,0.3,8.6,5.7,33.7,7.7,0,0,0,11.7,1.7,0,0,0.6,0,2
E45-27,-43.317,105.55,30,0,0,0,0,0,0,0,0,51.9,0,0.3,0,4,16.8,5.7,0,0,0,0,12.8,4.4,0,0,0,0.3,3.7
E48-03,-41.017,100.017,22,0.3,0,0,0,0,0,0,0,58.4,0.3,0,0,8.1,7,3.4,1.3,0,0,0,13.8,1.3,0,0,0,0,6
E48-23,-39.517,83.717,32,0.3,0,0,0,0,0,0,0,38.5,0.3,0.3,0,15.7,4.7,15.7,5.4,0,0,0,7.7,3.3,0.3,0,0,0,7.7
E48-27,-38.55,79.9,62,0.7,0,0,0,0,0,0,0,37.2,0,0,0,9.7,9.7,18.1,7.4,0,0,0,7.4,2.7,0.3,0,0,0,6.7
V14-77,-29.65,32.867,29,2.1,0.3,18.2,1,4.8,0,3.8,6.2,2.7,0.3,0.3,2.1,0,0,2.4,9.3,0,0,2.1,28.5,0,0.3,0.3,0.3,3.1,11.7
V14-81,-28.433,43.783,35,1.4,0,20.9,3.4,4.1,0,1.4,4.4,7.8,1,0.3,5.1,1.4,0,3,3.4,0,0,0,14.2,1.7,1,0,0.7,3,22
V20-170,-21.8,69.233,20,1.7,0.3,47.6,3.1,8.8,0,5.1,1,0.7,2.7,0.7,4.8,0,0.3,0.3,1,0.3,0.3,0.3,1.7,0.7,3.1,0,0,0.3,15
RC8-39,-42.883,42.35,90,0,0,0,0,0,0,0,0,14.6,0,0,0,7.3,59.5,8.6,3,0,0,0,1.7,1,0,0,0,0.7,3.7
RC9-150,-31.283,114.55,60,0,1,10.1,1,1.7,0,1,3.7,9.1,1.7,0,3.7,0,0,0,2.7,0,0,0,36.7,2.7,0,0,1.7,4.7,18.5
RC11-86,-35.783,18.45,40,0.7,0.3,2,0,0.7,0,0,2.7,11.4,0.7,0.3,0,1,1,34.4,26.4,1.7,0,0,13,0.7,0,0,0,0,3
RC11-120,-43.517,79.867,84,0,0,0,0,0,0,0,0,28.1,0,0,0,0.7,55,8.9,0.7,0,0,0,3.6,1.7,0,0,0,0,1.3
RC11-121,-39.717,82.25,40,0.3,0,0.7,0,0,0,0,0,31.9,12,0,0,9.3,9,8.6,8.3,0,0,0,6.3,4.3,0,0,0.3,0.7,8.3
RC11-147,-19.067,112.75,50,1.1,1.8,25.9,2.8,2.8,0,2.8,3.9,3.9,3.9,0,5.7,0,1.1,1.1,8.5,0,0,1.8,8.5,0,1.8,0,0,1.8,20.9
V14-101,8.65,58.567,70,0.4,0,16.6,1.4,2.5,0,2.1,0,9.9,2.5,0,1.1,0,0,3.2,14.8,0,1.1,4.9,0,0,0,2.8,0,0.4,36.4
V19-201,-5.333,40.433,70,0.7,0.7,27.3,0.7,3.7,0,3,2.2,5.9,1.5,0.7,5.5,0,0,3.3,17,0,0.7,4.1,0.4,0,0,2.2,0,0.7,19.6
V19-185,6.7,59.333,30,0.3,0.3,21.5,0.7,2,0,1.3,1,12.1,2.7,0,2,0.3,0.3,1.3,12.8,1.3,2.4,2,0,0,0.7,0.7,0.3,1,32.7
V19-188,6.867,60.667,50,0.9,0.3,22,1.6,2.2,0,4.1,1.3,11.6,0.9,0,3.5,0.9,0.3,4.4,16.4,0.9,3.5,6,0,0,0,2.5,0.6,1.3,14.8
V29-29,5.117,77.583,80,1.2,0.3,9.5,1.8,3.4,0,1.8,1.5,22.5,1.5,0.3,1.5,0,0,0,28,0.3,1.8,6.2,0,0,0,0.3,0,0.3,17.5
V34-87,19.483,59.767,100,1.6,0,19.2,1,2.2,0,1.2,3.4,25,12.5,0,2,0,0,0,10.3,0,0.2,2.2,0,0,0.6,0.2,0,0.6,17.7
V34-88,16.517,59.533,100,2.1,0,13.1,2.7,5.2,0,0.6,4,21,10.6,0,4.3,2.1,0,0.3,11.2,0,0.3,0.9,0,1.2,0,0,0,0.9,19.5
V34-101,17.483,67.367,40,2.8,1.2,37.2,1.9,10.5,0,1.4,3.5,5.1,4.7,0.3,0.7,0,0,0,6.3,0,0,5.6,0,0,0.7,0,0,0.5,17.5
V34-109,19.733,66.083,80,6.1,0.3,30.9,1.8,9.8,0,2.6,4.7,5.8,10,0,1.3,0,0,0,6.1,0,0.3,4.5,0,0,0.8,0,0,0,15
MD77-169,10.2,95.05,151,0.3,1.8,29.4,3.6,4.7,0,1.6,8.6,9.4,1,0.3,1,0,0,0,15.6,1,1.3,7.5,0,0,0,0.3,0,0.3,12.5
MD77-171,11.767,94.15,261,1,0.5,27.6,9.1,5.3,0,2.6,2.6,11,1.4,0.2,3.4,0,0,0,12.5,1.7,2.4,4.6,0,0,0,0,0,0.5,13.7
MD77-180,18.467,89.85,181,1,0.7,20.4,3.4,11.1,0,4.2,3.4,11.8,1.2,0,1.7,0,0,0,7.1,1,1.2,6.4,0,0,0,0,0,0,25.1
MD77-194,10.467,75.233,311,0,0.3,23.1,5.2,5.8,0.3,1.7,4.9,27.7,0.3,0,4,0,0,0,10.7,0.6,3.2,1.2,0,0,0,0,0,0.6,10.4
MD77-203,20.7,59.567,341,10,0,14,0.3,3.4,0,2.9,12,28.9,15.4,0,1.1,1.7,0.3,0.6,3.4,0,0,1.1,0,0,0,0,0,0,4.9
MD77-179,18.367,91.017,52,1.3,1.3,12.4,6.3,5.6,0,1.7,2.6,11.3,2.6,0.4,2.6,0,0,0,8.1,0.7,1.5,10.6,0,0,0,0,0,0.4,30.7
A15-558,8.983,51.733,98,0.4,0,13.3,0,2,0,1.6,1.2,19.5,5.5,0,3.9,0.4,0,0.8,18.4,0,0.4,7,0,0,1.2,2.3,0,0.4,21.9
RC9-161,19.567,59.6,180,3.9,0,19.2,2.6,1.6,0,1,3.3,21.2,11.1,0,2,2.6,0,0,6.8,0,0.3,1.6,0,0,0,0,0,1.3,21.5
RC9-162,19.083,60.417,50,3.6,0,14.5,0.7,8.7,0,2.5,1.8,24.6,4,0,2.5,0,0,0,15.2,0,0.4,4,0,0,0,0,0,0,17.4
RC17-113,15.033,66.1,30,4.5,0,29.3,0.3,9.4,0,0,2.1,4.2,3.5,0.7,1,0,0,0,7.7,0.7,2.1,15.7,0,0,0,0,0,0.3,18.5
RC12-341,13.05,89.583,60,2,2.2,17.4,11.5,2.8,0,3.3,3.3,3,1.3,0.2,3,0,0,0,12.6,1.7,3.7,4.1,0,0,0,0.4,0,0.2,27.3
RC12-328,-3.95,60.6,30,0.9,0.6,31.5,1.5,5.2,0.3,7.3,2.8,6.1,1.2,0.9,1.2,0,0,0,16.8,0.6,1.5,3.4,0,0,0,3.7,0,1.8,12.5
V29-15,11.95,88.733,70,0.8,2,17.6,5,7.8,1.1,2.8,2,7.8,0.8,0.6,0.3,0,0,0,16.5,7,0.8,3.9,0,0,0,0,0,0,23.2
MD77-191,7.5,76.717,672,0,0,8.8,3.5,5.3,0,1.2,2.4,31.8,2.9,0,4.7,0,0,0,18.8,0.6,4.7,2.9,0,0,0,0.6,0,0,11.8
RC14-39,5.85,90.517,70,0.5,1.6,17.5,0.5,6.8,0,3.7,1.2,11.2,1.4,0.9,1.6,0,0,0,22.2,3,2.6,11,0,0,0,0.5,0,0.2,13.6
RC12-340,12.7,90.017,70,3.4,2,22.9,7.6,3.2,0.2,3.4,5.2,2.2,0,0,2,0,0,0,16.3,1,2,7.4,0,0,0,0.7,0,0,20.4
RC12-343,15.167,90.567,60,0.6,2.4,20.9,7.6,6.7,0,2.1,1.5,3.3,0.9,0,0.9,0,0,0,9.7,0.6,0.9,6.7,0,0,0,0,0,0,35.2
MD76-131,15.533,72.567,190,1.4,0.9,30.9,4.1,12.7,0,4.5,0.9,12.3,1.8,0,1.8,0,0,0,5.5,0.5,1.4,4.5,0,0,0,0,0,0.5,16.4
RC12-344,12.767,96.067,290,0.4,0.7,44.9,3.9,4.6,0,6,3.5,6.3,2.1,0,3.9,0,0,0.4,8.8,2.1,2.1,6.3,0,0,0,0,0,0,4.2
V19-202,-6.683,41.183,30,2.6,2.2,22.3,2.2,5.5,0.4,4.7,2.6,9.9,1.5,0.4,3.6,0,0,3.6,9.9,0.4,0.7,2.6,0,0,0.4,0,0,0.7,24.1
V19-204,-10.233,43.817,30,1.1,2.8,31.8,0.7,3.2,0,1.4,1.8,7.4,1.1,0,0,0,0,3.9,14.5,0,0.7,4.9,0.4,0,1.1,1.1,0,0,22.3
V19-201,-5.333,40.433,70,0.7,0.7,27.3,0.7,3.7,0,3,2.2,5.9,1.5,0.7,5.5,0,0,3.3,17,0,0.7,4.1,0.4,0,0,2.2,0,0.7,19.6
V14-101B,8.65,58.567,70,0.4,0,16.6,1.4,2.5,0,2.1,0,9.9,2.5,0,1.1,0,0,3.2,14.8,0,1.1,4.9,0,0,0,2.8,0,0.4,36.4
V29-30,3.083,76.25,80,1.7,0,14.2,1.7,4.2,0,2.5,2.1,7.5,0.4,0.4,0.4,0,0,2.9,23.8,1.3,3.8,16.7,0,0,0,0.4,0,0.4,15.5
V29-48,-6.267,63.433,30,0.4,3.9,20.6,0.9,9.4,0,2.6,1.7,5.2,0,0.9,0.4,0,0,3.9,26.6,1.3,3,6,0,0,0.9,3,0,1.7,7.7
RC12-339,9.133,90.033,80,0.8,0.4,14.6,0.4,5,0,2.1,1.3,15.8,1.3,0.8,4.2,0,0,0,27.9,0.8,1.3,5,0,0,0,0,0,0,18.3
RC14-29,-10.917,88.317,20,3,1.9,27.5,4.2,14.3,0,1.5,0.8,3.4,0,0,3.4,0,0,1.1,13.6,1.1,0.8,3.4,1.1,0,0,1.1,0,0,17.7
RC14-37,1.467,90.167,40,0,0.7,28.8,3.7,7,0,4.1,3.7,7.4,0.7,0,1.5,0,0,0,10,3.7,1.8,7.4,0,0,0,0,0,0.4,19.2
RC17-98,-13.217,65.617,53,1.9,2.6,29.2,1.1,8.2,0,4.1,2.6,3.7,1.1,0,2.6,0,0,0.7,11.2,0.4,0.4,1.9,0,0,0.4,0,0.7,1.5,25.5
V14-102,10.25,57.183,40,0.4,0.7,7.8,0.7,2.1,0,3.2,0,9.9,2.1,0.7,1.4,0,0.4,2.5,34,0,2.5,9.6,0.4,0,0,1.8,0,2.1,17.7
V19-178,8.117,73.25,40,0.4,0.4,20.7,5.6,4.8,0,1.1,3,11.1,0.4,0,3.3,0,0,0,12.2,2.2,3.7,1.9,0,0,0,1.1,0,1.9,26.3
V34-91,20.933,64.033,70,1.6,0.6,33,1,7,0,3.5,2.5,16.8,4.4,0.3,0.6,0,0.3,0,13,0,0.3,4.1,0,0,1.3,0,0,0,9.5
V34-92,21.15,65.117,85,9.3,0,36.2,0.8,8.2,0,7,3.5,3.1,20.6,0.8,0,0,0,0,2.7,0,0,1.9,0,0,0,0,0,0,5.8
V34-111,17.617,63.883,60,1.9,3.1,36.9,1.9,9.1,0.3,3.8,3.4,5,4.4,0.3,0.3,0,0,0,9.1,0,0,4.1,0,0,2.2,0,0,0,14.4
V28-342,-14.1,120.5,90,0.5,0.2,27,2.9,3.9,0,2.9,4.8,8.4,1.2,0.2,4.8,0,0,0,16.9,0,0,3.1,0,0,0.5,0.5,0,1.7,20.5
V28-345,-17.667,117.95,90,0.3,0.3,26.7,3.8,2.5,0,1.9,1.9,9.8,4.4,0,2.9,0.3,0,0,12.1,0,0,3.2,2.5,0,2.9,0.6,0,1.9,21.9
E45-29,-44.883,106.517,39,0,0,0,0,0,0,0,0,45.7,0.5,0,0,1.4,27.6,4.5,0,0,0,0,16.7,2.3,0,0,0,0,1.4
RC8-94,-27.283,-102.083,16,1.2,15.7,34,6.8,1,0,0.9,2,3.2,4.7,0.4,0.8,0,0,0,0,0.2,0.6,0,1,6.2,2.3,3.2,0,0,15.8
RC9-124,-28.75,172.6,40,0.5,3.3,10,1,1.4,0,3.3,0.9,11.9,20.8,0.2,0,0.5,0,11.8,1.3,0,0,0.1,16.8,2.9,0.3,7.4,1.1,0.1,4.5
RC9-126,-33.233,168.733,30,1.4,0,5.5,0.2,0.2,0,1.8,0.2,19.2,10.9,0,0.1,0.5,0.2,21.2,3.7,0,0,0.2,25.1,3.3,0.1,2.9,0,0,3.1
RC10-97,0.917,-134.317,44,0,0,1.7,0,1.2,0,2.4,0,3.3,0,0.7,0,0,0,17.4,32.7,3,0.2,31,0.9,0.2,0,1.9,0,0,3.5
RC10-114,-11.183,-162.917,20,0.2,6.3,40.5,4.8,5.5,0.1,3.2,1.2,0.8,0,0.2,1.8,0,0,0,0.2,0,0,0.9,0,0,0,0,0,0,34.2
RC 10161,33.083,158,9,2.7,0,1.9,0,0,0,0,0.2,11.8,0.5,0,0,0.2,0.2,14.7,19.3,0,0,0,42.8,0.2,1.9,2.4,0,0.5,0.5
RC11-210,1.817,-140.05,40,0.5,0,4.1,0.5,2.6,0,1.5,0.5,4.6,0.5,0.5,1.5,0,0,7.7,28.6,2,0.5,24,0.5,0,0,19.4,0,0,0.5
RC11-213,-6.133,-140.85,15,0.2,2.8,15.7,5.5,7.2,0,4.4,0.6,9.1,0.3,0.3,1.6,0,0,0.5,6.6,8,0.5,10.8,0,0,0,0.9,0,0,25.1
RC11-220,-14.817,-139.967,30,0.2,1.5,45.8,7.6,6.1,0.1,1.9,1.7,1.8,0.2,0,2.1,0,0,0,0.1,0.4,0.7,0.2,0,0,0,0.1,0.1,0,29.5
RC11-230,-8.8,-110.8,45,1,2.7,14.7,0.2,6.7,0,1.8,0.5,8,0,0.2,0.5,0.2,0,9.3,15,3.5,3.4,4.8,0.3,0,0,0.2,0,0,27.2
RC12-107,-26,169.2,40,1.7,6.9,20.6,0.8,3,0,3.4,1.8,8.3,14.6,0.2,0,0.1,0,3.2,1.9,0,0,0.2,16,1.1,0.6,6.1,0.2,0.3,9
RC 12361,15.1,124.133,20,0.6,12,42.4,2.5,16.9,1.9,3.3,1.9,5.5,0.5,0.5,0.6,0,0,0,2.5,0,0,1.1,0,0,0.6,0.6,0,0,6.3
RC13-17,19.083,-170.067,30,1.3,21.2,18.6,0,4.5,25.6,0.6,0.6,3.8,0,1.9,0,0,0,0.6,1.9,0.6,0.6,1.9,3.8,3.2,3.2,5.1,0,0,0.6
RC13-81,-19.017,-124.233,10,0.2,11.3,40.8,2.3,5.1,0.1,2.2,1,2,0,0.2,0.2,0,0,0,0.2,1.9,0.4,0.8,0,0.1,0.1,0.8,0,0,30.3
RC13-113,-1.65,-103.633,50,0.6,0,2.3,0,0.8,0,0.8,0,5.8,0.2,0,0.2,0,0,37.9,35.8,0.4,0.4,1.7,8.8,0,0,1.7,0,0,2.8
V18-312,-2.85,-126.2,25,0,0,9.5,0,0.5,0,0.5,0,5.5,0,0,1,0,0,18.9,37.8,1.5,0,14.9,0,0,0,1.5,0,0,8.5
V18-318,3.167,-118.467,15,0,0.5,2.9,0,4.3,0,1.4,0,1,0,0.5,0,0,0,5.3,73.7,1,0,7.2,0,0,0,0.5,0,0,1.9
V19-29,-3.583,-83.933,120,0.1,0,0.2,0,0.3,0,0.1,0,27.6,0,0.1,0.1,4.4,5.6,22.7,20.2,0,0,0,17.8,0,0,0.1,0,0,0.8
V19-53,-17.017,-113.517,45,0,17.4,0.7,0,3,1.6,0.7,0.3,1,0,0,0,0,0,0.3,7.6,21.4,0,33.2,0,0,0.3,2.6,0,0,9.9
V19-55,-17,-114.183,23,0.1,3.9,26.6,2.8,6.1,0.1,2.1,0.7,4.3,0,0.1,0.8,0,0,0,1.6,5.3,0.2,5.7,0.3,0,0,0.2,0,0,39.4
V19-64,-16.933,-121.2,15,0.1,6.7,34.2,3.3,6,0.2,1.8,0.8,2.7,0.1,0.1,0.5,0,0,0,0.2,2.3,0.5,1.6,0,0,0,0.2,0,0,38.6
V19-65,-16.65,-124.383,15,0.1,6.8,36.4,0.8,5.1,0.5,2,1.1,1.3,0,0.1,0.3,0,0,0,0.6,3.5,0.8,2.5,0.1,0,0.1,0.4,0,0,37.4
V19-96,0.867,172,15,0,3.2,10.2,0.4,10.6,0,4.2,0,11.6,0,0,0,0,0,0.7,14.4,0.7,0,30.6,0,0,0,1.4,0,0,12
V  20119,47.95,168.783,20,0,0,0.2,0,0,0,0,0,3.3,0,0,0,6.1,88.8,1.6,0,0,0,0,0,0,0,0,0,0,0
V21-30,-1.217,-89.683,250,0.5,0.1,2.7,0.1,0.3,0,0.1,0,43.2,0,0,0.3,3.3,0.3,17.6,15.2,0,0,0,14.3,0,0,0.1,0,0.1,2
V21-33,-3.8,-92.083,45,0.3,0,0.3,0,0.2,0,0.2,0,12.8,0,0,0,0,0,11.2,47.6,0,0,0.7,20.3,0,0,0.2,0,0,6.2
V21-146,37.683,163.033,70,0.2,0,0.5,0,0,0,0,0,6.7,0,0,0,0.5,4,17.4,1.5,0,0,0.2,55.6,0,2.5,0,0,0,10.9
V28-201,2.767,-173.933,20,0,3.2,23.2,2,7.2,0.1,3.5,1.2,15.6,0,0,5.7,0,0,0,0.4,1,0,9.1,0,0,0,0.1,0,0,27.5
V28-203,0.95,-179.417,40,0.2,1.2,29.1,1.4,7.9,0,4.9,0.5,9.6,0.1,0.1,1.1,0,0,0,5,2.4,0,14.8,0,0,0,1.2,0,0.1,20.2
V  28230,-5.5,166.75,20,0,1.7,39.3,1.1,7.9,0,2.2,1.8,7.9,0.1,0.1,1.6,0,0,0,6.1,0.1,0.1,2.9,0,0,0.2,0.4,0,0.4,26
V  28238,1.017,160.483,35,0,1.9,25.3,1.3,7.1,0,6.7,2.2,12.5,0.3,0,1.9,0,0,0,6.7,1.3,0,11.5,0,0,0,1,0,0,20.2
V  28239,3.25,159.183,30,0,2.4,20.2,0.7,4.8,0,7.9,1.7,10.3,0,0,0.7,0,0,0,10.3,1.7,0,17.8,0,0,0.3,1.7,0,0.3,19.2
V  28243,11.067,138.533,20,0.1,3.3,59.9,2.8,10.9,0.1,2.9,0.2,6.1,0.1,0.2,1,0,0,0.1,2.6,0,0.6,0.5,0,0,0.1,0,0,0,8.6
V  28294,28.433,139.967,4,1.3,0.2,18.1,1.3,4.4,0,2,0.3,12.3,13.8,0.3,0.2,0.1,0.2,12,4.1,0,0,1.2,8.5,0.2,6.9,3.4,0,0.9,8.3
V  28304,28.533,134.133,45,0.4,3.5,15.6,0.3,6.9,0,2.4,1.4,14,5.4,0.9,0.1,0.1,0.2,13.6,10.3,0,0.1,1.9,9.5,0,4.3,1.2,0.1,0.3,7.5
V28-310,25.417,125.633,40,0.2,1.8,17,7.4,1,0,0.3,7.2,8.1,0.9,0.7,4.6,0.1,0,0.2,5,0,0,5,0.1,0,0.7,0.3,0,0,39
V 32126,35.317,177.9,25,1.4,0,1.7,0,0,0,0.6,0,27.7,0,0.3,0,1.4,1.2,31.2,2.6,0,0,0,27.2,0,2.1,0,0,0.2,2.6
V32-128,36.467,177.167,32,1.2,0,0.5,0,0,0,0,0,17.6,0,0.1,0,1.6,7.5,43.3,0.7,0,0,0,24.2,0,1.9,0,0,0,1.3
V  32139,31.567,151.1,1,1.5,0.8,5.3,0,0.8,0,0.8,0,7.6,1.3,0.3,0,0,0,10.1,3.8,0,0,0.8,59.7,1.3,3.8,1.5,0.3,0.8,0
A179-15,24.8,-75.933,162,0.9,0.6,52.9,10.9,4.7,0,3.5,0.3,0.5,1.5,0,1.7,0,0,0,2,0,0,0,2.9,0.2,3.2,0.8,0,1.1,12.7
EN6610,6.65,-21.9,30.5,0.5,0,36,1.4,17.3,0,2.2,1.4,3.6,1.4,1.1,0.8,0,0,4.9,10.7,0,0.3,0.3,2.7,0,2.2,3,0,0.3,9.9
M12392,25.167,-16.85,172.5,0.5,0,1.7,0.5,0.2,0,0.4,0,31.4,0,0.1,0,3.7,0,38.6,10.9,0.1,0,0,6.7,0,0.6,0,0,1.1,3.7
RC 13184,3.867,-43.3,55,0.3,0.3,50.8,0,21.6,0,0.5,0.8,0.3,0,0,0,0,0,0,7,0,0,0,0.3,0.5,9.7,1.6,0,0,6.2
RC 13189,1.867,-30,67.5,1.5,0.3,25.3,0.3,8,0,1.5,0.9,2.4,0.3,0.9,0.9,0,0,4.2,21.4,0,0,0,3.6,0,8.3,7.4,0,0,12.8
RC2401,0.567,-13.35,72,0.8,0,11.2,0,6.3,0,2.1,0.8,3.7,0.8,0,0.5,0.5,0.3,8.6,28.7,0,0,0.3,22.5,0,4.2,2.9,0,0.3,5.7
RC2407,-1.35,-11.917,120,0.5,0,5.1,0,1.4,0,0,0.5,8.9,0.3,0,0,0,0,8.6,28.9,0,0,0.3,31.4,0,4.6,3,0,0,6.5
RC 24 16,-5.033,-10.2,75,5.4,0.3,11.8,0,11,0,3.1,0.8,7.7,3.6,0.3,0,0,0.5,3.1,22.8,0,0,0.3,20.5,0,1.3,4.3,0,0,3.6
RC2427,-5.417,-0.367,72,4.3,0,27.1,0.3,15.2,0,1.8,0.9,2.7,0,0.3,0,0,0.3,4,21.9,0,0,1.5,12.2,0,0,3,0,0.3,4.3
RC  9 49,11.183,-58.6,85,0,3.4,44.4,0.7,12.3,0,0,2,5.8,0.7,0,3.4,2,2.4,0,5.5,0,0,0,0,0,1.7,1,0,2.7,11.9
V 15168,0.2,-39.9,142,0,2.2,21.7,0.3,23.9,0,0,1,1.3,0,0,1,0,0,0,27.1,0,0,0,1,0,13.4,3.5,0,0.3,3.5
V 22174,-10.067,-12.817,57,0.8,1.7,26.8,1.7,9.5,0,4.2,1.1,3.6,4.7,0.6,6.1,0,0,0.6,14.2,0,0,0.3,7.8,0.3,4.7,2,0,1.7,7.5
V22177,-7.75,-14.617,63,1.4,0,15.7,0,11.6,0,1.4,2.4,6.2,2.4,0,3,0,0,2.7,14.3,0,0,0,14.6,0,4.9,5.9,0,1.1,12.4
V 22182,-0.55,-17.267,72,0.6,0,12.9,0.3,4.1,0,0,0.9,6.5,0.6,0,0,0,1.2,7.4,36.2,0,0,0,9.4,0,5.6,4.7,0,0,9.7
V22222,28.933,-43.65,58,3.1,0.9,41.2,5.7,0.7,0.2,5.9,5,2,5.3,0,1.8,0,0,0.4,0.7,0,0,0,7.9,0,0,0,0,3.9,9.9
V2238,-9.55,-34.25,37.5,0.6,1.4,72.6,0,13.7,0,0.9,1.7,0.9,0,0,0,0,0,0,1.7,0,0,0,0,0,3.1,0.3,0,0.3,2.9
V23110,17.633,-45.867,26,1.1,2.2,49.2,1.9,20.1,0,2.2,2.7,0,0.8,0,1.4,0,0,0,1.4,0,0,0.3,0.3,0,2.5,0.5,0,0,13.5
V 2559,1.367,-33.483,67.5,0.3,0,35.4,0.3,13.4,0,1.7,0.8,1.1,0.8,0.3,0.3,0,0.8,1.1,20.1,0,0,0,0.6,0.3,8.1,3.3,0,0,11.4
V2560,3.283,-34.833,47.5,0,0.6,36.1,0.3,21.1,0,1.8,0.6,1.8,0,0.3,0.9,0,0,1.2,14.4,0,0,0.3,0.3,0,7.3,3.5,0,0.3,9.4
V2575,8.583,-53.167,120,0.4,1.1,52.1,0.2,17.5,0,0.9,2.8,6.1,0.7,0.4,0.4,0.4,1.3,0.2,7,0,0,0,0,0,2.4,0.7,0,0,5.3
V29144,-0.2,6.05,85,0.5,0,23.7,1.3,2.1,0,1.1,0.3,5,0,0,1.1,0,0.3,5.8,23.9,0,0,0,19.7,0,0.8,5.3,0,0.8,8.4
V3036,5.35,-27.317,40,0,3.1,33.8,0.3,35.1,0,3.7,0.6,2.2,0,0,0.3,0.3,0.3,1.5,11.7,0,0,0.9,0.3,0,1.5,1.5,0,0,2.8
V3036,5.35,-27.317,40,0,2.2,38.5,0,34.4,0,0.6,1.7,1.9,0,0.4,0.2,0,0,1.5,11,0,0,0,3,0,3.2,0.9,0,0,0.2
V 30 40,-0.2,-23.15,66,0,0.2,10.6,0,9.4,0,1.7,2.2,4.1,0.2,0,0.2,1,1,27.3,11.8,0,0,0,8.2,0.2,6.5,6.7,0.2,0.7,7.9
V30-49,18.433,-21.083,84,2,0,8.1,0.6,2,0,0.6,1.1,23.2,0.3,0,0.6,0.6,0,7.3,36.1,0,0,0.3,8.1,0,0,5,0,0.3,3.9
V3051,19.867,-19.917,54,1.4,0,3.4,0.3,0.7,0,0.7,1.4,25.7,1.4,0,0,0,0.3,21.2,26.4,0,0,0,12.7,0,0,0.3,0,0.7,3.4
V3208,34.783,-32.417,76,1.7,0,13.2,0.7,0.5,0,1.2,3,8.2,8.5,0,0.2,0,0,3.7,9.2,0,0,0,24.4,0.5,1.7,1,0.2,13.7,8.2
V 25 56,-3.55,-35.233,80,1.1,0,36.8,0,18.9,0,3.2,0,0,0,0,2.1,0,0,0,8.4,0,0,0,0,0,5.3,3.2,0,1.1,20
V3041,0.217,-23.067,44.5,0,0.3,8,0,4.3,0,0,0.6,8.3,0.3,0.3,3.4,0.3,0,11.8,30.2,0,0,0,9.2,0,7.2,2,0,0.9,12.9
RC10-62,3.333,-101.717,51,0.5,0,8.6,0.5,3.7,0,1.1,1.1,5.3,0.5,0,1.1,0,0,3.2,56.1,0,0,4.3,2.1,0,0,3.2,0,0,8.6
RC13-110,0.1,-95.65,54,0,0,3.7,0,0.3,0,0.3,0.3,9.6,0.3,0,0,0.6,0,0.6,69.8,0,0,0,6.2,0,0,4.3,0,1.9,2.2
RC13-115,-1.633,-104.833,61,0.7,0.3,5.1,0,1.4,0,1.4,0.3,8.8,0.3,0,0,0,0,4.7,59.7,0.7,0.3,3.4,7.5,0,0,2.4,0,0,3.1
V19-29,-3.583,-83.933,120,0.6,0,0.2,0,0.3,0,0.8,0.8,24.2,0,0.1,0.1,3.2,2.5,9.4,37.3,0,0,0.1,18.3,0,0,0.4,0,0,1.9
VNTR01-08P,C      0.033,-110.483,41,1.2,0,3.2,0.2,2.1,0,0.7,0,5.8,0.5,0,0,0,0,10.9,55.7,0.5,0,1.6,4.8,0,1.4,9.7,0,0.2,1.6
Y69-106P,2.983,-86.55,30,1.2,0,7.5,1.2,0.4,0,0.4,0.8,13.8,1.6,0.4,1.2,1.2,0,5.5,44.5,0,0.8,0.4,2,0,0,0,0,2,15.4
Y69-71P,0.1,-86.483,180,0.3,0,4.5,0,0.6,0,0,0.6,21.2,0,0.3,0.3,0,0,0,53.4,0,0,0.6,13.5,0,0,0,0,0.6,3.9
Y71-3-2P,7.167,-85.15,20,0.8,0,13.4,0,0.8,0,2.9,0,14.7,0,0,0,0,0,0,48.3,0,0.8,0.8,0,0,0,0.4,0,0,16.8
Y71-9-101P,-6.383,-106.933,63,0.4,0,8.7,0,4.9,0,1.1,1.9,5.7,0,0.4,0,0,0,0,58.1,0,0,2.3,3.8,0,0,1.1,0,0,11.7
Y71-6-12P,-16.44,-77.56,49,0.6,0,2.1,0,0,0,0.2,0,13.5,0.2,0.2,0,2.3,17.6,7.4,20.1,0,1.5,0.2,30.2,0,0,0,0,1.1,3.2