Core,Latitude,Longitude,Coring device,Water depth (m),Sample depth - upper (m),Chronostratigraphic quality (chronozone level),sedimentation rate (cm/ky),Publication,added by (name),date of addition,Orbulina universa,Globigerinoides conglobatus,Globigerinoides ruber,Globoturborotalita tenella,Globigerinoides sacc,Sphaeroidinella dehiscens,Globigerinella adamsi,Globigerinella siphonifera,Globigerinella calida,Globigerina bulloides,Globigerina falconensis,Beela digitata,Globoturborotalita rubescens,Turborotalita humilis,Turborotalita quinqueloba,Neogloboquadrina pachyderma L,Neogloboquadrina pachyderma R,Neogloboquadrina dutertrei,Globoquadrina conglomerata,Globorotaloides hexagonus,Pulleniatina obliquiloculata,Globorotalia inflata,Globorotalia truncatulinoides,Globorotalia crassaformis,Globorotalia crassula,Globorotalia hirsuta,Globorotalia scitula,Dentagloborotalia anfracta,Globorotalia menardii,Globorotalia tumida,Globorotalia menardii flexuosa,Candeina nitida ,Globigerinita glutinata,Globorotalia theyeri,Tenuitella iota,Globigerinita uvula,Other ID
A015558,8.983333333,51.73333333,,3985,0.58,2,2.815533981,Prell et al. (1980),TTB,37622,2,0,,0,,1,0,1,0,40,2,0,12,0,1,3,66,55,0,3,19,0,0,7,,0,2,,20,12,0,0,36,,,,
DSDP site 588,-26.11,161.2266667,,1533,0.42,2,2.038834951,Nelson et al. (1993b); Martinez (1994),TTB,37622,1.65,0.66,,0,,,,1.99,0,14.57,6.62,,4.3,,,0,2.32,2.65,,,0,19.87,6.95,3.31,0.33,,0.66,,0.33,,,,4.63,,,,
DSDP site 591,-31.58433333,164.4486667,,2131,0.4,2,1.941747573,Nelson et al. (1993b); Martinez (1994),TTB,37622,1.59,0.64,,0.64,,,,3.5,0,27.07,6.37,,,,,0.318474576,18.47152542,0.95,,,0,24.84,1.27,1.91,0.64,,0.32,,,,,,6.05,,,,
DSDP site 592,-36.47333333,165.4421667,,1088,0.31,2,1.504854369,Nelson et al. (1993b); Martinez (1994),TTB,37622,0.3,0.6,,0,,,,0.3,0,26.43,0.9,,,,3,0.60057971,20.11942029,5.4,,,0,24.02,13.51,0.6,0,,0.9,,,,,,2.4,,,,
DSDP site 593,-40.5078,167.6745,,1068,0.38,2,1.844660194,Nelson et al. (1993b); Martinez (1994),TTB,37622,0,,,0,,,,0,,29.5,0.25,,,,14.75,2,15.75,0.25,,0,,14.75,13.5,0,0,0,0,,,,,,9,,0.5,,
DSDP site 594,-45.5235,174.948,,1204,2.52,2,12.23300971,"Nelson et al. (1993a), Wells and Okada, (1998)",TTB,37622,0,0,,0,,0,0,0,0,3,0,0,0,0,4,495,15,0,0,0,0,12,0,0,,0,0,,0,0,,0,5,,,,10
E26-001,-40.28333333,168.34,,914,0.61,2,2.961165049,"Hesse (1994), Barrows et al. (2000)",TTB,37622,3,,,0,,,,0,0,105,0,0,0,,37,0,44,2,,,,56,60,0,0,0,0,,,0,,,11,,,,
E27-030,-45.0667,147.2283,,3552,0.6,2,2.912621359,Passlow et al. (1997),TTB,37622,2,,,,,,,0,,120,2,,0,,17,46,43,0,,,,45,12,,,0,2,,,,,,26,,,,0
E36-023,-43.9167,150.0505556,,2533,0.19,2,0.922330097,"Nees et al., (1994); Martinez, (1994)",TTB,37622,0.32,,,,,,,0,,55.91,0,,,,4.79,3.51,15.65,0.32,,,,8.63,1.351168,0,0,0,0.32,,,0,,,8.94,,,,
E45-027,-43.23333333,105.5833333,,3779,0.3,2,1.45631068,Prell et al. (1980),TTB,37622,0,0,,0,,0,0,0,0,157,0,1,0,0,12,50,17,0,0,0,0,38,13,0,,0,1,,0,0,0,0,11,,,,
E45-029,-44.88333333,106.5166667,,3863,0.39,2,1.893203883,Howard and Prell (1992),TTB,37622,0,,,0,,,,0,0,49.3,0,0,0,0,0,30.9,2.3,0,,,0,13.9,2.3,0,,0,0,,0,,,,1.4,,,,
E45-078,-45.037,114.348,,4031,0.31,4,1.504854369,Prell et al. (1980),TTB,37622,1,0,,0,,0,0,0,0,155,0,0,0,1,17,43,14,0,0,0,0,52,4,1,,0,1,,0,0,0,0,11,,,,
E45-102,-33.61666667,113.5833333,,1980,0.24,3,1.165048544,Wells and Wells (1994),TTB,37622,0,0,,4,,0,0,4,0,37,13,0,0,0,0,6,14,4,0,0,0,152,16,0,,1,0,,1,0,0,0,41,,,,6
E48-003,-41.02,100.0116667,,3868,0.22,3,1.067961165,Williams (1976),TTB,37622,0,0,,0,,,,0,0,38.8,0,0,0,0,23,12.6,4.9,0,,0,,10.1,2.2,0.3,,0,0.5,,0,,,,6.8,,0,0,0.5
E48-011,-29.7,97.58333333,,3462,0.22,2,1.067961165,Prell et al. (1980),TTB,37622,4,6,,0,,0,0,0,1,27,1,0,0,1,0,4,40,1,0,0,0,123,6,10,,0,0,,7,4,0,0,13,,,,
E48-022,-39.895,85.41,,3324,0.82,2,3.980582524,Williams (1976),TTB,37622,0.2,0,,0,,,,0,0,32.8,0,0,0,0,17.9,13.8,18.4,0,,0,,5.9,2.2,0,,0,0.6,,0,,,,7,,0,0,0.8
E48-023,-39.515,83.72333333,,3459,0.55,2,2.669902913,Williams (1976),TTB,37622,0.6,0,,0,,,,0,0,21,5.7,0,0,0,20.8,15.3,19.9,0,,0,,5.1,2.5,0,,0,0.2,,0,,,,7.9,,0,0,0.7
E48-027,-38.54166667,79.89833333,,3231,0.62,2,3.009708738,Williams (1976),TTB,37622,0,0,,0,,,,0,0,26.3,0.6,0,0.3,0,23.8,8.8,20.4,0.3,,0,,6.3,3.4,0,,0.3,0,,0,,,,8.8,,0,0,0
E48-028,-38.54833333,79.91833333,,3173,0.73,3,3.54368932,Williams (1976),TTB,37622,0.9,0,,0,,,,0,0,22.5,1.2,0.3,0.6,0,17.5,10.2,24.5,0.9,,0,,7.6,2.9,0,,0.3,0.3,,0,,,,9.3,,0,0,0
E48-035,-30.35333333,86.485,,1800,0.355,2,1.723300971,De Deckker (unpublished data),TTB,37622,7,7,,0,,0,,7,2,50,7,0,,,0,6,,0,,,0,93,56,0,0,7,5,,0,0,,0,3,,,,
E49-018,-46.05,90.16666667,,3291,0.5,2,2.427184466,Howard and Prell (1992),TTB,37622,0,,,0,,,,0,0,22.5,0.6,0,0,0,1.3,59.4,2.5,0,,,0,12.4,0.3,0,,0,0,,0,,,,1,,,,
E49-021,-42.18333333,94.88333333,,3328,0.49,2,2.378640777,Howard and Prell (1992),TTB,37622,0.2,,,0,,,,0,0.2,48.8,0.5,0,0,0,9,14.6,5.8,0,,,0,5.8,3.4,0,,0,0,,0,,,,11.7,,,,
E49-023,-47.11666667,95.08333333,,3206,0.59,2,2.86407767,Howard and Prell (1992),TTB,37622,0,,,0,,,,0,0,9.7,0,0,0,0,0.3,83.7,0.3,0,,,0,4.1,0.8,0.3,,0,0,,0,,,,0.8,,,,
E55-006,-38.8533,141.0633,,2346,0.4,2,1.941747573,Passlow et al. (1997),TTB,37622,0,0,,,,,,0,,71,2,0,18,,62,0,19,0,,,0,35,47,0,,3,0,,,,,,62,,,,11
FR1/94-GC03,-44.2606,149.9963889,,2667,0.3,2,1.45631068,"Hiramatsu et al. (1997), Barrows et al. (2000)",TTB,37622,0,,,0,,,,1,,169,2,0,0,,32,35,81,0,,,,38,14,,,5,0,,,,,,15,,,0,
FR10/95-GC05,-14.00916667,121.0263333,,2472,0.67,2,3.252427184,Martinez et al. (1999),TTB,37622,0.647,1.6,,4.21,,0,0,2.59,0,2.9,1.29,0.3,3.56,0,0,0,3.2,12,0,0,3.56,0,3.24,0.647,0.6,0,0,0,9.38,0.3,,0,19.7,0,0,,
FR10/95-GC11,-17.64283333,114.9988333,,2458,0.29,2,1.40776699,Martinez et al. (1999),TTB,37622,1,0.66,,2.99,,0,0,2.66,0.66,5.32,1.66,0,4.98,0,0,0,3.65,4.32,0.33,0.33,1.66,2.99,1.99,0,0.33,0,0.33,0,8.31,0,,0.33,21.93,0,0,,
FR10/95-GC14,-20.04516667,112.6621667,,997,0.39,2,1.893203883,Martinez et al. (1999),TTB,37622,0,0.33,,2.32,,0,0,5.96,0.33,24.17,3.31,0.33,1.32,0,0,0,0.99,4.3,0,0.66,0.66,13.25,0.99,0.33,0.33,0,0,0,2.32,0.33,,0,18.54,0,0,,
FR10/95-GC17,-22.129,113.5018333,,1093,1.43,2,6.941747573,Martinez et al. (1999),TTB,37622,0,0,,2.6,,0,0,4.2,0,14.3,3.6,0,2.9,0.3,0,0,1,2.6,0,0,1,23.7,0.3,0,0.3,0,0,0,1.9,0,,0,26.9,0,0,,
FR10/95-GC20,-24.7445,111.8291667,,841,0.64,2,3.106796117,Martinez et al. (1999),TTB,37622,0,0.3,,2.8,,0,0,1.3,0,11.9,5.3,0,2.5,0,0,0,0,2.5,0,0,0,29.1,0.3,0,0.3,0,0,0,0.6,0,,0,23.8,0,0,,
FR10/95-GC29,-30.99183333,114.5895,,1220,0.91,2,4.417475728,Martinez et al. (1999),TTB,37622,0,0.6,,0.8,,0,0,3.1,0.8,12.6,3.6,0,0.8,0.3,0.3,0,0.6,0,0,0,0,43.1,2.5,0,3.4,0.6,0,0,0.8,0.3,,0,13.7,0,0,,
FR2/96-GC10,-24.46416667,108.5101667,,2852,0.26,2,1.262135922,Martinez et al. (1999),TTB,37622,0.5,0.5,,2.2,,0,0,3.2,0,9.2,5.1,0.3,2.2,0.3,0,0,0,1.9,0,0,0.3,29.9,1.1,0,2.2,0,0.5,0,0.3,0,,0,18.3,0,0,,
FR2/96-GC17,-12.24666667,112.7378333,,2571,0.43,2,2.087378641,Martinez et al. (1999),TTB,37622,0,1.31,,0.3,,0.3,0,4.9,0,8.49,0.3,0,0.3,0,0,0,8.8,16,0,0,5.55,0,1.96,0,0.98,0,0.3,0,15.7,1.6,,0,7.8,0,0,,
FR2/96-GC27,-18.56183333,116.2668333,,1024,1.29,2,6.262135922,Martinez et al. (1999),TTB,37622,0,1.66,,6.29,,0.33,0,5.96,0,4.3,1.3,0.33,1.7,0,0,0,1.98,2.98,0.33,0.99,4.96,0.33,0.33,0,0.99,0,0,0,5.3,0,,0,11.92,0,0,,
K12,2.688888889,127.7361111,,3510,2.8675,2,13.91990291,Barmawidjaja et al. (1993),TTB,37622,0,0.3,,0.6,,0,,0,0,10.5,1.2,,0.9,,,,6.3,34,,,10.2,,0,0.3,,,0,,14.1,,,,15.7,,,,0
MD76-131,15.32,72.34,,1230,1.9,4,9.223300971,Prell (1985),TTB,37622,1.4,0.9,,4.1,,0,,4.5,0.9,12.3,1.8,0,1.8,,0,0,0,5.5,0.5,1.4,4.5,0,0,0,,0,0.5,,,,,,16.4,,,,
MD77-169,10.13,95.03,,2360,1.51,4,7.330097087,Prell (1985),TTB,37622,0.3,1.8,,3.6,,0,,1.6,8.6,9.4,1,0.3,1,,0,0,0,15.6,1,1.3,7.5,0,0,0.3,,0,0.3,,,,,,12.5,,,,
MD77-171,11.46,94.09,,1760,2.61,4,12.66990291,Prell (1985),TTB,37622,1,0.5,,9.1,,0,,2.6,2.6,11,1.4,0.2,3.4,,0,0,0,12.5,1.7,2.4,4.6,0,0,0,,0,0.5,,,,,,13.7,,,,
MD77-179,18.22,91.01,,1986,0.52,4,2.524271845,Prell (1985),TTB,37622,1.3,1.3,,6.3,,0,,1.7,2.6,11.3,2.6,0.4,2.6,,0,0,0,8.1,0.7,1.5,10.6,0,0,0,,0,0.4,,,,,,30.7,,,,
MD77-180,18.28,89.51,,1986,1.81,4,8.786407767,Prell (1985),TTB,37622,1,0.7,,3.4,,0,,4.2,3.4,11.8,1.2,0,1.7,,0,0,0,7.1,1,1.2,6.4,0,0,0,,0,0,,,,,,25.1,,,,
MD77-191,7.3,76.43,,1254,6.72,4,32.62135922,Prell (1985); Ruddiman (1992),TTB,37622,0,0,,3.5,,0,,1.2,2.4,31.8,2.9,0,4.7,,0,0,0,18.8,0.6,4.7,2.9,0,0,0.6,,0,0,,,,,,11.8,,,,
MD77-194,10.28,75.14,,1222,3.11,4,15.09708738,Prell (1985),TTB,37622,0,0.3,,5.2,,0.3,,1.7,4.9,27.7,0.3,0,4,,0,0,0,10.7,0.6,3.2,1.2,0,0,0,,0,0.6,,,,,,10.4,,,,
MD77-203,20.42,59.34,,2442,3.41,4,16.55339806,Prell (1985),TTB,37622,10,0,,0.3,,0,,2.9,12,28.9,15.4,0,1.1,,1.7,0.3,0.6,3.4,0,0,1.1,0,0,0,,0,0,,,,,,4.9,,,,
MD88-770,-46.01666667,96.46666667,,3290,1.12,2,5.436893204,Labeyrie et al. (1996),TTB,37622,,,,,,,,,,6,,,,,1,206,2,,,,,0,1,,,,0,,,,,,1,,,,
ODP site 828,-15.2889,166.2839,,3086.7,12.38,2,60.09708738,Martinez (1994),TTB,37622,3.55,0.64,,0.64,,0,,4.84,0.32,7.74,0,0,0.64,,,0,0.32,6.13,,0,3.55,0.64,0,0.97,1.61,,0.97,0,4.84,0.32,,0,18.4,0,0,0,
ODP122-760A,-16.922,115.5413333,,1970,0.39,2,1.893203883,Wells and Wells (1994),TTB,37622,6,4,,2,,1,0,21,1,2,5,0,4,0,0,1,4,37,0,0,4,8,10,2,,0,3,,23,7,0,1,63,,,,
ODP122-762B,-19.88733333,112.254,,1360,0.8,2,3.883495146,Wells and Wells (1994),TTB,37622,5,2,,3,,1,0,15,0,7,8,0,2,0,0,0,2,30,3,3,1,30,5,4,,3,1,,14,1,0,0,40,,,,5
P69,-40.39666667,177.9966667,,2195,3.9,2,18.93203883,"Weaver et al., (1998)",TTB,37622,0,0,,0,,0,,0,0,62,4,0,0,,6,39,97,12,,,0,61,4,12,0,1,1,,0,0,,,17,,,,0
Q200,-45.995,172.025,,1370,0.59,2,2.86407767,"Weaver et al., (1998)",TTB,37622,0,0,,0,,0,,0,0,20,0,0,0,,3,251,1,0,,,0,2,1,0,0,0,0,,0,0,,,0,,,,0
Q585,-49.70333333,182.075,,4354,0.73,2,3.54368932,"Weaver et al., (1998)",TTB,37622,0,0,,0,,0,,0,0,15,0,0,0,,0,325,1,0,,,0,3,0,0,0,0,0,,0,0,,,0,,,,0
R657 (S),-42.53333333,181.5083333,,1408,0.5,2,2.427184466,Sikes et al. (2002),TTB,37622,1,0,,0,,0,0,0,0,60,0,0,0,0,51,24,130,19,0,0,0,107,23,1,0,2,0,0,0,0,0,0,32,0,0,0,4
R657 (W),-42.53333333,181.5083333,,1408,0.5,2,2.427184466,"Weaver et al., (1998)",TTB,37622,0,0,,0,,0,,0,1,47,0,0,0,,33,24,79,6,,,0,77,22,8,0,0,3,,0,0,,,15,,,,1
RC08-039,-42.88333333,42.35,,4330,0.7,2,3.398058252,Prell et al. (1980),TTB,37622,0,0,,0,,0,0,0,0,18,0,0,0,0,11,223,37,0,0,0,0,1,1,0,,0,0,,0,0,0,0,9,,,,
RC08-078,-44.78333333,184.2333333,,1756,0.5,3,2.427184466,Barrows et al. (2000),TTB,37622,6,0,,0,,0,0,0,1,68,5,0,0,0,26,11,34,18,0,1,0,74,23,0,,0,0,,0,0,,0,14,,,0,
RC09-148,-29.68,113.7,,2056,0.19,3,0.922330097,Wells and Wells (1994),TTB,37622,0,0,,1,,0,0,5,0,14,17,0,0,0,0,0,0,15,0,0,0,160,3,1,,2,2,,0,0,0,0,34,,,,18
RC09-150 (P),-31.28333333,114.5516667,,2703,0.8,2,3.883495146,Prell et al. (1980); CLIMAP (1981),TTB,37622,3,0,,3,,0,0,5,8,25,11,3,8,0,0,0,5,3,0,0,3,153,14,0,,5,11,,0,0,0,0,22,,,,
RC09-150 (W),-31.28333333,114.5516667,,2703,0.9,2,4.368932039,Wells and Wells (1994),TTB,37622,0,0,,0,,0,0,0,2,29,9,0,0,0,0,4,7,3,0,0,0,171,5,0,,0,3,,0,0,0,0,44,,,,15
RC09-161,19.56833333,59.595,,3332,1.6,4,7.766990291,Prell et al. (1980),TTB,37622,14,0,,0,,0,0,5,14,87,2,1,8,1,1,0,6,20,0,0,6,0,0,1,,0,5,,19,0,0,0,60,,,,
RC09-162,19.07666667,60.42166667,,3092,0.5,2,2.427184466,Prell et al. (1980),TTB,37622,10,0,,2,,0,0,7,5,66,11,0,7,0,0,0,0,41,0,1,11,0,0,0,,0,0,,24,9,0,0,46,,,,
RC10-131,-14.53,157.97,,2933,0.3,2,1.45631068,Anderson et al. (1989),TTB,37622,3,4,,8,,2,0,17,9,15,8,2,3,0,0,0,0,15,0,0,8,0,1,0,,0,0,0,1,1,0,0,71,,0,0,10
RC11-120,-43.51666667,79.86666667,,3193,0.74,2,3.59223301,Prell et al. (1980); Martinson et al. (1987),TTB,37622,0,0,,0,,0,0,0,1,76,0,0,0,0,5,179,24,0,0,0,0,5,6,1,,0,0,,0,0,0,0,3,,,,
RC11-121,-39.71666667,82.25,,3426,0.4,3,1.941747573,Prell et al. (1980),TTB,37622,1,0,,0,,0,0,0,0,96,36,0,0,0,28,27,51,0,0,0,0,19,13,0,,1,2,,0,0,0,0,25,,,,
RC11-126,-30.06666667,94.41666667,,2336,0.2,2,0.970873786,Prell et al. (1980),TTB,37622,3,1,,4,,0,0,3,5,80,6,3,4,0,3,0,11,0,0,0,0,51,39,0,,2,21,,0,0,0,0,13,,,,
RC11-134,-33.06666667,110.55,,2345,0.1,2,0.485436893,CLIMAP (1981),TTB,37622,3,0,,2,,0,0,1,6,85,10,0,1,1,3,0,21,2,0,0,0,76,18,2,,1,5,,0,0,0,0,28,,,,
RC11-145,-25.48333333,110.0166667,,3911,0.29,2,1.40776699,Wells and Wells (1994); Prell et al. (1980),TTB,37622,2,2,,1,,0,0,4,1,6,11,0,0,0,0,0,3,13,0,0,0,158,5,2,,0,0,,1,0,0,0,62,,,,4
RC11-147,-19.05833333,112.75,,1953,0.6,2,2.912621359,Prell et al. (1980),TTB,37622,3,3,,11,,0,0,3,11,14,16,0,24,0,0,0,10,19,0,0,5,27,8,3,,0,3,,14,3,0,0,54,,,,
RC12-109,-25.88333333,157.8666667,,2930,0.4,2,1.941747573,Anderson et al. (1989),TTB,37622,3,1,,5,,0,0,16,7,34,89,0,3,0,0,0,2,8,0,0,6,105,5,9,,1,1,0,2,0,0,0,29,,0,0,7
RC12-113 (A),-24.88,163.52,,2454,0.5,2,2.427184466,Anderson et al. (1989),TTB,37622,5,2,,12,,0,0,8,8,17,64,2,4,0,0,0,1,6,0,0,3,43,13,5,,3,2,0,1,0,0,0,16,,0,0,4
RC12-113 (M),-24.88,163.52,,2454,0.4,2,1.941747573,Martinez (1994); Anderson et al. (1989),TTB,37622,1.96,1.31,,1.96,,0,,7.19,0,7.52,9.15,0.65,1.65,,,,,2.61,,,0.98,16.99,0,4.25,0.65,,0.33,,0.33,0,,0,4.57,,0,,
RC12-328,-3.95,60.6,,3087,0.3,4,1.45631068,Prell (1985),TTB,37622,0.9,0.6,,1.5,,0.3,,7.3,2.8,6.1,1.2,0.9,1.2,,0,0,0,16.8,0.6,1.5,3.4,0,0,3.7,,0,1.8,,,,,,12.5,,,,
RC12-339,9.133333333,90.03333333,,3010,0.7,2,3.398058252,Prell et al. (1980),TTB,37622,1,6,,4,,1,0,4,5,33,3,1,4,0,0,0,2,54,0,2,16,0,0,3,,0,0,,67,2,0,0,38,,,,
RC12-340,12.7,90.017,,3012,0.7,4,3.398058252,Prell (1985),TTB,37622,3.4,2,,7.6,,0.2,,3.4,5.2,2.2,0,0,2,,0,0,0,16.3,1,2,7.4,0,0,0.7,,0,0,,,,,,20.4,,,,
RC12-341,13.05,89.583,,2988,0.6,4,2.912621359,Prell (1985),TTB,37622,2,2.2,,11.5,,0,,3.3,3.3,3,1.3,0.2,3,,0,0,0,12.6,1.7,3.7,4.1,0,0,0.4,,0,0.2,,,,,,27.3,,,,
RC12-343,15.167,90.567,,2666,0.6,4,2.912621359,Prell (1985),TTB,37622,0.6,2.4,,7.6,,0,,2.1,1.5,3.3,0.9,0,0.9,,0,0,0,9.7,0.6,0.9,6.7,0,0,0,,0,0,,,,,,35.2,,,,
RC12-344,12.767,96.067,,2140,2.9,4,14.0776699,Prell (1985),TTB,37622,0.4,0.7,,3.9,,0,,6,3.5,6.3,2.1,0,3.9,,0,0,0.4,8.8,2.1,2.1,6.3,0,0,0,,0,0,,,,,,4.2,,,,
RC13-038,-14.51666667,177.1,,2867,0.4,3,1.941747573,Barrows et al. (2000),TTB,37622,13,12,,14,,0,0,20,19,13,7,3,6,0,3,0,2,11,0,0,3,0,0,2,,0,1,,1,5,,0,154,,,0,
RC14-007,-35.51666667,44.75,,3288,0.25,2,1.213592233,Prell et al. (1980),TTB,37622,1,0,,0,,0,0,9,0,48,30,0,0,0,2,3,64,39,0,0,0,68,9,1,,4,4,,0,0,0,0,16,,,,
RC14-009,-39.01666667,47.88333333,,2692,0.7,2,3.398058252,Prell et al. (1980),TTB,37622,1,0,,0,,0,0,1,0,77,2,0,1,0,26,17,122,3,0,0,0,35,5,0,,2,0,,0,0,0,0,6,,,,
RC14-029,-10.92333333,88.315,,2869,0.2,2,0.970873786,Prell et al. (1980),TTB,37622,8,5,,11,,0,0,4,2,9,0,0,9,0,0,0,7,32,3,2,9,3,0,3,,0,0,,33,3,0,1,47,,,,
RC14-035,-0.833333333,89.95,,3021,0.4,2,1.941747573,Prell et al. (1980),TTB,37622,2,2,,0,,0,0,7,9,21,1,0,6,0,0,0,1,25,14,3,25,0,0,5,,0,0,,45,4,0,0,31,,,,
RC14-037,1.466666667,90.16666667,,2226,0.4,2,1.941747573,Prell et al. (1980),TTB,37622,0,2,,10,,0,0,11,10,20,2,0,4,1,0,0,1,26,10,5,20,0,0,0,,0,1,,28,1,0,0,52,,,,
RC14-039,-5.857,90.52,,2952,0.7,4,3.398058252,Prell (1985),TTB,37622,0.5,1.6,,0.5,,0,,3.7,1.2,11.2,1.4,0.9,1.6,,0,0,0,22.2,3,2.6,11,0,0,0.5,,0,0.2,,,,,,13.6,,,,
RC17-069,-31.5,32.6,,3380,0.6,2,2.912621359,Prell et al. (1980) Be and Duplessy (1976),TTB,37622,3,0,,3,,0,0,6,12,27,3,6,3,0,0,0,12,18,0,0,0,95,3,0,,6,3,,3,0,0,0,45,,,,
RC17-073,-32.11666667,36.01666667,,2021,0.3,2,1.45631068,Prell et al. (1980),TTB,37622,4,0,,2,,0,0,9,16,42,3,1,9,0,2,1,12,3,0,0,1,92,3,0,,9,9,,1,0,0,0,33,,,,
RC17-098,-13.21666667,65.61666667,,3409,0.53,2,2.572815534,Prell et al. (1980),TTB,37622,5,7,,3,,0,0,11,7,10,3,0,7,0,0,0,3,29,1,1,5,0,1,0,,2,4,,12,21,0,0,68,,,,
RC17-108,-10.508,57.72,,4051,0.4,3,1.941747573,CLIMAP (1981),TTB,37622,1,0,,15,,0,0,2,6,51,22,0,32,0,0,1,11,15,0,2,6,0,1,1,,0,2,,8,1,0,1,50,,,,
RC17-113,15.033,66.097,,3874,0.3,4,1.45631068,Prell et al. (1980),TTB,37622,4,1,,1,,0,0,2,6,14,10,3,2,0,0,0,2,28,0,5,46,0,0,0,,0,1,,35,7,0,0,46,,,,
RS067-GC10,-38.86166667,140.1,,3332,0.505,3,2.451456311,"Passlow et al., (1997)",TTB,37622,0,0,,,,,,0,,138,0,0,0,,21,15,51,1,,,0,30,42,0,,0,4,,,,,,14,,,,0
RS096-GC21,-23.77216667,108.5006667,,2100,0.29,2,1.40776699,Wells and Wells (1994),TTB,37622,0,1,,6,,0,0,11,2,9,12,1,1,0,0,0,2,9,0,0,0,75,6,2,,1,3,,3,0,0,0,40,,,,7
RS147-GC07,-45.15,146.28,,3307,0.985,2,4.781553398,Samson (1996),TTB,37622,0,0,,0,,0,0,0,2,207,11,0,0,104,0,122,79,1,0,0,0,42,7,0,0,1,3,0,0,0,0,0,42,0,0,0,6
RS147-GC14,-46.45,145.24,,3360,0.25,3,1.213592233,Howard et al. (2002),TTB,37622,0,0,,0,,0,0,0,0,96,5,0,0,0,22,101,41,0,0,0,0,19,5,0,0,0,0,0,0,0,0,0,26,0,0,0,0
RS147-GC31,-44.53,149.05,,3402,0.69,2,3.349514563,Howard et al. (2002),TTB,37622,0,0,,0,,0,0,0,0,108,0,0,0,0,55,36,56,0,0,0,0,35,10,0,0,0,0,0,0,0,0,0,15,0,0,0,0
S794,-35.31,177.9966667,,2195,1.39,2,6.747572816,"Weaver et al., (1998), Wright et al., (1998)",TTB,37622,1,0,,1,,0,,2,0,46,15,1,0,,27,14,126,40,,,0,52,24,18,2,0,0,,0,0,,,30,,,,0
SHI9006,-4.33223,117.59584,,1999,5.99,2,29.0776699,Ding et al. (2003),TTB,37622,6,0,,1,,0,,12,6,53,0,0,13,,,8,0,37,0,,14,0,0,0,,0,5,,13,0,,0,152,,,,
SHI9016,-8.455833333,128.238,,1805,0.52,2,2.524271845,Spooner et al. (in press),TTB,37622,4,1,,6,,0,0,18,6,24,5,,23,0,0,1,13,59,13,,27,,4,7,,,5,,27,1,,0,85,,0,,
SHI9022,-11.35444,122.03799,,2313,5.79,2,28.10679612,Ding et al. (2003),TTB,37622,3,0,,6,,0,,12,1,14,0,0,15,,,0,29,32,0,,14,0,2,5,,0,1,,29,0,,0,79,,,,
SHI9034,-9.09764,111.00721,,3330,8.3,2,40.29126214,Ding et al. (2003),TTB,37622,2,0,,4,,0,,8,2,61,0,0,8,,,2,102,108,0,,16,0,1,4,,0,4,,31,2,,1,31,,,,
SO36-07,-42.25,144.75,,1085,0.73,2,3.54368932,"Lynch-Stieglitz et al.,(1994) Wells and Connell, (1997)",TTB,37622,0,0,,0,,0,0,0,0,109,1,0,0,0,19,65,70,0,0,0,0,33,25,0,,0,2,,0,0,0,0,30,,,,13
SO36-21,-43.8,145.5,,2829,0.2,2,0.970873786,Wells and Connell (1997),TTB,37622,4,0,,0,,0,0,0,0,140,0,0,0,0,4,24,34,0,0,0,0,50,17,0,,0,0,,0,0,0,0,25,,,,20
SO36-39,-45.87,145.99,,2497,0.3,2,1.45631068,Wells and Connell (1997),TTB,37622,0,0,,0,,0,0,0,0,116,0,0,0,0,3,68,47,0,0,0,0,28,4,0,,0,0,,0,0,0,0,27,,,,35
SO36-47,-46.87,145.98,,2497,0.5,2,2.427184466,Wells and Connell (1997),TTB,37622,0,0,,0,,0,0,0,0,121,0,0,0,0,9,72,40,0,0,0,0,40,3,0,,0,0,,0,0,0,0,20,,,,33
U938,-45.075,179.4983333,,2700,1.3,2,6.310679612,"Weaver et al., (1998)",TTB,37622,0,0,,0,,0,,0,0,19,0,0,0,,26,179,2,0,,,0,97,1,0,0,0,0,,0,0,,,3,,,,0
V14-077,-29.64166667,32.85833333,,1818,0.29,3,1.40776699,Prell et al. (1980),TTB,37622,6,1,,3,,0,0,11,18,8,1,1,6,0,0,0,15,19,0,0,6,83,1,1,,1,9,,11,0,0,0,34,,,,
V14-081,-28.425,43.78333333,,3634,0.35,3,1.699029126,Prell et al. (1980),TTB,37622,4,0,,10,,0,0,4,13,23,3,1,15,1,4,0,14,5,0,0,0,42,8,0,,2,9,,3,0,0,0,65,,,,
V14-101,8.65,58.56666667,,2849,0.7,2,3.398058252,Prell et al. (1980),TTB,37622,1,0,,4,,0,0,6,0,28,7,0,3,0,0,0,32,19,0,3,14,0,0,8,,0,1,,12,7,0,0,103,,,,
V14-102,10.25,57.18333333,,3915,0.4,2,1.941747573,Prell et al. (1980),TTB,37622,1,2,,2,,0,0,9,0,28,6,2,4,0,0,1,41,62,0,7,27,1,0,5,,0,6,,9,9,0,0,50,,,,
V16-089,-33.01666667,85.78333333,,3416,0.4,2,1.941747573,CLIMAP (1981),TTB,37622,3,0,,1,,0,0,1,2,88,1,1,0,1,5,0,50,0,0,0,0,84,29,0,,6,6,,0,0,0,0,8,,,,
V18-191,-32.433,46.567,,2946,0.3,3,1.45631068,CLIMAP (1981),TTB,37622,3,0,,2,,0,0,3,9,43,3,2,3,1,0,2,42,1,0,0,0,102,17,0,,10,8,,0,0,0,0,16,,,,
V18-207,-25.63333333,87.11666667,,2434,0.4,2,1.941747573,Prell et al. (1980),TTB,37622,5,8,,13,,1,0,7,14,7,12,0,4,1,1,0,2,2,0,0,1,29,18,1,,1,5,,2,2,0,0,32,,,,
V19-178,8.116666667,73.25,,2188,0.8,3,3.883495146,Prell et al. (1980),TTB,37622,3,1,,11,,1,0,11,5,18,1,2,10,0,1,0,0,29,9,6,16,0,0,0,,0,2,,35,3,0,0,50,,,,
V19-185,6.7,59.33333333,,2867,0.3,2,1.45631068,Prell et al. (1980),TTB,37622,1,1,,2,,0,0,4,3,35,8,0,6,0,1,1,30,11,4,7,6,0,2,2,,1,3,,10,1,0,0,94,,,,
V19-188,6.866666667,60.66666667,,3356,0.6,2,2.912621359,Prell et al. (1980),TTB,37622,1,6,,1,,0,0,2,4,30,3,1,1,0,0,1,27,32,4,10,16,0,0,7,,2,2,,39,5,0,0,39,,,,
V19-201,-5.333333333,40.43333333,,1846,0.7,3,3.398058252,Prell et al. (1980),TTB,37622,2,2,,2,,0,0,8,6,16,4,2,15,2,0,0,19,36,0,2,11,1,0,6,,0,2,,28,1,0,1,53,,,,
V19-202,-6.983333333,41.18333333,,2589,0.4,2,1.941747573,Prell et al. (1980),TTB,37622,8,4,,3,,0,0,5,3,19,5,0,3,0,0,2,13,29,1,3,12,3,1,3,,0,2,,31,3,1,0,45,,,,
V19-204,-10.23333333,43.81666667,,3524,0.3,2,1.45631068,Prell et al. (1980),TTB,37622,3,8,,2,,0,0,4,5,21,3,0,0,0,0,0,20,32,0,2,14,1,3,3,,0,0,,17,3,0,0,63,,,,
V20-170,-21.8,69.23333333,,2479,0.3,2,1.45631068,Prell et al. (1980),TTB,37622,3,8,,12,,0,0,16,4,5,4,1,10,0,0,0,3,2,0,0,1,4,17,1,,1,2,,7,2,0,2,48,,,,
V20-175,-22.3,68,,3526,0.3,2,1.45631068,Prell et al. (1980),TTB,37622,4,5,,12,,1,0,5,16,7,2,5,10,1,1,0,0,5,0,0,1,1,18,1,,2,3,,2,0,0,1,50,,,,
V24-157,-14.95,147.92,,1212,0.3,2,1.45631068,Anderson et al. (1989),TTB,37622,6,17,,3,,0,0,31,23,11,2,3,5,0,0,0,0,30,0,0,10,3,3,0,,0,1,0,13,1,0,0,56,,0,0,9
V24-161,-18.2,151.45,,1670,0.5,2,2.427184466,Anderson et al. (1989),TTB,37622,2,4,,4,,0,0,19,13,12,7,3,7,0,0,0,0,18,1,1,7,1,2,1,,0,3,0,7,4,0,0,30,,0,0,5
V24-170,-13.52,146.88,,2243,0.4,2,1.941747573,Anderson et al. (1989),TTB,37622,7,3,,3,,0,0,21,13,11,5,1,3,0,0,0,1,21,0,1,20,1,5,2,,0,2,0,12,5,0,0,42,,0,0,5
V24-184,-12.87,146.2,,2708,0.3,2,1.45631068,Anderson et al. (1989),TTB,37622,3,3,,2,,0,0,10,,3,0,0,1,0,0,0,0,24,0,0,11,0,13,0,,0,0,0,9,1,0,0,57,,0,0,3
V28-238,1.016666667,160.4833333,,3120,0.39,2,1.893203883,Thompson (1981),TTB,37622,1,26,,6,,0,0,117,65,6,0,0,7,0,0,0,5,161,19,0,97,0,0,9,,0,4,,36,20,,0,178,,,0,
V28-239,3.25,159.1833333,,3490,0.52,2,2.524271845,Thompson (1981),TTB,37622,0,12,,3,,0,0,36,41,1,1,0,0,1,0,0,0,90,10,1,155,0,0,4,,0,8,,38,30,,0,57,,,0,
V28-342 (P),-14.1,120.5,,2730,0.9,4,4.368932039,Prell (1985),TTB,37622,0.5,0.2,,2.9,,0,,2.9,4.8,8.4,1.2,0.2,4.8,,0,0,0,16.9,0,0,3.1,0,0.5,0.5,,0,1.7,,,,,,20.5,,,,
V28-342 (W),-14.1,120.5,,2730,0.89,3,4.32038835,Wells and Wells (1994),TTB,37622,10,4,,5,,1,0,22,3,0,1,0,2,0,0,0,6,42,0,0,3,0,3,1,,0,1,,25,19,0,0,32,,,,0
V28-345,-17.67,117.95,,1904,0.9,4,4.368932039,Prell (1985),TTB,37622,0.3,0.3,,3.8,,0,,1.9,1.9,9.8,4.4,0,2.9,,0.3,0,0,12.1,0,0,3.2,2.5,2.9,0.6,,0,1.9,,,,,,21.9,,,,
V29-015,11.95,88.733,,3173,0.7,4,3.398058252,Prell (1985),TTB,37622,0.8,2,,5,,1.1,,2.8,2,7.8,0.8,0.6,0.3,,0,0,0,16.5,7,0.8,3.9,0,0,0,,0,0,,,,,,23.2,,,,
V29-029,5.116666667,77.58333333,,2673,0.8,2,3.883495146,Prell et al. (1980),TTB,37622,3,1,,5,,0,0,7,3,47,4,0,4,0,0,0,1,74,1,6,16,0,0,1,,0,2,,29,1,0,0,61,,,,
V29-030,3.083333333,76.25,,3651,0.8,4,3.883495146,Prell et al. (1980),TTB,37622,4,0,,4,,0,1,6,5,18,1,1,1,0,0,0,11,53,3,9,40,0,0,1,,0,1,,61,1,0,0,37,,,,
V29-045,-6,69.817,,2860,0.4,3,1.941747573,CLIMAP (1981),TTB,37622,6,1,,4,,0,0,8,2,19,0,3,6,1,0,1,18,27,1,5,18,0,0,3,,0,0,,25,2,0,0,67,,,,
V29-048,-6.266666667,63.43333333,,3882,0.2,2,0.970873786,Prell et al. (1980),TTB,37622,3,11,,2,,1,0,15,9,9,0,3,2,0,0,0,12,47,1,6,14,0,0,2,,0,4,,39,4,0,0,26,,,,
V29-064,-27.283,74.867,,3404,0.3,3,1.45631068,CLIMAP (1981),TTB,37622,8,4,,2,,0,0,12,12,14,2,7,5,0,0,0,2,0,0,0,0,22,35,2,,3,12,,0,0,0,1,26,,,,
V33-065,-22.73333333,112.5833333,,1692,0.4,3,1.941747573,Wells and Wells (1994),TTB,37622,1,0,,9,,0,0,11,0,6,7,0,1,0,0,2,6,17,0,0,6,104,6,0,,0,1,,4,1,0,1,55,,,,
V34-087,13.273,57.348,,2144,1,4,4.854368932,Prell (1985),TTB,37622,1.6,0,,1,,0,,1.2,3.4,25,12.5,0,2,,0,0,0,10.3,0,0.2,2.2,0,0.6,0.2,,0,0.6,,,,,,17.7,,,,
V34-088,16.54,59.755,,2171,1,4,4.854368932,Prell (1985),TTB,37622,2.1,0,,2.7,,0,,0.6,4,21,10.6,0,4.3,,2.1,0,0.3,11.2,0,0.3,0.9,0,1.2,0,,0,0.9,,,,,,19.5,,,,
V34-091,20.937,64.033,,3393,0.7,4,3.398058252,Prell (1985),TTB,37622,1.6,0.6,,1,,0,,3.5,2.5,16.8,4.4,0.3,0.6,,0,0.3,0,13,0,0.3,4.1,0,1.3,0,,0,0,,,,,,9.5,,,,
V34-092,21.148,65.118,,3166,0.85,4,4.126213592,Prell (1985),TTB,37622,9.3,0,,0.8,,0,,7,3.5,3.1,20.6,0.8,0,,0,0,0,2.7,0,0,1.9,0,0,0,,0,0,,,,,,5.8,,,,
V34-101,17.488,67.423,,3038,0.4,4,1.941747573,Prell (1985),TTB,37622,2.8,1.2,,1.9,,0,,1.4,3.5,5.1,4.7,0.3,0.7,,0,0,0,6.3,0,0,5.6,0,0.7,0,,0,0.5,,,,,,17.5,,,,
V34-109,19.733,66.083,,2742,0.8,4,3.883495146,Prell (1985),TTB,37622,6.1,0.3,,1.8,,0,,2.6,4.7,5.8,10,0,1.3,,0,0,0,6.1,0,0.3,4.5,0,0.8,0,,0,0,,,,,,15,,,,
V34-111,17.617,63.883,,3623,0.6,4,2.912621359,Prell (1985),TTB,37622,1.9,3.1,,1.9,,0.3,,3.8,3.4,5,4.4,0.3,0.3,,0,0,0,9.1,0,0,4.1,0,2.2,0,,0,0,,,,,,14.4,,,,
Z2108,-33.3765,161.6125,,1448,0.75,2,3.640776699,"Nelson et al., (1993b); Barrows et al. (2000)",TTB,37622,7,0,,1,,0,0,0,10,49,20,0,1,0,104,2,51,37,1,0,0,110,11,5,,1,5,,1,0,,0,26,,,3,
Z2112,-33.53,166.53,,2858,0.935,2,4.538834951,Samson (1996),TTB,37622,5,0,,0,,0,0,4,7,69,31,0,3,1,0,3,193,6,0,0,0,140,17,10,0,2,2,0,0,0,0,0,8,0,0,0,6