Event,Latitude,Longitude,Elevation [m],Depth [m],G. bulloides [%],G. falconensis [%],G. aequilateralis [%],G. calida [%],G. digitata [%],G. bradyi [%],G. glutinata [%],G. conglobatus [%],G. ruber p [%],G. ruber w [%],G. sacculifer wo sac [%],G. sacculifer sac [%],G. truncatulinoides d [%],G. truncatulinoides s [%],G. inflata [%],G. rubescens [%],G. tenella [%],N. dutertrei [%],N. pachyderma d [%],N. pachyderma s [%],O. universa [%],G. quinqueloba [%],P. obliquiloculata [%],G. menardii [%]
A180-72,0.6,-21.7833,-3841,0,0,3.3,4.9,0.3,0,0,14.4,0,4.6,35.6,7.2,9.5,0,0.3,0,1.3,0.3,2.3,0,0,1.3,0,2,4.9
A180-76,-0.7667,-26.0333,-3512,0,0,1.7,1.2,0.3,0.3,0,9.6,0.3,4.3,38.6,17.4,5.8,0.3,0,0,0.9,0.3,2,0.3,0,1.4,0,6.4,6.7
A181-7,10.55,-57.3333,-3766,0,0,0,5,1.4,0,0,3.8,1.2,21.8,33.9,10.3,7.9,0.4,0,0,0,0,6.5,0,0,1.8,0,0.8,2.8
A260210A,-29.1332,-34.5667,-2974,0,0.57,7.69,4.59,0,1.15,0,9.41,1.72,3.1,42.71,2.3,2.07,6.31,0.46,2.99,0.69,2.99,0.11,0.57,0,0.92,0,0,1.72
CIRCE-239,-8.28,-11.12,-3248,0,0,0.2,6.1,1.5,0.5,0,9.3,0.5,8.8,32.9,13,5.7,0,0,0.5,0.7,0.2,2.7,0.3,0,1.2,0,2,9.4
GIK12329-1,19.3667,-19.93,-3318,0,12.2,0,1.2,0.6,0,0,1.8,0,1,5.1,2.7,0.4,0.5,0,25.3,0.1,0.1,19.5,22.6,0.5,0.3,0.1,0,2.9
GIK12336-1,16.2383,-20.425,-3645,0,9,0.1,1.6,0.6,0.3,0,8.4,0,4.4,19.5,6,1.6,0.4,0,13.9,0.4,0,15.1,8,0.3,0.4,0.1,0.1,7.6
GIK12347-2,15.825,-17.8617,-2576,0,12.9,0.1,2.3,0,0,0,3.8,0,9.4,8.3,6.7,1.1,0,0,17.6,0.4,0,10.3,6.1,0,2.2,0,0.8,13.2
GIK13312-1,12.4875,-17.7905,-2175,0,26.8,0.2,1.5,0,0.5,0,5.4,0,7.3,16.8,8,0.5,0.2,0,7.1,1.2,0.7,8,4.9,0,2.7,0.2,0,3.4
GIK13519-1,5.67,-19.8517,-2862,0,4.8,0.8,4.6,1.2,0.3,0,9.4,0.5,2.3,39.9,13.7,4.4,0,0.1,1.4,0.9,2.8,5.8,0,0,0.9,0,0.5,2.5
GIK13586-3,19.408,-17.12,-660,0,31.1,0,2.1,0.7,0.3,0,0.9,0,5.1,5.3,1.1,0.3,0,0,23.4,0.5,0,13.1,11.3,0,1.2,0.8,0,1.2
GIK13587-1,19.389,-17.135,-810,0,35.3,0,2.4,0.3,0.5,0,1.9,0,5.2,5.8,2.7,0.2,0,0,21.3,0.5,0,9.8,7.1,0,0.8,0.6,0,1.3
GIK13588-2,19.374,-17.152,-970,0,31.6,1.7,3.4,0.4,0.6,0,0,0,3.4,3.7,2.3,0.6,0,0,24.3,0.4,0,9.3,14.2,0,2.4,0.1,0.1,1.7
GIK16410-1,8.91,-20.85,-3969,0,3.7,0,4.9,0,0.5,0,3.2,0.1,0,29.9,32.8,0.1,0.1,0,0.6,0,0.1,9.8,2.9,0,1.7,0,2.1,6.5
GIK16415-1,9.5667,-19.1067,-3841,0,6.2,0,3.3,0.4,0.6,0,3,0.2,0,22.4,25.2,0.1,1,0,0.8,0,0.1,17,2.6,0,2.1,0.1,1.9,11.6
GIK16419-1,9.8917,-16.74,-312,0,11.8,0,3.7,0.2,0.4,0,3.6,0,0.1,39.9,16.9,0,0.2,0,1.4,0,0.8,9.6,2.8,0,0.7,0,0.3,4.9
GIK16421-1,9.9217,-17.8683,-1556,0,4,0,2.8,0.7,0,0,2.6,0,0,28.1,22.9,0.1,0.3,0,1.3,0,0,9.8,3.8,0,2.6,0,0.2,15.5
GIK16430-2,5.617,-19.983,-2811,0,1.4,0,3.1,0,0.3,0,2.4,0.7,0,30.8,40,0.1,0.1,0,0.4,0.2,0.8,9.5,1.1,0,2,0,1.1,4.7
GIK16437-3,16.562,-17.555,-2766,0,17.3,0,0.7,0,1.7,0,2.9,0,0,4.8,2.8,0,0,0,26,0,0.9,15.8,11.9,0,1.3,0,0.6,11.9
GIK16453-2,4.7333,-20.9417,-2675,0,1.8,0.1,4.3,0.2,0.6,0,6.1,1.6,3.9,30.3,22.4,9.9,0.2,0.6,0.2,0.5,0.8,4.8,0,0,2.1,0,0.9,5.2
GIK16457-1,5.3917,-21.72,-3291,0,2.6,0.1,4.4,0.8,0.3,0,8.2,0.4,2.3,32.6,20.6,13.7,0.1,0.3,0.2,0.6,0.7,3.7,0,0,2.3,0,0.4,3.3
GIK16458-2,5.335,-22.055,-3518,0,2.1,0,4.5,0.3,0.7,0,10.9,1.6,2,33.4,20.1,8.7,0,0.2,0.1,0.1,0.8,4.3,0,0,2.1,0,0.5,4.5
GIK16756-1,9.0783,-17,-1495,0,2.3,0,5.3,0,0,0,2.4,0,6.8,31.3,12.9,5.8,0.2,0.3,2.2,0.3,1.1,14.1,4.9,0,1.7,0,0.2,5.6
GIK16757-1,8.9833,-16.9467,-2358,0,6.3,0,2.6,0,0.3,0,2.9,1.5,1.3,20.9,19.6,4.6,0,0.1,1.3,0.5,0,14.5,5.6,0,2,0,0.4,10.1
GIK16771-1,0.8133,-15.5117,-2779,0,3.9,1.5,4.4,0,0,0,8.9,0.2,6.2,26.1,11.8,7.1,0,0.3,1,0,0.2,6.4,1.3,0,1.9,0,5.1,10.8
GIK16772-1,-1.34,-11.9733,-3911,0,6,0.6,4.8,0,0.3,0,12.1,0.1,4.4,33.3,9.1,7,0,0.2,0.7,0.1,0,3.2,0.5,0,2.5,0,5.2,7.8
GIK16775-2,0.9867,-11.1533,-3730,0,5.7,0.1,4.8,0,0.1,0,11.8,0.2,6.2,23.8,9.7,7.1,0.1,0.3,2.5,1.1,0.9,8.7,2.6,0.2,1.7,0,2.9,7.8
GIK16777-1,3.9283,-10.62,-3282,0,2.7,0,2.7,0,0.3,0,2.4,2.1,3.6,24,23.1,7,0,0,3.8,0,0,10.9,0,0,0.6,0,2.2,13.1
GIK16779-1,4.21,-9.6367,-2002,0,1.8,0,1.4,0,0,0,4.6,1.8,4.2,31,28.5,4.6,0,0,3,0,0,8.7,0,0,1.1,0,2.1,6.4
GIK16780-1,4.2983,-9.4983,-1483,0,2.6,0,4.4,0.4,0.4,0,6.2,3,9,32.3,22.5,5.7,0,0,4,0,0,4.2,0,0,0.9,0,0.8,2.3
GIK16846-1,5.365,1.2867,-2739,0,6.2,0,4.6,0.8,0,0,5.9,0,19.9,34.1,3.5,1.6,0,0,3.2,0.5,0.3,12.1,0,0,2.2,0.5,0.3,2.2
GIK16855-1,5.5133,3.7783,-2173,0,2.6,0,5.3,0.8,0,0,2.9,0,13.9,19.2,20.9,5.3,0,0,0.8,0,0,14.5,0,0,1.6,0,1.1,8.8
GIK16856-1,4.8033,3.4083,-2860,0,2.3,0,4.7,0,0,0,1.4,0,14,31.6,12,3.5,0,0,2.6,0,0,16.4,0,0,0.3,0,0.8,8.7
GIK16865-1,2.6717,6.055,-2492,0,0.6,0,2.9,0,0,0,4.9,0,8.4,12.6,8.6,6.6,3.5,0,4.9,0,0,20,0,0,2,0,2,17.9
GIK16868-2,-0.2283,6.0183,-1284,0,6.9,0,3.6,0.1,0,0,4.6,0.1,9.9,29.2,9,3,0,0.8,8.3,0.1,0.7,11.6,2.6,0.1,0.5,0,0.6,2.8
GIK16870-1,-0.215,5.9683,-2469,0,8.8,0.4,5.1,0.1,0.2,0,5.8,0.1,17.8,21.8,7.9,4,0,0.5,4,1,0.6,10.3,1.1,0,1.5,0,0.6,4.3
GIK16871-1,-0.73,6.935,-2987,0,3.4,0,4.8,0,1,0,0.5,0,4.3,9,7,3.6,0,0,13.5,0,0,28.8,0.2,0,1.3,0,0.3,16
GeoB1015-2,-11.7775,12.8473,-1638,0,5.3,0,5.9,0.5,0.1,0,5.3,0,15.4,28.2,0.6,0,0,0,6,0,0,10.5,0,0,13.4,0,0.6,5
GeoB1017-3,-11.7407,10.5494,-3809,0,3.3,0,2.6,0.2,1.6,0,4.1,0,1.6,6.7,2.6,0.8,0,0,22.4,0,0,21.4,4.9,0.4,1.2,0,0.3,18.6
GeoB1025-2,-17.165,10.2417,-3565,0,21.3,0,0.7,0.2,0.7,0,1.5,0,0.3,0.8,0,0,0,0.1,41.8,0,0,14.5,3,0.3,8.2,0,0.2,0.7
GeoB1027-2,-19.6558,9.1377,-2668,0,22.1,0.2,1.1,0,0,0,3.3,0,0.1,0.5,0.5,0.1,0,0.1,27.3,0,0,24.9,2.5,0.2,12.7,0,0.1,0.8
GeoB1028-4,-20.0993,9.1777,-2215,0,21.9,0.4,2.3,0,0.1,0,2.2,0,0.4,3.9,0.3,0.2,0.2,0.3,19.6,0,0.4,25.2,9.7,0.4,6.3,0,0,1
GeoB1029-1,-21.0631,8.2288,-3420,0,27.8,0.5,3.7,0.2,0,0,5.9,0,0.3,4.3,0.8,0,1,1.5,7.7,0,0.4,27.9,8.5,1.3,0.7,0,0,0.2
GeoB1030-3,-21.0768,7.7786,-1326,0,27.7,0,1.9,0.3,0.5,0,3.2,0,0.5,4.7,0.8,0.1,1,2.9,14.3,0.3,1.2,12.9,16.3,0.6,2.4,1.1,0,0.6
GeoB1031-2,-21.883,7.1017,-3103,0,14.2,0.6,2.5,0.8,0.8,0,4.4,0.5,1.3,5.6,1.8,0.5,1.9,3.5,16.5,0,0.9,13.7,15.9,0.6,2.4,0.6,0,5.6
GeoB1032-2,-22.9133,6.0267,-2490,0,8.2,0.8,4.3,0,1.7,0,6.4,0,0,7.5,6.1,1.3,2,3.7,17.2,0.2,3.2,8.6,6.7,0.2,2.9,0,0.3,11.2
GeoB1033-3,-22.0533,5.535,-3147,0,8.5,1.5,3.1,0.1,0.7,0,7.6,0.4,0.4,7.4,5.2,2.1,1.7,5.1,19.8,0,2.7,8.4,5.7,0.2,3.5,0,0.1,8.9
GeoB1034-2,-21.7167,5.4317,-3800,0,11,0.5,2.2,0.4,0.3,0,5.2,0,0.9,8.8,5.7,1.9,2.4,7.6,18.6,0,1.6,9.6,5.4,0,4,0.3,0.3,8
GeoB1046-2,7.3433,-20.4717,-3914,0,4.9,0,10.1,0.5,0.6,0,4.2,0.4,1.8,26.3,19.2,10.9,0,0.4,0.9,0,1.2,8,0.7,0,2.5,0,0.9,3.6
GeoB1104-4,-1.1633,-10.725,-3715,0,5,0.3,5.4,0,0.5,0,8.7,0,3,38.1,10.8,6.1,0,0.2,0.9,0.8,0.3,5.2,0,0,1.4,0,3.2,5.2
GeoB1105-4,-1.665,-12.4283,-3225,0,4,0.2,4.8,0,0.3,0,15,0.4,2.5,34.4,11.1,3.7,0,0.1,1.2,2.6,0.6,4.7,0,0,1.2,0,3,6.4
GeoB1106-4,-1.76,-12.557,-2443,0,6.2,0.4,5.9,0.2,0.3,0,11.6,0.1,3.7,35.7,5.9,4.2,0,0.6,3.9,0.7,1.3,5.7,0,0,0.6,0,2,3
GeoB1108-7,-2.1733,-9.8733,-3876,0,3.3,0,4.8,0.9,1.1,0,7.8,0.2,4.6,43.1,9.7,4,0.1,0.4,2.3,0.4,0.2,3.4,0,0,1.4,0,2.8,6.6
GeoB1111-3,-5.8433,-8.6517,-3812,0,2,0.1,4.4,0.1,0.1,0,8.4,1,6.8,35.4,11.8,5.5,0,0,1,0.3,1,6.8,0,0,0.9,0,4.1,8.6
GeoB1112-4,-5.7783,-10.75,-3125,0,1.5,0,4.4,0,0.3,0,9.8,0.9,9,29,13.6,6.5,0,0.1,0.8,0.3,0.4,6.6,0,0,2.4,0,2.6,9.8
GeoB1113-4,-5.745,-11.0367,-2374,0,2.6,0,4.5,0,0,0,10.8,0.3,10.2,32.6,9.6,4,0,0,1,0,1.2,6.2,0,0,1.2,0,2,10.4
GeoB1114-4,-5.285,-10.2033,-3416,0,2.4,0.3,3.1,0,0.3,0,10.9,0.6,9.4,31.7,10.9,5.8,0,0.2,0.1,0.9,0.4,7.1,0,0,1.5,0,2.6,8.5
GeoB1116-2,-3.6233,-13.1867,-3472,0,1.8,0.2,3.9,0,1,0,11.7,0,3.3,34.2,12.5,6.4,0,0,2.2,0.4,0.4,4.8,0,0,1.5,0,4.1,10.2
GeoB1117-2,-3.815,-14.8967,-3984,0,2.1,0,2.6,0,0.6,0,9.1,0.4,5,41.1,9.7,8.5,0,0,0.5,0.4,0.4,3.9,0,0,3.1,0,3.1,9
GeoB1203-2,-26.5483,5.0167,-2395,0,10.5,0,3.5,2.5,1.2,0,5.2,0,0,11,4.6,1.4,3.7,3,24.3,2.2,1.1,3.5,0.6,0,1,0,0.5,6.2
GeoB1204-3,-25.045,5.4983,-2241,0,15.1,0.7,4.5,0.6,0,0,3.3,0,0,10.1,1.9,0.4,4.1,5,25.1,0.4,0.2,7.2,4.6,0,1.9,1.1,0,3.9
GeoB1207-2,-24.5983,6.855,-2593,0,16.9,0,4.1,0.6,0.4,0,6.1,0,0.1,9.2,4.5,1.1,4.7,3.1,22.1,1,0.6,8.8,2.7,0.1,2.2,0.3,0.1,2.6
GeoB1208-1,-24.4917,7.1133,-2971,0,10.5,0.5,2.4,1.6,0.2,0,5.2,0,0.1,8.6,2.9,1.1,3,5.8,18.3,0,2.3,13.5,7.3,0,1,0.4,0.2,3.6
GeoB1209-1,-24.5117,7.2833,-3303,0,9.7,0.8,4.2,2.4,0.8,0,6,0.6,0,8.1,3.3,0.3,3,4.7,20.2,0.7,2,11.2,6.3,0,1.1,0,0.2,2.3
GeoB1210-3,-24.485,7.4383,-3750,0,14.1,1.1,2.8,2.5,0,0,4.9,0,0.1,7,2.5,0.6,2.7,4.5,17.3,0.3,0.1,15.5,9.2,0.3,1.1,0.6,0,3.4
GeoB1215-1,-24.8367,6.845,-2761,0,9.2,0,3.8,1,0.9,0,6.1,0,0,6.8,4.1,1.5,4.5,4.8,20.7,0,1.6,12.1,4,0.5,1.8,0.3,0,6.6
GeoB1216-2,-24.925,6.7883,-2263,0,14.2,0.3,4.7,1.7,0.8,0,8.1,0.5,0,8,1.4,0.8,1.4,2.8,15.5,0,3.2,19.5,5.6,0.8,0.6,1.1,0,1.5
GeoB1217-1,-24.945,6.725,-2007,0,19.4,1.1,2.5,2.4,1.3,0,4.3,0.1,0,7.7,1.9,0.3,2.8,2.2,12.7,0,2.9,14.2,7.9,0.4,1.3,2.1,0,2.5
GeoB1218-1,-25.1683,5.9183,-1023,0,16.3,0,5.4,4.3,0.9,0,8.3,0.3,0,7.2,0.9,0.3,7.4,6,15.1,0.1,2.1,7.9,7.2,0.1,0.9,1,0,2.5
GeoB1220-2,-24.0333,5.3067,-2266,0,12.8,0.4,3.3,4.2,0,0,8.8,0.2,0.1,5.9,3.7,0.6,3.2,3.3,17.3,0,4.3,7.1,6.7,0,1.6,1.8,0,5.7
GeoB1308-1,-32.7867,-27.75,-3622,0,13.5,1.7,2,2.5,0.4,0,3.4,1,0.4,20.2,1.4,0.2,3.1,6.9,17.6,0.6,1.1,1.8,11.2,0.1,0.2,0,0,0
GeoB1309-3,-31.6667,-28.665,-3963,0,6.3,0.8,2.5,0.5,0.3,0,0.8,2,0,32.9,2.7,1.4,7.9,6.4,17.4,0,0,1.1,7.1,0.3,1,0,0,0.6
GeoB1310-1,-31.5883,-28.9033,-3346,0,11.4,1.2,1.1,2.2,0.7,0,1.4,1.8,1.1,23.1,0.2,0.5,2.7,10.9,22.3,0,0.2,1.4,10.6,0.2,0.6,0,0,0.2
GeoB1311-2,-31.5133,-29.0983,-2899,0,13.3,0.8,4.7,2.1,0.5,0,4.9,3,2,29.1,2.2,1.4,8.5,1.5,11,0,2.3,0,0.5,0,0,0,0,1.2
GeoB1312-3,-31.6617,-29.6567,-3436,0,12.1,2.1,4.6,2.3,0.9,0,4.9,0.9,0.9,29.5,1.2,0.5,5.6,3.2,10.5,1,2.7,0.4,4.3,0,0.6,0,0,0.2
GeoB1313-1,-31.6617,-30.0333,-3698,0,14,0.8,2.1,2.7,0.7,0,3,1.3,1.4,29.1,1.6,0.4,4.8,3.6,11.3,0,3.2,0.8,4.9,0,0.4,0,0,0.3
GeoB1403-2,-1.1983,-11.7117,-3692,0,6.6,0.9,4.4,0.7,0.5,0,17.7,0.2,5.5,29.9,7.2,4.5,0,0,0.8,1.8,0.7,4,2.6,0,0,0,3.3,6
GeoB1407-7,-4.3283,-10.2533,-3520,0,3.1,0,4.1,0,0.4,0,12.2,0.2,10.9,30.7,9.6,6.3,0.1,0,1.2,1.1,0.2,4.3,0.7,0,1.6,0,2.5,8.7
GeoB1408-3,-12.8183,-6.185,-1848,0,7.2,1.7,7,3.2,0.9,0,18.7,0.6,3,30.5,9.1,1.8,0.1,0.3,2.7,1,1,2,0.7,0,0.7,0,0.6,4.3
GeoB1413-2,-15.675,-9.4567,-3785,0,7.7,2.2,4.2,4.3,0.3,0,12.6,0.7,2.2,33.1,7.1,1.8,1.1,0.1,7.6,0.4,0,1.3,1.6,0,0.8,0,1.4,4.7
GeoB1414-2,-15.5283,-10.7283,-3605,0,5.9,1.3,5.9,4.4,1.2,0,21.2,0.9,2.3,24.4,6.6,2.5,1.5,0.1,4.6,2.3,0,1,0,0,2.2,0,1.5,5.7
GeoB1415-1,-15.53,-11.5783,-3116,0,3.6,0.9,7.6,2.1,0.6,0,16.8,1.1,2,30.5,7.9,2.3,2.6,0,5.2,0.6,1.9,1.2,0.2,0,1.4,0,2.2,4.7
GeoB1418-1,-15.5333,-14.885,-3524,0,2.5,2.1,4.3,0,1.2,0,20.5,0,3.8,40.1,6,1.7,1.7,0.5,1.6,1,3.5,1,0,0,1.8,0,1.3,2.1
GeoB1503-2,2.31,-30.6483,-2298,0,0.7,0.3,5.9,0,0.5,0,8.4,0.7,3.8,24.8,23.3,8.6,2,0,1.6,1,0.5,6.3,0.5,0,0.9,0,1.8,7.4
GeoB1504-1,2.2883,-31.2867,-2980,0,1.2,0,5.1,0,0.1,0,5.5,0.6,3.4,42.6,18.3,6.2,0.1,0,0.1,1.1,1.8,2.7,0,0,0.4,0,1.5,8.4
GeoB1505-3,2.2733,-33.0067,-3703,0,1.1,0.1,5,0.4,0.4,0,6.7,0.1,3.7,39.5,19.9,7,0.2,0.1,0,0.4,0.5,2.2,0,0,1.4,0,1.6,8.7
GeoB1508-1,5.3333,-34.025,-3685,0,1.1,0,3.5,0.3,0.2,0,8.3,0.5,4.3,40,19.1,9.7,0.6,0,0.1,0.2,0.4,3.9,0,0,1.2,0,0.4,3.6
GeoB1511-6,3.1783,-46.3433,-3162,0,0.6,0,10.1,1,0.1,0,3.6,1.9,3.2,19.8,15.7,12.8,0.1,0,0,0.3,0,6.1,0.1,0,1.2,0,9.8,13.5
GeoB1512-2,5.9033,-48.04,-3718,0,1.2,0,6.7,1.6,0.5,0,3.6,0,0.9,51.2,12.6,6.7,0,0,0,0.9,0,2.5,0,0,1,0,1.6,7.2
GeoB1513-2,5.4317,-46.9267,-3621,0,1,0,7.4,0.7,0,0,6.9,0.4,3.4,39.2,15.4,7.4,0.1,0,0,0,0.2,3.1,0,0,1.3,0,1.8,10.5
GeoB1514-4,5.1383,-46.575,-3511,0,2.3,0,6.2,0.5,0,0,5.9,0.4,3.7,43,14.6,6,0,0,0,0,0,2.9,0,0,0.6,0,1.8,11
GeoB1520-1,4.5917,-41.935,-3911,0,1,0.1,5.6,0.7,0.1,0,5,0.3,4.1,42.5,18.6,8.8,1,0,0,0.9,0.3,3.3,0,0,1.1,0,0.9,5.3
GeoB1521-2,4.3117,-41.8283,-3725,0,1.6,0,6.8,2.1,0.4,0,9.8,0.4,3.1,34.9,17.5,8.1,0.7,0.2,0,2.3,0.2,3.1,0,0,1.1,0,1.7,4.9
GeoB1522-1,4.025,-41.6833,-3478,0,0.9,0,5.2,0.9,1,0,6.6,0.5,1.9,39.6,21.1,10.1,0.2,0,0,0.3,0.7,0.7,0,0,1.4,0,0.9,6.2
GeoB1523-2,3.815,-41.6217,-3291,0,1,0,6.1,1,0.3,0,6.8,0.4,3.5,36.4,20.8,7.1,0.2,0,0,1.2,0.3,1.7,0,0,1.1,0,0.9,9.4
GeoB1702-6,-6.5667,10.3167,-3088,0,10.2,4.5,4.4,3.8,0.9,0,6.3,1.2,0.8,33.6,7.2,1.3,1.6,2.8,4,0.6,3.1,2.2,2.1,0,0.9,0,3,0
GeoB1704-1,-19.4067,11.6117,-399,0,28.4,0,0,0,0,0,5.5,0,0.3,1.3,0,0,0.5,0,14,0,0,36.3,9.8,2.5,0.9,0,0,0
GeoB1710-2,-23.43,11.7033,-2987,0,13.1,0,0.1,0,0,0,5.1,0,0,0.1,0,0.9,0,0.3,7,0,0,49.1,17.1,0.9,5.7,0,0,0.5
GeoB1711-5,-23.3167,12.3783,-1964,0,16.7,0,0,0,0.4,0,1.8,0,0,0,0.2,0,0,0,5.9,0,0,41.8,11.9,0.2,19.6,0,0,0.1
GeoB1712-2,-23.255,12.8033,-1007,0,23.5,0,0,0,0,0,3,0,0,0,0,0,0.2,0.5,16.3,0,0,39.3,6.7,1.5,8.9,0,0,0
GeoB1713-6,-23.22,13.015,-597,0,25.7,0,0.1,0,0,0,3.7,0,0,0.8,0.7,0,0.1,0.1,6.3,0,0,46.5,12.4,0.8,1.9,0,0,0
GeoB1720-4,-29,13.8283,-2011,0,21.54,0,0.99,0.02,0,0,1.74,0,0,0.97,0.19,0,0.17,1.36,30.97,0,0,0.87,34.31,2.52,1.02,0.78,0,0.02
GeoB1721-4,-29.175,13.0883,-3079,0,19.08,0,0.49,0,0,0,6.09,0,0,3.14,0.38,0,0.14,2.78,30.78,0,0.76,1.44,26.83,2.66,0.2,0,0,0.01
GeoB1722-3,-29.4483,11.75,-3971,0,9.5,0.9,1.6,0,0.9,0,2.3,0,0,4.7,1.3,0,0.6,4.7,38.8,0,0,9.5,16.8,0.6,1,0.3,0,0
GeoB1725-1,-30.1733,3.0833,-972,0,5.5,1.8,1.5,0,0.4,0,0.1,0.8,0,7.5,1.1,0.7,3.8,16,39.2,0,0,2,5.7,0.3,2.6,0,0,0.5
GeoB1728-3,-29.8383,2.4067,-2887,0,22.36,0,2.82,0,0.65,0,5.55,0,0,11.34,1.59,0.45,4,2.12,21.13,1.96,0.65,0,9.59,2.61,1.06,0,0,1.1
GeoB2004-1,-30.8683,14.3467,-2571,0,23.91,0,0.47,0,0,0,4.33,0,0,1.71,0.25,0.06,0.06,1.01,33.19,0,1.31,0.81,24.57,4.03,0.16,1.21,0,0.01
GeoB2016-3,-31.905,-1.3033,-3387,0,24.78,0.46,3.1,0,0.12,0,2.08,0.14,0,8.34,2.11,0.12,6.34,4.52,27.62,1.16,0,0.35,5.67,0.93,0.84,0,0,0.92
GeoB2019-2,-36.0533,-8.7667,-3836,0,43.46,0.72,0.12,0,0.95,0,0.72,0.03,0,1.55,0,0,0.4,5.86,27.12,0,0,0,9.06,2.62,0.15,0.95,0,0
GeoB2021-4,-36.835,-14.405,-3576,0,38.78,1.11,0.4,0,0,0,1.27,0.01,0,1.86,0,0,0.48,6.31,25.9,0.74,0,0,14.96,0.74,0.53,0.25,0,0
M30_183,7.55,-14.6,-3815,0,4.7,0,3.1,1.4,0.2,0,8.7,0.2,9.4,19.2,23,7.5,0,0,1.2,2.8,0.9,5.6,0,0,3.1,0,0.2,7.1
M30_208,6.933,-12.25,-1030,0,9.4,0,4.3,0.3,0,0,8.6,0.3,14.5,23.1,15.6,0.6,0,0,3.8,1.3,1.3,6.4,0,0,2.4,0,0.3,3.2
M30_230,6.9,-12.4328,-2487,0,3.5,0,3.5,1,0.6,0,8,0,20.5,17.3,18.9,3.5,0,0,1.3,1.9,1.6,6.7,0,0,1.9,0,0,6.4
MIKR01,17.5498,-22.6,-3350,0,5.6,0,3,0,0.3,0,3,0,8.3,24.7,13.5,3,0,0.7,4.3,3.6,1.3,2.3,0,0,4.3,0,0,14.6
MIKR02,18.3998,-24.5698,-3794,0,3.1,0.5,1.8,0,0.5,0,5.2,0.5,5.7,25.5,14.8,4.7,1,0.5,5.2,2.3,0.3,1.6,0,0,2.9,0,0.8,14.1
MIKS05,18.7198,-25.35,-3830,0,4.3,0.9,3.1,0,0.3,0,4.9,0.6,3.7,23.8,8.9,3.1,2.8,1.2,8.6,4.3,0,1.5,0,0,5.9,0.3,0.9,10.1
O3KL16,18.2198,-21.0798,-3037,0,10.9,0,1.2,0,0,0,2.8,0,7.2,12.8,9.4,2.2,0.9,0.3,15.6,5.9,0,0.3,0,0,0.3,0,0.3,11.5
O3KL17,16.02,-20.6298,-3871,0,7.3,0,0.9,0,0,0,5.6,0.6,0.6,22.2,6.1,1.5,0.6,0.3,14,1.5,0,3.5,0,0,1.7,0,0.9,20.7
PS1654-1,-50.158,5.7225,-3763,0,6.35,0,0,0,0,0,0.53,0,0,0,0,0,0,0.03,7.36,0,0,0,0,85.42,0,0,0,0
PS1754-2,-46.7701,7.6118,-2534,0,34.98,0,0,0.08,0.01,0,3.56,0,0,0,0,0,0.06,2.01,19.81,0,0,0,5.57,28.94,0,2.67,0,0
PS1756-6,-48.8997,6.7148,-3832,0,6.65,0,0,0,0,0,0,0,0,0,0,0,0,0.02,13.59,0,0,0,0.22,78.8,0,0,0,0
PS1759-1,-50.1533,5.7553,-3793,0,3.85,0,0,0,0,0,0,0,0,0.6,0,0,0,0,10.32,0,0,0,0,84.82,0,0.2,0,0
PS1775-5,-50.9515,-7.5055,-2523,0,0.2,0,0,0,0,0,0,0,0,0,0,0,0,0,0,0,0,0,0.12,99.55,0,0,0,0
PS1776-6,-49.7428,-8.7608,-3155,0,4.1,0,0,0,0,0,0.51,0,0,0,0,0,0,0,2.05,0,0,0,3.08,89.23,0,0.51,0,0
PS1777-7,-48.2323,-11.0395,-2575,0,11.6,0,0,0,0.39,0,2.14,0,0,0,0,0,0,0.03,7.6,0,0.1,0.24,4.09,68.24,0,3.89,0,0
PS1778-1,-49.0128,-12.697,-3384,0,20.14,0,0.03,0,0,0,0,0,0,0,0,0,0,0.54,15.87,0,0,0,0.56,60.34,0,0,0,0
PS1779-3,-50.3992,-14.0803,-3574,0,6.81,0,0,0,0,0,0,0,0,0,0,0,0,0,6.73,0,0,0,0.83,84.5,0,0.82,0,0
PS2075-3,-40.8078,13.7378,-3129,0,27.22,0.28,0.5,0.11,0,0,0.9,0.01,0,0.5,0.5,0.09,0.23,6.15,36.81,0,0,1.12,18.36,1.39,0.93,0.56,0.08,0.5
PS2076-1,-41.1353,13.4812,-2086,0,31.4,0,0.44,0.07,0,0,2.71,0,0,0.56,0.16,0.08,0.16,4.83,27.58,0.16,0,0.32,17.29,5.42,0.33,4.14,0.08,0
PS2083-1,-46.3707,7.037,-1955,0,34.71,0,0.11,0.04,0,0,3.23,0,0,0,0,0,0,1.02,12.15,0,0,0.22,3.87,37.23,0,5.6,0,0
PS2084-2,-47.0227,7.9662,-1664,0,22.83,0,0,0.03,0,0,5.75,0,0,0,0,0,0.01,0.58,9.52,0,0,0,6.61,45.98,0,7.32,0,0
PS2085-1,-47.7505,7.9973,-2982,0,23.72,0,0,0,0,0,4.07,0,0,0,0,0,0,0.81,6.75,0,0,0,3.67,55.38,0,3.67,0,0
PS2086-3,-48.3182,7.7572,-649,0,10.93,0,0.02,0.01,0,0,3.44,0,0,0,0,0,0,0.05,7.66,0,0,0,10.6,64.56,0,2.6,0,0
PS2087-1,-49.1343,6.7063,-3451,0,7.57,0,0,0,0,0,0.75,0,0,0,0,0,0,0.01,6.24,0,0,0,3.33,81.68,0,0,0,0
PS2102-2,-53.073,-4.9857,-2390,0,0.69,0,0,0,0,0,0,0,0,0,0,0,0,0,0,0,0,0,0.71,98.6,0,0,0,0
PS2103-2,-51.3292,-3.3243,-2947,0,1.43,0,0,0,0,0,0.14,0,0,0,0,0,0,0,0.61,0,0,0,2.76,93.9,0,1.09,0,0
PS2104-1,-50.7418,-3.2117,-2592,0,0.27,0,0,0,0,0,0,0,0,0,0,0,0,0,0,0,0,0,1.03,97.75,0,0.95,0,0
PS2105-2,-48.6957,-2.85,-3618,0,7.72,0,0,0.03,0,0,0.96,0,0,0,0,0,0,0.36,13.22,0,0,0,1.97,74.12,0,0.96,0,0
PS2106-1,-41.853,0.0938,-912,0,50.86,0,0,0.37,0,0,0.64,0,0,0.21,0,0,0,4.01,17.32,0,0,0,9.17,7.68,0.75,3.41,0,0
PS2230-1,-34.7532,17.3646,-2578,0,7.65,0,2.69,0,0,0,1.72,0.03,0,2.21,2.06,0.08,0.26,0.9,55.21,0.86,0,3.6,13.14,1.72,0.24,0.86,0.78,0.08
PS2241-1,-47.4023,0.2896,-3759,0,22.5,0,0,0,0,0,0.22,0,0,0,0,0,0,0.44,25.67,0,0,0,0.88,46.14,0,0,0,0
PS2242-1,-49.9993,0.0593,-3547,0,5.82,0,0,0,0,0,0,0,0,0,0,0,0,0.06,5.72,0,0,0,2.45,85.39,0,0,0,0
PS2343-1,-55.165,-58.0917,-3281,0,20.23,0,0,0,0,0.81,5.2,0,0,0,0,0,0,0.84,4.08,0,0,0,17.77,45.62,0.01,3.34,0,0
PS2351-1,-53.765,-58.8867,-575,0,30.7,0,0,0,0,0,3.07,0,0,0,0,0,0,1.54,5.47,0,0,0,4.32,52.84,0,1.54,0,0
PS2352-1,-53.7367,-58.9033,-1033,0,16.45,0,0,0,0,2.09,0.44,0,0,0,0,0,0.7,1.52,6.48,0,0,0,8.55,57.41,0,5.67,0,0
PS2353-2,-53.6067,-58.9767,-1916,0,31.97,0,0,0,0,0,3.85,0,0,0,0,0,0,1.44,11.68,0,0,0,5,43.65,0,1.15,0,0
PS2354-1,-53.33,-59.0967,-1066,0,37.7,0,0,0,0,0,1.81,0,0,0,0,0,0,0.9,16.81,0,0,0,6.69,30.18,0,2.17,0,0
PS2366-1,-51.0098,-5.9564,-2114,0,0.99,0,0,0,0,0,0,0,0,0,0,0,0,0,0,0,0,0,1.63,94.4,0,2.98,0,0
PS2367-1,-49.1288,-6.0043,-3525,0,2.96,0,0,0,0,0,0.9,0,0,0,0,0,0,0,3.63,0,0,0,1.92,90.56,0,0,0,0
PS2368-1,-46.8731,-5.7178,-3615,0,8.24,0,0,0,0.04,0,0,0,0,0,0,0,0,0.12,10.79,0,0,0,0.6,78.77,0,0.6,0,0
PS2372-1,-53.996,-6.0025,-2415,0,0,0,0,0,0,0,0,0,0,0,0,0,0,0,0,0,0,0,0.52,99.48,0,0,0,0
PS2376-1,-48.5667,-6,-3657,0,3.22,0,0,0,0,0,1.9,0,0,0,0,0,0,0,4.69,0,0,0,0.03,88.77,0,0,0,0
PS2487-2,-35.8217,18.1017,-2942,0,16.28,0,1.36,0,0.6,0,6.21,0.13,0,4.32,1.91,0.37,0.18,2.9,37.08,0.48,0,7.54,13.02,0.24,1.72,0.48,0.12,0.15
PS2489-4,-42.8833,8.9683,-3795,0,43.74,0.33,0.17,0.08,0,0,4.51,0,0,0.17,0,0,0,5.55,14.9,0,0,0.17,12.35,9.85,0.08,7.85,0,0
PS2494-1,-41.69,-12.34,-3324,0,41.62,0.16,0,0,0.16,0,1.81,0,0,0.33,0,0,0.08,8.09,27.95,0,0,0,8.54,5.26,0.59,3.61,0,0
PS2495-1,-41.2883,-14.5,-3135,0,38.85,0,0.08,0,0.17,0,3.39,0,0,0.18,0,0,0.35,7.85,27,0.34,0.34,0,12.22,3.9,0.54,2.72,0,0
PS2496-2,-42.9867,-14.635,-3518,0,43.12,0,0,0,0,0,2.51,0,0,0,0,0,0,6.49,17.23,0,0,0,13.44,12.99,0,3.19,0,0
PS2498-2,-44.1533,-14.2283,-3782,0,40.24,0,0,0.08,0,0,4.74,0,0,0,0,0,0,3.75,17.21,0,0,0,8.57,20.2,0,4.9,0,0
PS2499-1,-46.5117,-15.3333,-3176,0,37.63,0,0,0,0,0,3.19,0,0,0,0,0,0,3.28,15.77,0,0,0,6.21,28.99,0,4.46,0,0
PS2500-1,-47.6167,-15.4167,-3539,0,37.17,0,0,0,0,0,3.37,0,0,0,0,0,0,3.61,16.18,0,0,0,3.85,33.72,0,1.93,0,0
PS2505-1,-51.1867,-25.47,-1864,0,7.49,0,0,0,0,0,0.58,0,0,0,0,0,0,0.33,4.73,0,0,0,2.32,83.92,0,0.58,0,0
PS2507-1,-51.3733,-26.2,-3275,0,9.13,0,0,0,0,0,0,0,0,0,0,0,0,0.54,14.42,0,0,0,1.72,73.73,0,0,0,0
PS2508-1,-51.6683,-26.5333,-3394,0,3.73,0,0,0,0,0,0.06,0,0,0,0,0,0,0.18,8.8,0,0,0,0.95,83.54,0,2.15,0,0
PS2518-2,-53.2517,-51.455,-2362,0,15.84,0,0,0,0.05,0,3.17,0,0,0,0,0,0.01,1.93,10.93,0,0,0,10.05,54.41,0,3.27,0,0
PS2520-1,-53.14,-61.58,-492,0,32.35,0,0,0,0,0,0.59,0,0,0,0,0,0,0.64,3.66,0,0,0,16.05,43.59,0,3.13,0,0
PS2557-2,-36.955,21.7833,-3371,0,30.8,0.89,1.2,0,0,0,15.89,0.17,0,11.25,1.45,0.23,0,0.89,6.73,3.55,1.78,4.92,7.58,8,0.13,0,0.42,0.19
PS2560-4,-40.6183,25.615,-2636,0,24.36,0,0.33,0,0.08,0,2.8,0.01,0,0.66,0.38,0.01,0.04,7.63,40.18,0.15,0,0.6,18.18,1.03,0.36,0.88,0,0.09
RC08-18,-24.07,-15.12,-3977,0,1.28,3.48,6.41,1.47,2.01,0,12.27,0.73,1.47,38.83,3.66,1.47,4.03,1.28,4.58,2.01,4.4,0.18,0,0,2.56,0.18,0,2.93
RC08-22,-24.97,-13.27,-2591,0,0,2.58,4.94,1.93,0.86,0,9.87,1.07,2.15,36.48,3,1.72,6.87,2.79,6.87,1.93,3.43,0,0.21,0,2.15,0,0,2.36
RC08-23,-25.15,-12.77,-3338,0,2.1,3.26,6.06,1.4,1.63,0,9.56,0.93,2.8,34.27,2.56,1.4,2.8,2.56,9.79,3.96,5.36,0,0,0,0.93,0,0,1.63
RC08-27,-26.23,-10.62,-3678,0,0,2.99,5.39,1.5,2.4,0,7.19,1.2,0.6,30.84,2.99,1.2,9.58,1.5,15.27,2.1,2.69,0.3,0,0,2.1,0,0,1.2
RC11-10,4.967,-45.97,-3834,0,0.5,0,3.3,1,0.3,0,3.5,0.5,9.9,47.3,22.5,3.3,0.3,0,0,0,0,0.3,0,0,0.5,0,1.5,4.3
RC11-11,2.217,-45.4,-3759,0,0,0.5,5.4,1.4,0,0,4.9,0.5,2.2,45,14.3,5.1,0,0,0,0.8,0.3,1.6,0,0,1.6,0,2.7,13.2
RC11-14,-2.067,-40.05,-1639,0,0,0.5,5.3,0,0.2,0,12.8,0.2,2.1,46.7,11,4.6,0,0,0,3.8,0.2,3.3,0,0,0.3,0,0.3,5.8
RC11-16,-2.767,-35.22,-3835,0,0,0.2,2.8,0.4,0,0,4.9,0.2,1.9,46.7,15.7,10.5,0,0,0,0,0,1.5,0,0,0.2,0,2.2,11
RC11-26,-28.58,-30.07,-2349,0,0.22,4.46,3.35,3.35,0.89,0,7.14,2.01,3.79,43.08,1.79,0.67,5.13,0.67,2.9,1.12,4.46,0.22,0.67,0,0.67,0,0,1.34
RC11-37,-31.98,-35.53,-2578,0,0.94,9.72,3.45,1.88,0.31,0,3.13,3.13,0.63,30.41,2.82,2.82,6.58,0.63,14.42,0.31,3.13,0.31,0.31,0,1.88,0,0,0.63
RC11-78,-50.87,-9.867,-3115,0,0.55,0,0,0,0,0,0,0,0.27,0,0,0,0,0,0,0,0,0,1.92,96.15,0,0.55,0,0
RC11-79,-49,-4.6,-3385,0,1.04,0,0,0,0,0,0,0,0,0,0,0,0,0,0.78,0,0,0,2.34,94.55,0,0,0,0
RC11-80,-46.75,-0.05,-3656,0,24.33,0.27,0,0,0,0,1.34,0,0,0,0,0,0,2.67,42.51,0,0,0,0.27,25.4,0,0.27,0,0
RC11-86,-35.78,18.45,-2829,0,6.67,9.09,0.61,0.3,0,0,6.36,0.3,0,6.36,1.52,2.12,0,2.12,30.61,0,0,5.15,10,1.52,0,0,0,0.61
RC12-233,-56.83,-66.93,-1866,0,38.33,0.29,0,0,0,0,3.17,0,0,0,0,0,0,4.9,8.07,0,0,0.29,3.17,33.14,0.29,5.76,0,0
RC12-235,-50.43,-54.13,-1525,0,30.28,0.47,0,0,0,0,3.76,0,0,0,0,0,0,2.35,6.34,0,0,0,2.11,49.3,0,3.29,0,0
RC12-266,-39.82,-24.8,-3939,0,11.41,3.16,0,0,0,0,1.21,0,0,1.94,0,0,0,9.22,30.83,0,0,0.24,21.12,0.73,0.73,2.18,0,0
RC12-291,-42.58,-17.8,-3508,0,40.24,1.83,0.3,0,0,0,4.57,0,0,0,0,0,0.3,9.15,14.02,0,0,0,3.35,2.74,0.3,10.37,0,0
RC12-292,-39.68,-15.48,-3541,0,8,13.25,0,0,0,0.25,11.75,0,0,0,0,0,0.25,5.25,41.25,0,0,0,4.5,1,0.5,1.5,0,0
RC12-293,-36.88,-13.15,-3393,0,9.5,31,0.75,0,0,0,4.25,0,0,2.5,0,0,0.75,7.5,29.25,0,0.25,0,2,0,0.5,1.25,0,0
RC12-294,-37.27,-10.1,-3308,0,20.33,18.43,0,0.54,0,0,2.17,0,0,1.08,0,0,0.27,7.86,28.18,0,0,0,5.69,1.36,0.27,1.36,0,0
RC12-297,-36.15,-6.717,-3528,0,28.71,3.16,0,0.24,0,0,0.97,0,0,1.7,0,0,0.49,4.87,30.66,0,0,0,16.79,1.46,0.24,0.49,0,0
RC12-298,-34.95,-4.75,-2213,0,11.85,15.32,0.29,0.58,0,0,1.16,0,0,4.34,0,0,1.45,4.62,26.3,0,0,0,15.61,0.58,0.58,3.47,0,0
RC12-304,-33.22,29.183,-3290,0,2.78,4.72,4.44,1.67,0,0,15.83,0.56,0,31.11,6.67,2.22,0,0,16.11,0.56,0,7.5,0,0,0.83,0,1.67,0.56
RC13-189,1.863,-30,-3233,0,0,0.6,4.2,0,0.6,0,10.1,0,4.5,33.1,14.6,11,0,0,0,1.7,0.3,0.8,0,0,0.8,0,3.1,9.8
RC13-190,1.783,-25.43,-3797,0,0,1.1,4.3,1.1,0.8,0,10.5,0.3,6.2,32.3,11.9,10.2,0.3,0,0,1.9,0.8,3.8,1,0,0.8,0,2.4,5.4
RC13-195,4.583,-10.05,-2536,0,0.9,0,2.2,3.8,0,0,9.2,0,12,21.2,17.4,8.5,0,0,4.1,0.3,0.9,6,0,0,0.9,0,1.3,6.9
RC13-196,3.705,-7.722,-3734,0,0.3,0,2.8,0.9,0.6,0,6.8,0,10.1,21.5,23.3,6.4,0,0.6,5.2,2.1,1.2,6.8,0,0,1.2,0,1.8,8
RC13-210,-9.142,-10.61,-3658,0,0.3,0,5.7,0.5,0,0,7.5,0.8,7.7,31.6,13.9,7.7,0.8,0,1.5,2.1,0,3.3,0.5,0,0.8,0,2.8,8.5
RC13-275,-50.7167,13.4333,-1984,0,0.92,0,0,0,0,0,0.61,0,0,0,0,0,0,0,0.31,0,0,0,1.84,92.94,0,2.15,0,0
RC15-115,-49.6,-47.57,-2642,0,23.35,0,0,0,0,0,1.1,0,0,0,0,0,0,3.3,20.88,0,0,0.27,1.65,46.98,0,0.55,0,0
RC15-143,-33.57,-49.03,-2945,0,3.99,11.76,2.52,2.52,0.21,0,13.03,0.84,1.26,31.09,1.89,0.84,3.99,2.31,11.55,0,1.05,0,0.21,0,0.21,0,0,1.89
RC15-145,-29.22,-45.47,-3380,0,2.72,3.54,3,2.72,0.54,0,16.35,0.27,5.72,36.24,3.27,1.09,3.54,0.27,7.36,0.54,1.63,0.27,0,0,1.63,0,0,3
RC15-151,-24.7,-40.58,-2711,0,0.6,0.6,2.79,4.99,1,0,17.17,2.4,8.98,40.32,2.2,1.4,2,0,0.4,2.4,3.19,0,0.2,0,1.2,0,0.2,4.99
RC15-91,-49.92,-15.57,-3775,0,7.4,0,0,0,0,0,0,0,0,0,0,0,0,0.44,31.66,0,0,0,0.59,57.1,0,0.74,0,0
RC15-93,-46.1,-13.23,-2714,0,19.89,1.09,0,0,0,0,3.54,0,0,0,0,0,0.27,1.36,11.99,0,0,0,2.45,39.78,0,16.62,0,0
TAG72-1,16.6,-20.45,-3527,0,9.4,0.4,4.7,0.2,0,0,4.1,0,4.7,15.2,6.6,1.1,0.5,0,18.5,0.4,0,14.1,0,0.1,1,0.1,0.4,7.6
V12-53,-40.9,-20.38,-3797,0,28.23,5.11,0,0,0,0,4.5,0,0,0,0,0,0,9.61,29.43,0,0,0,6.31,0.6,0.6,6.01,0,0
V12-56,-36.5,8.1,-3222,0,13.1,18.81,2.02,0.71,0.12,0,2.02,0,0,2.98,0.12,0.12,1.19,8.57,30.6,0,0,0.48,6.9,0.48,0.6,0.83,0,0.12
V12-66,-22.98,7.017,-2760,0,2.86,9.71,0.57,3.14,0,0,4.29,0,0,8.29,2,0.57,4.29,2.57,19.71,0.57,1.71,0.29,9.43,1.43,3.14,0,0,4
V12-79,-1.517,-11.78,-3823,0,0.2,5.5,2.3,0,0,0,13.1,0,5.5,29,9,10.4,0.2,0,1.2,1.4,1.6,3,1.1,0.2,0.2,0,5.8,5.1
V14-47,-50.77,-42.15,-1690,0,12.56,0,0,0,0,0,2.51,0,0,0.5,0,0,0,2.51,11.81,0.25,0,0,0.5,66.08,0,1.01,0,0
V14-5,0.85,-32.85,-3255,0,0,1.1,3.6,0.5,0,0,11.5,0,3.3,45.2,15.9,4.9,0,0,0.3,1.6,1.4,1.1,0,0,0,0,1.1,4.9
V14-7,-2.3,-36.13,-3830,0,0,0.2,4.8,0.2,0.5,0,7.9,0.5,1,43,12,6.2,0,0,0,0.2,0.2,2.2,0,0,0.5,0,5.5,12.9
V15-136,-52.18,-49.08,-2514,0,19.23,0.18,0,0,0,0,1.83,0,0,0,0,0,0,0.55,9.16,0,0,0,0.92,65.02,0,0.73,0,0
V15-137,-50.38,-47.4,-2681,0,11.97,0,0,0,0,0,1.05,0,0,0,0,0,0,0.42,6.72,0,0,0,1.68,72.9,0,1.89,0,0
V15-164,-9.75,-34.4,-3588,0,0,0,4.9,1,0.3,0,7.1,1,4.5,53.1,6.1,3.6,0.3,0.3,0,2.3,2.6,0,0.3,0,1,0,0,4.8
V16-189,-28.83,-41.03,-3781,0,0.31,1.53,1.23,0,0,0,3.99,5.83,0,38.04,5.52,1.23,9.82,0.61,12.58,0,0,1.53,0.31,0,0,0,0.31,7.67
V16-190,-27.95,-42.45,-2919,0,3.46,3.72,2.68,0.43,0,0,4.58,2.08,3.2,37.11,3.11,1.9,2.68,3.81,11.16,0.87,1.38,0.87,2.42,0.09,1.3,0,0.95,1.99
V16-21,17.267,-48.42,-3975,0,0,0.8,4,0.5,0,0,11.3,1.1,10,46.9,10.2,4,0.8,0,0,1.9,2.4,0.8,0,0,0.3,0,0.3,0.8
V16-35,-17.67,-15.1,-3891,0,0.9,12.8,3.9,3,0.5,0,14.6,0.2,1.4,34.9,6.6,1.8,2.3,0.2,1.8,1.4,5.2,0,0.3,0,0.7,0,0.5,1.8
V16-36,-19.37,-11.43,-3329,0,2.8,11.8,1.7,1,0.5,0,11,0.5,1.5,26.2,6.2,3.2,4.3,1,11,5,5.5,0.3,0.7,0,0.8,0,0,0
V16-37,-21.33,-8.95,-3908,0,0.94,10.85,3.07,1.42,0.24,0,6.84,0.47,1.42,28.77,4.95,3.3,4.95,2.83,12.74,2.83,2.83,0.71,0.71,0,2.36,0,0.47,1.18
V16-50,-33.35,16.433,-2376,0,1.53,8.26,0,1.53,0,0,2.45,0,0,3.06,0.61,0.92,0.31,3.67,55.66,0,0.31,1.53,6.12,0.92,0.31,0,0.31,0
V17-144,-40.57,-55.17,-2503,0,34.3,0,0,0,0,0,2.66,0,0,0,0.24,0,0,4.35,28.99,0.24,0,0,5.31,8.45,0,5.07,0,0
V17-147,-33.15,-49.87,-1545,0,3.17,7.39,1.06,1.06,0.26,0,9.23,1.85,0,23.22,5.28,1.58,5.8,0.53,21.37,0,0,0.26,0.79,0.26,0.53,0.26,0,3.43
V17-159,16.983,-20.05,-3404,0,3.6,0,0.4,0,0,0,0.8,0,2.9,10.7,5.9,0.8,0.6,0,36.5,0,0,10.7,2.1,0,1.1,0,0.6,21.8
V18-110,-53.58,-44.7,-2610,0,1.28,0,0,0,0,0,0,0,0,0,0,0,0,0,1.49,0,0,0,0.43,95.52,0,0.64,0,0
V18-117,-49.5,-52.25,-2559,0,19.41,0.8,0,0,0,0,1.33,0,0,0,0,0,0,1.33,8.51,0,0,0,1.06,63.3,0,0.8,0,0
V18-126,-45.67,-57.62,-3499,0,25.53,3,0,0,0,0,0.9,0,0,0,0,0,0,8.41,39.94,0,0,0,1.5,8.71,0,3.6,0,0
V18-182,-32.33,15.017,-2941,0,10.38,10.38,0.9,1.13,0.45,0,3.16,0,0,4.29,0.68,0.68,0,4.29,34.31,0.23,0,9.93,5.87,0.68,0.23,0.23,0,0
V18-21,4.233,-47.75,-2374,0,0,0.3,3.7,0,0,0,2.9,0.5,3.4,48.3,14.8,6.6,0,0,0,0,0,2.6,0,0,0.3,0,3.4,11.6
V18-34,-31.35,-36.82,-3252,0,1.59,12.47,2.92,0.53,0.27,0,6.37,1.33,2.12,30.5,1.59,0.27,3.71,1.33,10.34,2.39,2.65,0.53,1.86,0,1.06,0.27,0,0.53
V19-240,-30.58,13.283,-3103,0,3.85,10.65,0.3,0.3,0.3,0,0.3,0,0,4.14,0.3,0.3,0.3,4.14,46.45,0,0,2.96,5.33,0,0.3,0,0,0
V19-245,-26.2,4.683,-2725,0,0.62,3.69,6.15,2.77,0.31,0,5.85,0,0,12.31,4.92,2.77,5.23,3.08,24,0.31,0.92,0.31,4,0,1.85,0.31,0,4.62
V19-248,-24.57,4.833,-3321,0,1.08,4.97,2.16,2.16,0.22,0,8.42,0,0.22,10.8,4.54,1.73,3.89,2.16,23.76,1.08,1.51,2.81,6.7,0,1.3,0,0,4.54
V19-283,-1.283,5.533,-3442,0,1.7,2.2,2.2,0.5,0.2,0,2.2,0,1.2,24.4,7.8,7.6,0,0,6.6,0,0,22.4,0.3,0.2,1,0,3.9,7.3
V20-213,-28.33,-13.15,-2175,0,3.24,12.07,2.35,1.01,1.23,0,6.59,0.34,4.36,22.12,1.34,0.67,1.12,7.71,14.08,1.45,2.68,0.22,4.25,0.22,1.34,0,0.11,0.67
V20-227,-4.233,-34.63,-3812,0,0,0,7.2,0,0,0,7.5,0.6,2.1,42.1,15.2,7.8,0.3,0,0,0,0,0.9,0,0,0.9,0,2.4,11.7
V20-228,-2.483,-36.42,-3676,0,0,0,3.3,0.5,0.2,0,5.3,1.2,7.2,32.1,18.7,6.5,0,0,0,0.2,0.2,1.7,0,0,1,0,3.3,15.3
V20-230,-1.95,-39.03,-3294,0,0,0,4.9,0.3,0,0,11.3,0.3,1.5,47.9,8.8,8.8,0,0,0,0.9,0.3,1.8,0,0,0.6,0,0.9,7
V20-233,2.1,-35.6,-3884,0,0,0.3,3.8,0,0.3,0,4.4,0.3,5.6,39.4,18.1,9.4,0.3,0.6,0,0,0.6,1.6,0,0,0.6,0,3.8,10.3
V20-234,5.317,-33.03,-3133,0,0,0,6.2,0.3,0.3,0,13.8,0,5.4,27.7,18.9,6.8,0.6,0,0,3.1,1.1,3.4,0,0,0.6,0,0.3,4
V22-106,-46.13,-10.9,-3037,0,13.2,0.5,0,0,0,0,3.96,0,0,0,0,0,0,0.33,8.75,0,0,0,1.32,61.39,0,7.1,0,0
V22-107,-44.47,-6.633,-3898,0,50.13,1.03,0,0,0,0,1.54,0,0,0,0,0,0.51,6.17,18.25,0,0,0,1.54,14.14,0.26,2.57,0,0
V22-122,-39.58,24.583,-3272,0,26.68,0.6,0,0,0,0,0.3,0.15,0,0.89,0.6,0.15,0.15,4.62,47.84,0,0.15,1.04,5.37,0.6,0.75,0.15,0,0.15
V22-169,-16.25,-5.733,-3499,0,2,9.2,2.5,1.8,0.6,0,9.4,0.4,1.8,20.9,10,2.7,3.3,0.8,7,1.2,6.1,3.3,0,0,1.4,0,1.6,6.5
V22-175,-8.767,-14.28,-2950,0,0.2,0.9,7.6,1.2,0.5,0,9.3,0.5,5.3,41,11.6,5.1,0.5,0,0.2,1.4,0.7,2.5,0,0,0.2,0,2.5,5.8
V22-177,-7.75,-14.6,-3290,0,2.4,0.4,4.9,0.9,0.2,0,6,0.2,6.2,27.3,13.8,5.6,0.9,0,3.1,0.4,0.9,6.9,0.2,0,2,0,3.1,7.6
V22-179,-4.883,-15.73,-3576,0,0.4,0,2.9,1.5,0,0,7.1,0.2,10.7,30.7,14.3,10.1,1,0,1.1,0.2,0,5.3,0.2,0,0.4,0,3.4,6.7
V22-182,-0.533,-17.27,-3776,0,0.2,3.7,4.4,1.9,0.2,0,14,0,6.3,31.6,8.8,8.6,0,0.2,0.5,0.7,0,3,0.2,0,0,0,3.3,8.8
V22-188,4.667,-20.92,-2600,0,4.3,0,4,0,0,0,6.7,0.8,5.4,29.6,16.5,8.6,0.8,0,0.8,1.3,0.2,6.2,0,0,2.9,0,1.3,5.1
V22-204,15.017,-23.23,-1723,0,3.5,0.5,3.5,0.3,0.3,0,10.8,0,13.2,27,7.8,3.3,0,0,4.3,2.7,5.1,1.9,0,0,1.1,0,0.3,8.6
V22-26,8.717,-41.25,-3720,0,0,0,4.2,1.5,0,0,8.8,0.3,12.7,30.5,15.1,8.8,0,0,0.6,3.3,0,3.9,0,0,1.2,0,1.8,1.5
V22-38,-9.55,-34.25,-3797,0,0,0.6,5.4,2.9,0.2,0,10.6,2.1,6.5,44,9.4,3.8,0.2,0,0,1.7,1,0.4,0,0,0.8,0,0.6,5
V22-71,-29.42,-33.42,-3314,0,2.72,3.54,6.27,2.18,0.27,0,7.08,2.72,1.91,35.69,3,1.91,5.45,3.54,5.99,0.54,4.36,0,0.82,0,1.63,0,0,0.27
V22-92,-50.1,-42.93,-1686,0,12.36,0,0,0,0,0,1.97,0,0,0,0,0,0,0.84,8.99,0,0,0,1.12,71.63,0,1.97,0,0
V22-93,-50.78,-43.17,-1320,0,22.12,0.61,0,0,0,0,1.82,0,0,0,0,0,0,3.03,6.67,0,0,0,2.12,47.88,0,12.12,0,0
V22-94,-51.52,-43.5,-2164,0,12.19,0.63,0,0,0,0,1.56,0,0,0,0,0,0,0.94,8.44,0,0,0,0.94,71.25,0,2.81,0,0
V24-220,-33.1,1.483,-2635,0,5.52,22.3,3.09,1.55,0,0,2.21,0.22,0,10.82,0.88,0.22,2.87,7.51,22.74,0.22,0.66,0,3.75,0.66,0.44,0.22,0,0
V24-223,-34.2,-3.483,-3303,0,6.94,28.77,0.4,0.79,0,0,2.78,0.2,0,6.15,0,0,1.98,8.33,20.83,0.4,0.4,0,7.94,0.2,0.6,0,0,0
V24-235,-33.25,-19.55,-3722,0,2.66,27.29,0.72,1.21,0.24,0,2.42,0.72,0.72,14.25,0,0.24,2.42,3.86,20.29,0,0.48,1.21,8.94,0,0,0,0,0
V24-241,-31.6,-30.28,-3944,0,1.7,17.03,1.7,0.49,0,0,4.87,0.24,1.7,30.41,0.73,0.49,3.41,4.14,13.63,0.24,0.49,0.24,2.68,0,0.97,0,0,1.46
V26-55,-11.6,-15.57,-3457,0,0,1.3,9.9,2.2,0.3,0,6.7,1.1,4.7,43.6,9.2,6,0.8,0,0.9,1.6,1.3,1.1,0,0,1.1,0,1.7,3.7
V26-63,-23.97,-37.95,-3619,0,0,0.52,6.28,1.05,0,0,14.14,1.83,9.42,43.19,2.62,1.05,4.45,0,1.83,0.79,2.88,0,0,0,0.79,0,0,6.28
V26-68,-30.35,-15.8,-3660,0,1.09,17.97,2.03,0.63,0.31,0,5.47,1.25,1.09,21.41,0.63,0.63,3.28,5.63,21.25,2.03,1.09,0,2.34,0.16,0.47,0,0,0.16
V27-181,0.067,-25.5,-3601,0,0,3.3,4.6,0.2,0.2,0,15.3,0,4.6,35.2,10.7,8.1,0,0,0.2,3.5,0.2,1.1,0,0,0.4,0,3.9,7.3
V27-184,-11.15,-35.65,-3532,0,0.3,0,4,3,0.3,0,6.7,5.6,12.9,45.2,6.2,4.6,0.5,0,0,0.3,0,0,0,0,1.1,0,0,5.6
V27-192,-36.57,-16.87,-3087,0,12.83,25.94,0,0,0,0,2.94,0,0,2.67,0,0,0.53,7.49,20.32,0,0,0.8,7.22,1.87,0.27,2.14,0,0
V27-215,-29.53,2.183,-2692,0,1.1,13.74,2.47,1.37,1.1,0,3.02,0,0,9.62,2.2,1.37,3.85,2.75,32.42,0.55,1.1,0,3.57,0,2.2,0,0.27,2.47
V27-233,2.267,5.733,-3319,0,0.8,0,2.1,0.3,2.3,0,0,0,0.3,2.9,4.9,4.7,0,0,14.1,0,0,36.2,0.3,0,1.3,0,3.6,20.3
V29-134,-24.22,7.417,-3804,0,7.51,5.4,0.47,0.23,0.47,0,6.81,0,0,7.51,2.58,0.94,2.82,2.82,21.36,0,0,0.23,9.86,1.41,2.58,0.94,0,1.17
V29-135,-19.7,8.883,-2675,0,20.5,8.1,1.4,1,0,0,4,0,1.4,3.3,1,0.7,3.1,0,20.5,0,0.5,1,7.4,1.2,2.1,1,0,0.2
V30-49,18.433,-21.08,-3093,0,4.9,1.9,1.3,2.4,0.2,0,7.1,0,6.7,12.2,4.7,4.3,0.2,0.2,15.5,0.9,1.1,1.1,6.4,0.4,0.4,0,0.2,4.9