Event,Latitude,Longitude,Elevation [m],Symbiosis,Spinose,Depth [m],Relative_Abundance
A180-72,0.6,-21.7833,-3841,No,No,0,0.052000000000000005
A180-72,0.6,-21.7833,-3841,No,Yes,0,0
A180-72,0.6,-21.7833,-3841,Yes,No,0,0.23600000000000002
A180-72,0.6,-21.7833,-3841,Yes,Yes,0,1.088
A180-76,-0.7667,-26.0333,-3512,No,No,0,0.073
A180-76,-0.7667,-26.0333,-3512,No,Yes,0,0
A180-76,-0.7667,-26.0333,-3512,Yes,No,0,0.24700000000000003
A180-76,-0.7667,-26.0333,-3512,Yes,Yes,0,1.1540000000000001
A181-7,10.55,-57.3333,-3766,No,No,0,0.032
A181-7,10.55,-57.3333,-3766,No,Yes,0,0
A181-7,10.55,-57.3333,-3766,Yes,No,0,0.139
A181-7,10.55,-57.3333,-3766,Yes,Yes,0,1.4040000000000004
A260210A,-29.1332,-34.5667,-2974,No,No,0,0.0906
A260210A,-29.1332,-34.5667,-2974,No,Yes,0,0.005699999999999999
A260210A,-29.1332,-34.5667,-2974,Yes,No,0,0.1722
A260210A,-29.1332,-34.5667,-2974,Yes,Yes,0,1.1459
CIRCE-239,-8.28,-11.12,-3248,No,No,0,0.09700000000000002
CIRCE-239,-8.28,-11.12,-3248,No,Yes,0,0
CIRCE-239,-8.28,-11.12,-3248,Yes,No,0,0.24400000000000002
CIRCE-239,-8.28,-11.12,-3248,Yes,Yes,0,1.14
GeoB1015-2,-11.7775,12.8473,-1638,No,No,0,0.05
GeoB1015-2,-11.7775,12.8473,-1638,No,Yes,0,0.053
GeoB1015-2,-11.7775,12.8473,-1638,Yes,No,0,0.33399999999999996
GeoB1015-2,-11.7775,12.8473,-1638,Yes,Yes,0,1.0810000000000002
GeoB1017-3,-11.7407,10.5494,-3809,No,No,0,0.239
GeoB1017-3,-11.7407,10.5494,-3809,No,Yes,0,0.033
GeoB1017-3,-11.7407,10.5494,-3809,Yes,No,0,0.892
GeoB1017-3,-11.7407,10.5494,-3809,Yes,Yes,0,0.24200000000000002
GeoB1025-2,-17.165,10.2417,-3565,No,No,0,0.040999999999999995
GeoB1025-2,-17.165,10.2417,-3565,No,Yes,0,0.213
GeoB1025-2,-17.165,10.2417,-3565,Yes,No,0,1.005
GeoB1025-2,-17.165,10.2417,-3565,Yes,Yes,0,0.115
GeoB1027-2,-19.6558,9.1377,-2668,No,No,0,0.036000000000000004
GeoB1027-2,-19.6558,9.1377,-2668,No,Yes,0,0.221
GeoB1027-2,-19.6558,9.1377,-2668,Yes,No,0,0.8369999999999999
GeoB1027-2,-19.6558,9.1377,-2668,Yes,Yes,0,0.158
GeoB1028-4,-20.0993,9.1777,-2215,No,No,0,0.11599999999999999
GeoB1028-4,-20.0993,9.1777,-2215,No,Yes,0,0.21899999999999997
GeoB1028-4,-20.0993,9.1777,-2215,Yes,No,0,0.676
GeoB1028-4,-20.0993,9.1777,-2215,Yes,Yes,0,0.185
GeoB1029-1,-21.0631,8.2288,-3420,No,No,0,0.125
GeoB1029-1,-21.0631,8.2288,-3420,No,Yes,0,0.278
GeoB1029-1,-21.0631,8.2288,-3420,Yes,No,0,0.494
GeoB1029-1,-21.0631,8.2288,-3420,Yes,Yes,0,0.157
GeoB1030-3,-21.0768,7.7786,-1326,No,No,0,0.225
GeoB1030-3,-21.0768,7.7786,-1326,No,Yes,0,0.27699999999999997
GeoB1030-3,-21.0768,7.7786,-1326,Yes,No,0,0.45299999999999996
GeoB1030-3,-21.0768,7.7786,-1326,Yes,Yes,0,0.177
GeoB1031-2,-21.883,7.1017,-3103,No,No,0,0.281
GeoB1031-2,-21.883,7.1017,-3103,No,Yes,0,0.142
GeoB1031-2,-21.883,7.1017,-3103,Yes,No,0,0.5670000000000001
GeoB1031-2,-21.883,7.1017,-3103,Yes,Yes,0,0.24599999999999997
GeoB1032-2,-22.9133,6.0267,-2490,No,No,0,0.23799999999999996
GeoB1032-2,-22.9133,6.0267,-2490,No,Yes,0,0.08199999999999999
GeoB1032-2,-22.9133,6.0267,-2490,Yes,No,0,0.609
GeoB1032-2,-22.9133,6.0267,-2490,Yes,Yes,0,0.33799999999999997
GeoB1033-3,-22.0533,5.535,-3147,No,No,0,0.21599999999999997
GeoB1033-3,-22.0533,5.535,-3147,No,Yes,0,0.085
GeoB1033-3,-22.0533,5.535,-3147,Yes,No,0,0.6459999999999999
GeoB1033-3,-22.0533,5.535,-3147,Yes,Yes,0,0.343
GeoB1034-2,-21.7167,5.4317,-3800,No,No,0,0.237
GeoB1034-2,-21.7167,5.4317,-3800,No,Yes,0,0.11
GeoB1034-2,-21.7167,5.4317,-3800,Yes,No,0,0.6030000000000001
GeoB1034-2,-21.7167,5.4317,-3800,Yes,Yes,0,0.361
GeoB1046-2,7.3433,-20.4717,-3914,No,No,0,0.047
GeoB1046-2,7.3433,-20.4717,-3914,No,Yes,0,0.049
GeoB1046-2,7.3433,-20.4717,-3914,Yes,No,0,0.185
GeoB1046-2,7.3433,-20.4717,-3914,Yes,Yes,0,1.0150000000000001
GeoB1104-4,-1.1633,-10.725,-3715,No,No,0,0.054000000000000006
GeoB1104-4,-1.1633,-10.725,-3715,No,Yes,0,0.05
GeoB1104-4,-1.1633,-10.725,-3715,Yes,No,0,0.241
GeoB1104-4,-1.1633,-10.725,-3715,Yes,Yes,0,1.073
GeoB1105-4,-1.665,-12.4283,-3225,No,No,0,0.065
GeoB1105-4,-1.665,-12.4283,-3225,No,Yes,0,0.04
GeoB1105-4,-1.665,-12.4283,-3225,Yes,No,0,0.31499999999999995
GeoB1105-4,-1.665,-12.4283,-3225,Yes,Yes,0,0.9839999999999998
GeoB1106-4,-1.76,-12.557,-2443,No,No,0,0.036000000000000004
GeoB1106-4,-1.76,-12.557,-2443,No,Yes,0,0.062
GeoB1106-4,-1.76,-12.557,-2443,Yes,No,0,0.301
GeoB1106-4,-1.76,-12.557,-2443,Yes,Yes,0,0.9830000000000001
GeoB1108-7,-2.1733,-9.8733,-3876,No,No,0,0.071
GeoB1108-7,-2.1733,-9.8733,-3876,No,Yes,0,0.033
GeoB1108-7,-2.1733,-9.8733,-3876,Yes,No,0,0.252
GeoB1108-7,-2.1733,-9.8733,-3876,Yes,Yes,0,1.1790000000000003
GeoB1111-3,-5.8433,-8.6517,-3812,No,No,0,0.086
GeoB1111-3,-5.8433,-8.6517,-3812,No,Yes,0,0.02
GeoB1111-3,-5.8433,-8.6517,-3812,Yes,No,0,0.299
GeoB1111-3,-5.8433,-8.6517,-3812,Yes,Yes,0,1.0959999999999999
GeoB1112-4,-5.7783,-10.75,-3125,No,No,0,0.099
GeoB1112-4,-5.7783,-10.75,-3125,No,Yes,0,0.015
GeoB1112-4,-5.7783,-10.75,-3125,Yes,No,0,0.30400000000000005
GeoB1112-4,-5.7783,-10.75,-3125,Yes,Yes,0,1.045
GeoB1113-4,-5.745,-11.0367,-2374,No,No,0,0.10400000000000001
GeoB1113-4,-5.745,-11.0367,-2374,No,Yes,0,0.026000000000000002
GeoB1113-4,-5.745,-11.0367,-2374,Yes,No,0,0.314
GeoB1113-4,-5.745,-11.0367,-2374,Yes,Yes,0,1.064
GeoB1114-4,-5.285,-10.2033,-3416,No,No,0,0.087
GeoB1114-4,-5.285,-10.2033,-3416,No,Yes,0,0.024
GeoB1114-4,-5.285,-10.2033,-3416,Yes,No,0,0.29300000000000004
GeoB1114-4,-5.285,-10.2033,-3416,Yes,Yes,0,1.0570000000000002
GeoB1116-2,-3.6233,-13.1867,-3472,No,No,0,0.102
GeoB1116-2,-3.6233,-13.1867,-3472,No,Yes,0,0.018000000000000002
GeoB1116-2,-3.6233,-13.1867,-3472,Yes,No,0,0.352
GeoB1116-2,-3.6233,-13.1867,-3472,Yes,Yes,0,1.0030000000000003
GeoB1117-2,-3.815,-14.8967,-3984,No,No,0,0.09
GeoB1117-2,-3.815,-14.8967,-3984,No,Yes,0,0.021
GeoB1117-2,-3.815,-14.8967,-3984,Yes,No,0,0.261
GeoB1117-2,-3.815,-14.8967,-3984,Yes,Yes,0,1.173
GeoB1203-2,-26.5483,5.0167,-2395,No,No,0,0.135
GeoB1203-2,-26.5483,5.0167,-2395,No,Yes,0,0.105
GeoB1203-2,-26.5483,5.0167,-2395,Yes,No,0,0.64
GeoB1203-2,-26.5483,5.0167,-2395,Yes,Yes,0,0.40800000000000003
GeoB1204-3,-25.045,5.4983,-2241,No,No,0,0.18700000000000003
GeoB1204-3,-25.045,5.4983,-2241,No,Yes,0,0.151
GeoB1204-3,-25.045,5.4983,-2241,Yes,No,0,0.6459999999999999
GeoB1204-3,-25.045,5.4983,-2241,Yes,Yes,0,0.31399999999999995
GeoB1207-2,-24.5983,6.855,-2593,No,No,0,0.135
GeoB1207-2,-24.5983,6.855,-2593,No,Yes,0,0.16899999999999998
GeoB1207-2,-24.5983,6.855,-2593,Yes,No,0,0.618
GeoB1207-2,-24.5983,6.855,-2593,Yes,Yes,0,0.333
GeoB1208-1,-24.4917,7.1133,-2971,No,No,0,0.20099999999999998
GeoB1208-1,-24.4917,7.1133,-2971,No,Yes,0,0.105
GeoB1208-1,-24.4917,7.1133,-2971,Yes,No,0,0.591
GeoB1208-1,-24.4917,7.1133,-2971,Yes,Yes,0,0.308
GeoB1209-1,-24.5117,7.2833,-3303,No,No,0,0.163
GeoB1209-1,-24.5117,7.2833,-3303,No,Yes,0,0.09699999999999999
GeoB1209-1,-24.5117,7.2833,-3303,Yes,No,0,0.601
GeoB1209-1,-24.5117,7.2833,-3303,Yes,Yes,0,0.3400000000000001
GeoB1210-3,-24.485,7.4383,-3750,No,No,0,0.20700000000000002
GeoB1210-3,-24.485,7.4383,-3750,No,Yes,0,0.141
GeoB1210-3,-24.485,7.4383,-3750,Yes,No,0,0.584
GeoB1210-3,-24.485,7.4383,-3750,Yes,Yes,0,0.2770000000000001
GeoB1215-1,-24.8367,6.845,-2761,No,No,0,0.207
GeoB1215-1,-24.8367,6.845,-2761,No,Yes,0,0.092
GeoB1215-1,-24.8367,6.845,-2761,Yes,No,0,0.662
GeoB1215-1,-24.8367,6.845,-2761,Yes,Yes,0,0.28400000000000003
GeoB1216-2,-24.925,6.7883,-2263,No,No,0,0.13199999999999998
GeoB1216-2,-24.925,6.7883,-2263,No,Yes,0,0.142
GeoB1216-2,-24.925,6.7883,-2263,Yes,No,0,0.601
GeoB1216-2,-24.925,6.7883,-2263,Yes,Yes,0,0.309
GeoB1217-1,-24.945,6.725,-2007,No,No,0,0.17900000000000002
GeoB1217-1,-24.945,6.725,-2007,No,Yes,0,0.19399999999999998
GeoB1217-1,-24.945,6.725,-2007,Yes,No,0,0.4640000000000001
GeoB1217-1,-24.945,6.725,-2007,Yes,Yes,0,0.303
GeoB1218-1,-25.1683,5.9183,-1023,No,No,0,0.242
GeoB1218-1,-25.1683,5.9183,-1023,No,Yes,0,0.163
GeoB1218-1,-25.1683,5.9183,-1023,Yes,No,0,0.489
GeoB1218-1,-25.1683,5.9183,-1023,Yes,Yes,0,0.33
GeoB1220-2,-24.0333,5.3067,-2266,No,No,0,0.207
GeoB1220-2,-24.0333,5.3067,-2266,No,Yes,0,0.128
GeoB1220-2,-24.0333,5.3067,-2266,Yes,No,0,0.562
GeoB1220-2,-24.0333,5.3067,-2266,Yes,Yes,0,0.3450000000000001
GeoB1308-1,-32.7867,-27.75,-3622,No,No,0,0.21299999999999997
GeoB1308-1,-32.7867,-27.75,-3622,No,Yes,0,0.135
GeoB1308-1,-32.7867,-27.75,-3622,Yes,No,0,0.40399999999999997
GeoB1308-1,-32.7867,-27.75,-3622,Yes,Yes,0,0.544
GeoB1309-3,-31.6667,-28.665,-3963,No,No,0,0.223
GeoB1309-3,-31.6667,-28.665,-3963,No,Yes,0,0.063
GeoB1309-3,-31.6667,-28.665,-3963,Yes,No,0,0.373
GeoB1309-3,-31.6667,-28.665,-3963,Yes,Yes,0,0.772
GeoB1310-1,-31.5883,-28.9033,-3346,No,No,0,0.24600000000000002
GeoB1310-1,-31.5883,-28.9033,-3346,No,Yes,0,0.114
GeoB1310-1,-31.5883,-28.9033,-3346,Yes,No,0,0.47600000000000003
GeoB1310-1,-31.5883,-28.9033,-3346,Yes,Yes,0,0.5840000000000001
GeoB1311-2,-31.5133,-29.0983,-2899,No,No,0,0.11699999999999999
GeoB1311-2,-31.5133,-29.0983,-2899,No,Yes,0,0.133
GeoB1311-2,-31.5133,-29.0983,-2899,Yes,No,0,0.28099999999999997
GeoB1311-2,-31.5133,-29.0983,-2899,Yes,Yes,0,0.8080000000000002
GeoB1312-3,-31.6617,-29.6567,-3436,No,No,0,0.133
GeoB1312-3,-31.6617,-29.6567,-3436,No,Yes,0,0.121
GeoB1312-3,-31.6617,-29.6567,-3436,Yes,No,0,0.26499999999999996
GeoB1312-3,-31.6617,-29.6567,-3436,Yes,Yes,0,0.7900000000000001
GeoB1313-1,-31.6617,-30.0333,-3698,No,No,0,0.136
GeoB1313-1,-31.6617,-30.0333,-3698,No,Yes,0,0.14
GeoB1313-1,-31.6617,-30.0333,-3698,Yes,No,0,0.267
GeoB1313-1,-31.6617,-30.0333,-3698,Yes,Yes,0,0.762
GeoB1403-2,-1.1983,-11.7117,-3692,No,No,0,0.086
GeoB1403-2,-1.1983,-11.7117,-3692,No,Yes,0,0.066
GeoB1403-2,-1.1983,-11.7117,-3692,Yes,No,0,0.326
GeoB1403-2,-1.1983,-11.7117,-3692,Yes,Yes,0,0.9189999999999999
GeoB1407-7,-4.3283,-10.2533,-3520,No,No,0,0.09499999999999999
GeoB1407-7,-4.3283,-10.2533,-3520,No,Yes,0,0.031
GeoB1407-7,-4.3283,-10.2533,-3520,Yes,No,0,0.301
GeoB1407-7,-4.3283,-10.2533,-3520,Yes,Yes,0,1.0629999999999997
GeoB1408-3,-12.8183,-6.185,-1848,No,No,0,0.05399999999999999
GeoB1408-3,-12.8183,-6.185,-1848,No,Yes,0,0.07200000000000001
GeoB1408-3,-12.8183,-6.185,-1848,Yes,No,0,0.31
GeoB1408-3,-12.8183,-6.185,-1848,Yes,Yes,0,0.9629999999999999
GeoB1413-2,-15.675,-9.4567,-3785,No,No,0,0.075
GeoB1413-2,-15.675,-9.4567,-3785,No,Yes,0,0.077
GeoB1413-2,-15.675,-9.4567,-3785,Yes,No,0,0.352
GeoB1413-2,-15.675,-9.4567,-3785,Yes,Yes,0,0.9640000000000001
GeoB1414-2,-15.5283,-10.7283,-3605,No,No,0,0.073
GeoB1414-2,-15.5283,-10.7283,-3605,No,Yes,0,0.059000000000000004
GeoB1414-2,-15.5283,-10.7283,-3605,Yes,No,0,0.386
GeoB1414-2,-15.5283,-10.7283,-3605,Yes,Yes,0,0.8390000000000001
GeoB1415-1,-15.53,-11.5783,-3116,No,No,0,0.07500000000000001
GeoB1415-1,-15.53,-11.5783,-3116,No,Yes,0,0.036000000000000004
GeoB1415-1,-15.53,-11.5783,-3116,Yes,No,0,0.35300000000000004
GeoB1415-1,-15.53,-11.5783,-3116,Yes,Yes,0,0.929
GeoB1418-1,-15.5333,-14.885,-3524,No,No,0,0.043
GeoB1418-1,-15.5333,-14.885,-3524,No,Yes,0,0.025
GeoB1418-1,-15.5333,-14.885,-3524,Yes,No,0,0.281
GeoB1418-1,-15.5333,-14.885,-3524,Yes,Yes,0,1.082
GeoB1503-2,2.31,-30.6483,-2298,No,No,0,0.099
GeoB1503-2,2.31,-30.6483,-2298,No,Yes,0,0.006999999999999999
GeoB1503-2,2.31,-30.6483,-2298,Yes,No,0,0.271
GeoB1503-2,2.31,-30.6483,-2298,Yes,Yes,0,0.9839999999999999
GeoB1504-1,2.2883,-31.2867,-2980,No,No,0,0.085
GeoB1504-1,2.2883,-31.2867,-2980,No,Yes,0,0.012
GeoB1504-1,2.2883,-31.2867,-2980,Yes,No,0,0.183
GeoB1504-1,2.2883,-31.2867,-2980,Yes,Yes,0,1.255
GeoB1505-3,2.2733,-33.0067,-3703,No,No,0,0.08999999999999998
GeoB1505-3,2.2733,-33.0067,-3703,No,Yes,0,0.011000000000000001
GeoB1505-3,2.2733,-33.0067,-3703,Yes,No,0,0.192
GeoB1505-3,2.2733,-33.0067,-3703,Yes,Yes,0,1.2160000000000002
GeoB1508-1,5.3333,-34.025,-3685,No,No,0,0.042
GeoB1508-1,5.3333,-34.025,-3685,No,Yes,0,0.011000000000000001
GeoB1508-1,5.3333,-34.025,-3685,Yes,No,0,0.16399999999999998
GeoB1508-1,5.3333,-34.025,-3685,Yes,Yes,0,1.2380000000000002
GeoB1511-6,3.1783,-46.3433,-3162,No,No,0,0.13699999999999998
GeoB1511-6,3.1783,-46.3433,-3162,No,Yes,0,0.006
GeoB1511-6,3.1783,-46.3433,-3162,Yes,No,0,0.33
GeoB1511-6,3.1783,-46.3433,-3162,Yes,Yes,0,0.9
GeoB1512-2,5.9033,-48.04,-3718,No,No,0,0.07200000000000001
GeoB1512-2,5.9033,-48.04,-3718,No,Yes,0,0.012
GeoB1512-2,5.9033,-48.04,-3718,Yes,No,0,0.149
GeoB1512-2,5.9033,-48.04,-3718,Yes,Yes,0,1.3530000000000002
GeoB1513-2,5.4317,-46.9267,-3621,No,No,0,0.106
GeoB1513-2,5.4317,-46.9267,-3621,No,Yes,0,0.01
GeoB1513-2,5.4317,-46.9267,-3621,Yes,No,0,0.223
GeoB1513-2,5.4317,-46.9267,-3621,Yes,Yes,0,1.1870000000000003
GeoB1514-4,5.1383,-46.575,-3511,No,No,0,0.11
GeoB1514-4,5.1383,-46.575,-3511,No,Yes,0,0.023
GeoB1514-4,5.1383,-46.575,-3511,Yes,No,0,0.21599999999999997
GeoB1514-4,5.1383,-46.575,-3511,Yes,Yes,0,1.222
GeoB1520-1,4.5917,-41.935,-3911,No,No,0,0.063
GeoB1520-1,4.5917,-41.935,-3911,No,Yes,0,0.01
GeoB1520-1,4.5917,-41.935,-3911,Yes,No,0,0.14500000000000002
GeoB1520-1,4.5917,-41.935,-3911,Yes,Yes,0,1.3030000000000002
GeoB1521-2,4.3117,-41.8283,-3725,No,No,0,0.05800000000000001
GeoB1521-2,4.3117,-41.8283,-3725,No,Yes,0,0.016
GeoB1521-2,4.3117,-41.8283,-3725,Yes,No,0,0.195
GeoB1521-2,4.3117,-41.8283,-3725,Yes,Yes,0,1.166
GeoB1522-1,4.025,-41.6833,-3478,No,No,0,0.064
GeoB1522-1,4.025,-41.6833,-3478,No,Yes,0,0.009000000000000001
GeoB1522-1,4.025,-41.6833,-3478,Yes,No,0,0.14400000000000002
GeoB1522-1,4.025,-41.6833,-3478,Yes,Yes,0,1.241
GeoB1523-2,3.815,-41.6217,-3291,No,No,0,0.096
GeoB1523-2,3.815,-41.6217,-3291,No,Yes,0,0.01
GeoB1523-2,3.815,-41.6217,-3291,Yes,No,0,0.18799999999999997
GeoB1523-2,3.815,-41.6217,-3291,Yes,Yes,0,1.1879999999999997
GeoB1702-6,-6.5667,10.3167,-3088,No,No,0,0.065
GeoB1702-6,-6.5667,10.3167,-3088,No,Yes,0,0.102
GeoB1702-6,-6.5667,10.3167,-3088,Yes,No,0,0.195
GeoB1702-6,-6.5667,10.3167,-3088,Yes,Yes,0,0.996
GeoB1704-1,-19.4067,11.6117,-399,No,No,0,0.128
GeoB1704-1,-19.4067,11.6117,-399,No,Yes,0,0.284
GeoB1704-1,-19.4067,11.6117,-399,Yes,No,0,0.698
GeoB1704-1,-19.4067,11.6117,-399,Yes,Yes,0,0.04100000000000001
GeoB1710-2,-23.43,11.7033,-2987,No,No,0,0.188
GeoB1710-2,-23.43,11.7033,-2987,No,Yes,0,0.131
GeoB1710-2,-23.43,11.7033,-2987,Yes,No,0,0.687
GeoB1710-2,-23.43,11.7033,-2987,Yes,Yes,0,0.069
GeoB1711-5,-23.3167,12.3783,-1964,No,No,0,0.12200000000000001
GeoB1711-5,-23.3167,12.3783,-1964,No,Yes,0,0.16699999999999998
GeoB1711-5,-23.3167,12.3783,-1964,Yes,No,0,0.555
GeoB1711-5,-23.3167,12.3783,-1964,Yes,Yes,0,0.198
GeoB1712-2,-23.255,12.8033,-1007,No,No,0,0.08900000000000001
GeoB1712-2,-23.255,12.8033,-1007,No,Yes,0,0.235
GeoB1712-2,-23.255,12.8033,-1007,Yes,No,0,0.7490000000000001
GeoB1712-2,-23.255,12.8033,-1007,Yes,Yes,0,0.08900000000000001
GeoB1713-6,-23.22,13.015,-597,No,No,0,0.134
GeoB1713-6,-23.22,13.015,-597,No,Yes,0,0.257
GeoB1713-6,-23.22,13.015,-597,Yes,No,0,0.628
GeoB1713-6,-23.22,13.015,-597,Yes,Yes,0,0.04300000000000001
GeoB1720-4,-29,13.8283,-2011,No,No,0,0.39160000000000006
GeoB1720-4,-29,13.8283,-2011,No,Yes,0,0.21539999999999998
GeoB1720-4,-29,13.8283,-2011,Yes,No,0,0.6457
GeoB1720-4,-29,13.8283,-2011,Yes,Yes,0,0.0418
GeoB1721-4,-29.175,13.0883,-3079,No,No,0,0.32420000000000004
GeoB1721-4,-29.175,13.0883,-3079,No,Yes,0,0.19079999999999997
GeoB1721-4,-29.175,13.0883,-3079,Yes,No,0,0.6910000000000001
GeoB1721-4,-29.175,13.0883,-3079,Yes,Yes,0,0.08109999999999999
GeoB1722-3,-29.4483,11.75,-3971,No,No,0,0.23
GeoB1722-3,-29.4483,11.75,-3971,No,Yes,0,0.095
GeoB1722-3,-29.4483,11.75,-3971,Yes,No,0,0.8939999999999999
GeoB1722-3,-29.4483,11.75,-3971,Yes,Yes,0,0.14200000000000002
GeoB1725-1,-30.1733,3.0833,-972,No,No,0,0.263
GeoB1725-1,-30.1733,3.0833,-972,No,Yes,0,0.055
GeoB1725-1,-30.1733,3.0833,-972,Yes,No,0,0.81
GeoB1725-1,-30.1733,3.0833,-972,Yes,Yes,0,0.23500000000000004
GeoB1728-3,-29.8383,2.4067,-2887,No,No,0,0.1942
GeoB1728-3,-29.8383,2.4067,-2887,No,Yes,0,0.2236
GeoB1728-3,-29.8383,2.4067,-2887,Yes,No,0,0.48910000000000003
GeoB1728-3,-29.8383,2.4067,-2887,Yes,Yes,0,0.3121
GeoB2004-1,-30.8683,14.3467,-2571,No,No,0,0.3089
GeoB2004-1,-30.8683,14.3467,-2571,No,Yes,0,0.2391
GeoB2004-1,-30.8683,14.3467,-2571,Yes,No,0,0.7153
GeoB2004-1,-30.8683,14.3467,-2571,Yes,Yes,0,0.0567
GeoB2016-3,-31.905,-1.3033,-3387,No,No,0,0.1838
GeoB2016-3,-31.905,-1.3033,-3387,No,Yes,0,0.24780000000000002
GeoB2016-3,-31.905,-1.3033,-3387,Yes,No,0,0.5859000000000001
GeoB2016-3,-31.905,-1.3033,-3387,Yes,Yes,0,0.24609999999999999
GeoB2019-2,-36.0533,-8.7667,-3836,No,No,0,0.1889
GeoB2019-2,-36.0533,-8.7667,-3836,No,Yes,0,0.4346
GeoB2019-2,-36.0533,-8.7667,-3836,Yes,No,0,0.5496
GeoB2019-2,-36.0533,-8.7667,-3836,Yes,Yes,0,0.0412
GeoB2021-4,-36.835,-14.405,-3576,No,No,0,0.22740000000000002
GeoB2021-4,-36.835,-14.405,-3576,No,Yes,0,0.38780000000000003
GeoB2021-4,-36.835,-14.405,-3576,Yes,No,0,0.5307
GeoB2021-4,-36.835,-14.405,-3576,Yes,Yes,0,0.0651
GIK12329-1,19.3667,-19.93,-3318,No,No,0,0.266
GIK12329-1,19.3667,-19.93,-3318,No,Yes,0,0.122
GIK12329-1,19.3667,-19.93,-3318,Yes,No,0,0.7480000000000001
GIK12329-1,19.3667,-19.93,-3318,Yes,Yes,0,0.182
GIK12336-1,16.2383,-20.425,-3645,No,No,0,0.16400000000000003
GIK12336-1,16.2383,-20.425,-3645,No,Yes,0,0.09
GIK12336-1,16.2383,-20.425,-3645,Yes,No,0,0.5900000000000001
GIK12336-1,16.2383,-20.425,-3645,Yes,Yes,0,0.591
GIK12347-2,15.825,-17.8617,-2576,No,No,0,0.19299999999999998
GIK12347-2,15.825,-17.8617,-2576,No,Yes,0,0.129
GIK12347-2,15.825,-17.8617,-2576,Yes,No,0,0.633
GIK12347-2,15.825,-17.8617,-2576,Yes,Yes,0,0.4820000000000001
GIK13312-1,12.4875,-17.7905,-2175,No,No,0,0.087
GIK13312-1,12.4875,-17.7905,-2175,No,Yes,0,0.268
GIK13312-1,12.4875,-17.7905,-2175,Yes,No,0,0.31
GIK13312-1,12.4875,-17.7905,-2175,Yes,Yes,0,0.6300000000000001
GIK13519-1,5.67,-19.8517,-2862,No,No,0,0.026000000000000002
GIK13519-1,5.67,-19.8517,-2862,No,Yes,0,0.048
GIK13519-1,5.67,-19.8517,-2862,Yes,No,0,0.21
GIK13519-1,5.67,-19.8517,-2862,Yes,Yes,0,1.1540000000000001
GIK13586-3,19.408,-17.12,-660,No,No,0,0.133
GIK13586-3,19.408,-17.12,-660,No,Yes,0,0.311
GIK13586-3,19.408,-17.12,-660,Yes,No,0,0.62
GIK13586-3,19.408,-17.12,-660,Yes,Yes,0,0.274
GIK13587-1,19.389,-17.135,-810,No,No,0,0.09
GIK13587-1,19.389,-17.135,-810,No,Yes,0,0.353
GIK13587-1,19.389,-17.135,-810,Yes,No,0,0.5559999999999999
GIK13587-1,19.389,-17.135,-810,Yes,Yes,0,0.292
GIK13588-2,19.374,-17.152,-970,No,No,0,0.15999999999999998
GIK13588-2,19.374,-17.152,-970,No,Yes,0,0.316
GIK13588-2,19.374,-17.152,-970,Yes,No,0,0.5970000000000001
GIK13588-2,19.374,-17.152,-970,Yes,Yes,0,0.258
GIK16410-1,8.91,-20.85,-3969,No,No,0,0.095
GIK16410-1,8.91,-20.85,-3969,No,Yes,0,0.037000000000000005
GIK16410-1,8.91,-20.85,-3969,Yes,No,0,0.22800000000000004
GIK16410-1,8.91,-20.85,-3969,Yes,Yes,0,0.9949999999999999
GIK16415-1,9.5667,-19.1067,-3841,No,No,0,0.153
GIK16415-1,9.5667,-19.1067,-3841,No,Yes,0,0.062
GIK16415-1,9.5667,-19.1067,-3841,Yes,No,0,0.35100000000000003
GIK16415-1,9.5667,-19.1067,-3841,Yes,Yes,0,0.7659999999999998
GIK16419-1,9.8917,-16.74,-312,No,No,0,0.079
GIK16419-1,9.8917,-16.74,-312,No,Yes,0,0.11800000000000001
GIK16419-1,9.8917,-16.74,-312,Yes,No,0,0.212
GIK16419-1,9.8917,-16.74,-312,Yes,Yes,0,1.025
GIK16421-1,9.9217,-17.8683,-1556,No,No,0,0.196
GIK16421-1,9.9217,-17.8683,-1556,No,Yes,0,0.04
GIK16421-1,9.9217,-17.8683,-1556,Yes,No,0,0.307
GIK16421-1,9.9217,-17.8683,-1556,Yes,Yes,0,0.86
GIK16430-2,5.617,-19.983,-2811,No,No,0,0.059000000000000004
GIK16430-2,5.617,-19.983,-2811,No,Yes,0,0.013999999999999999
GIK16430-2,5.617,-19.983,-2811,Yes,No,0,0.185
GIK16430-2,5.617,-19.983,-2811,Yes,Yes,0,1.085
GIK16437-3,16.562,-17.555,-2766,No,No,0,0.23800000000000002
GIK16437-3,16.562,-17.555,-2766,No,Yes,0,0.17300000000000001
GIK16437-3,16.562,-17.555,-2766,Yes,No,0,0.8319999999999999
GIK16437-3,16.562,-17.555,-2766,Yes,Yes,0,0.15300000000000002
GIK16453-2,4.7333,-20.9417,-2675,No,No,0,0.06
GIK16453-2,4.7333,-20.9417,-2675,No,Yes,0,0.018000000000000002
GIK16453-2,4.7333,-20.9417,-2675,Yes,No,0,0.174
GIK16453-2,4.7333,-20.9417,-2675,Yes,Yes,0,1.1049999999999998
GIK16457-1,5.3917,-21.72,-3291,No,No,0,0.037
GIK16457-1,5.3917,-21.72,-3291,No,Yes,0,0.026000000000000002
GIK16457-1,5.3917,-21.72,-3291,Yes,No,0,0.15999999999999998
GIK16457-1,5.3917,-21.72,-3291,Yes,Yes,0,1.1420000000000001
GIK16458-2,5.335,-22.055,-3518,No,No,0,0.047
GIK16458-2,5.335,-22.055,-3518,No,Yes,0,0.021
GIK16458-2,5.335,-22.055,-3518,Yes,No,0,0.204
GIK16458-2,5.335,-22.055,-3518,Yes,Yes,0,1.0929999999999997
GIK16756-1,9.0783,-17,-1495,No,No,0,0.11
GIK16756-1,9.0783,-17,-1495,No,Yes,0,0.023
GIK16756-1,9.0783,-17,-1495,Yes,No,0,0.267
GIK16756-1,9.0783,-17,-1495,Yes,Yes,0,1.033
GIK16757-1,8.9833,-16.9467,-2358,No,No,0,0.158
GIK16757-1,8.9833,-16.9467,-2358,No,Yes,0,0.063
GIK16757-1,8.9833,-16.9467,-2358,Yes,No,0,0.305
GIK16757-1,8.9833,-16.9467,-2358,Yes,Yes,0,0.7519999999999999
GIK16771-1,0.8133,-15.5117,-2779,No,No,0,0.12400000000000003
GIK16771-1,0.8133,-15.5117,-2779,No,Yes,0,0.039
GIK16771-1,0.8133,-15.5117,-2779,Yes,No,0,0.332
GIK16771-1,0.8133,-15.5117,-2779,Yes,Yes,0,0.917
GIK16772-1,-1.34,-11.9733,-3911,No,No,0,0.085
GIK16772-1,-1.34,-11.9733,-3911,No,Yes,0,0.06
GIK16772-1,-1.34,-11.9733,-3911,Yes,No,0,0.29699999999999993
GIK16772-1,-1.34,-11.9733,-3911,Yes,Yes,0,0.9959999999999998
GIK16775-2,0.9867,-11.1533,-3730,No,No,0,0.10999999999999999
GIK16775-2,0.9867,-11.1533,-3730,No,Yes,0,0.057
GIK16775-2,0.9867,-11.1533,-3730,Yes,No,0,0.36199999999999993
GIK16775-2,0.9867,-11.1533,-3730,Yes,Yes,0,0.856
GIK16777-1,3.9283,-10.62,-3282,No,No,0,0.131
GIK16777-1,3.9283,-10.62,-3282,No,Yes,0,0.027000000000000003
GIK16777-1,3.9283,-10.62,-3282,Yes,No,0,0.36200000000000004
GIK16777-1,3.9283,-10.62,-3282,Yes,Yes,0,0.9069999999999999
GIK16779-1,4.21,-9.6367,-2002,No,No,0,0.064
GIK16779-1,4.21,-9.6367,-2002,No,Yes,0,0.018000000000000002
GIK16779-1,4.21,-9.6367,-2002,Yes,No,0,0.278
GIK16779-1,4.21,-9.6367,-2002,Yes,Yes,0,1.0779999999999998
GIK16780-1,4.2983,-9.4983,-1483,No,No,0,0.023
GIK16780-1,4.2983,-9.4983,-1483,No,Yes,0,0.026000000000000002
GIK16780-1,4.2983,-9.4983,-1483,Yes,No,0,0.215
GIK16780-1,4.2983,-9.4983,-1483,Yes,Yes,0,1.199
GIK16846-1,5.365,1.2867,-2739,No,No,0,0.027000000000000003
GIK16846-1,5.365,1.2867,-2739,No,Yes,0,0.062
GIK16846-1,5.365,1.2867,-2739,Yes,No,0,0.269
GIK16846-1,5.365,1.2867,-2739,Yes,Yes,0,1.2229999999999999
GIK16855-1,5.5133,3.7783,-2173,No,No,0,0.08800000000000001
GIK16855-1,5.5133,3.7783,-2173,No,Yes,0,0.026000000000000002
GIK16855-1,5.5133,3.7783,-2173,Yes,No,0,0.28900000000000003
GIK16855-1,5.5133,3.7783,-2173,Yes,Yes,0,1.009
GIK16856-1,4.8033,3.4083,-2860,No,No,0,0.087
GIK16856-1,4.8033,3.4083,-2860,No,Yes,0,0.023
GIK16856-1,4.8033,3.4083,-2860,Yes,No,0,0.32499999999999996
GIK16856-1,4.8033,3.4083,-2860,Yes,Yes,0,1.117
GIK16865-1,2.6717,6.055,-2492,No,No,0,0.214
GIK16865-1,2.6717,6.055,-2492,No,Yes,0,0.006
GIK16865-1,2.6717,6.055,-2492,Yes,No,0,0.546
GIK16865-1,2.6717,6.055,-2492,Yes,Yes,0,0.6210000000000001
GIK16868-2,-0.2283,6.0183,-1284,No,No,0,0.063
GIK16868-2,-0.2283,6.0183,-1284,No,Yes,0,0.069
GIK16868-2,-0.2283,6.0183,-1284,Yes,No,0,0.36200000000000004
GIK16868-2,-0.2283,6.0183,-1284,Yes,Yes,0,0.9540000000000001
GIK16870-1,-0.215,5.9683,-2469,No,No,0,0.059000000000000004
GIK16870-1,-0.215,5.9683,-2469,No,Yes,0,0.08800000000000001
GIK16870-1,-0.215,5.9683,-2469,Yes,No,0,0.29000000000000004
GIK16870-1,-0.215,5.9683,-2469,Yes,Yes,0,1
GIK16871-1,-0.73,6.935,-2987,No,No,0,0.162
GIK16871-1,-0.73,6.935,-2987,No,Yes,0,0.034
GIK16871-1,-0.73,6.935,-2987,Yes,No,0,0.726
GIK16871-1,-0.73,6.935,-2987,Yes,Yes,0,0.433
M30_183,7.55,-14.6,-3815,No,No,0,0.071
M30_183,7.55,-14.6,-3815,No,Yes,0,0.047
M30_183,7.55,-14.6,-3815,Yes,No,0,0.23999999999999996
M30_183,7.55,-14.6,-3815,Yes,Yes,0,1.006
M30_208,6.933,-12.25,-1030,No,No,0,0.032
M30_208,6.933,-12.25,-1030,No,Yes,0,0.094
M30_208,6.933,-12.25,-1030,Yes,No,0,0.26099999999999995
M30_208,6.933,-12.25,-1030,Yes,Yes,0,1.016
M30_230,6.9,-12.4328,-2487,No,No,0,0.064
M30_230,6.9,-12.4328,-2487,No,Yes,0,0.035
M30_230,6.9,-12.4328,-2487,Yes,No,0,0.237
M30_230,6.9,-12.4328,-2487,Yes,Yes,0,1.089
MIKR01,17.5498,-22.6,-3350,No,No,0,0.153
MIKR01,17.5498,-22.6,-3350,No,Yes,0,0.055999999999999994
MIKR01,17.5498,-22.6,-3350,Yes,No,0,0.285
MIKR01,17.5498,-22.6,-3350,Yes,Yes,0,0.9469999999999998
MIKR02,18.3998,-24.5698,-3794,No,No,0,0.156
MIKR02,18.3998,-24.5698,-3794,No,Yes,0,0.031
MIKR02,18.3998,-24.5698,-3794,Yes,No,0,0.321
MIKR02,18.3998,-24.5698,-3794,Yes,Yes,0,0.902
MIKS05,18.7198,-25.35,-3830,No,No,0,0.144
MIKS05,18.7198,-25.35,-3830,No,Yes,0,0.043
MIKS05,18.7198,-25.35,-3830,Yes,No,0,0.34600000000000003
MIKS05,18.7198,-25.35,-3830,Yes,Yes,0,0.818
O3KL16,18.2198,-21.0798,-3037,No,No,0,0.127
O3KL16,18.2198,-21.0798,-3037,No,Yes,0,0.109
O3KL16,18.2198,-21.0798,-3037,Yes,No,0,0.46099999999999997
O3KL16,18.2198,-21.0798,-3037,Yes,Yes,0,0.59
O3KL17,16.02,-20.6298,-3871,No,No,0,0.21600000000000003
O3KL17,16.02,-20.6298,-3871,No,Yes,0,0.073
O3KL17,16.02,-20.6298,-3871,Yes,No,0,0.587
O3KL17,16.02,-20.6298,-3871,Yes,Yes,0,0.579
PS1654-1,-50.158,5.7225,-3763,No,No,0,0.8545
PS1654-1,-50.158,5.7225,-3763,No,Yes,0,0.0635
PS1654-1,-50.158,5.7225,-3763,Yes,No,0,0.1525
PS1654-1,-50.158,5.7225,-3763,Yes,Yes,0,0
PS1754-2,-46.7701,7.6118,-2534,No,No,0,0.3925
PS1754-2,-46.7701,7.6118,-2534,No,Yes,0,0.34979999999999994
PS1754-2,-46.7701,7.6118,-2534,Yes,No,0,0.4317999999999999
PS1754-2,-46.7701,7.6118,-2534,Yes,Yes,0,0.0016
PS1756-6,-48.8997,6.7148,-3832,No,No,0,0.7903999999999999
PS1756-6,-48.8997,6.7148,-3832,No,Yes,0,0.0665
PS1756-6,-48.8997,6.7148,-3832,Yes,No,0,0.2718
PS1756-6,-48.8997,6.7148,-3832,Yes,Yes,0,0
PS1759-1,-50.1533,5.7553,-3793,No,No,0,0.8502
PS1759-1,-50.1533,5.7553,-3793,No,Yes,0,0.0385
PS1759-1,-50.1533,5.7553,-3793,Yes,No,0,0.2064
PS1759-1,-50.1533,5.7553,-3793,Yes,Yes,0,0.012
PS1775-5,-50.9515,-7.5055,-2523,No,No,0,0.9967
PS1775-5,-50.9515,-7.5055,-2523,No,Yes,0,0.002
PS1775-5,-50.9515,-7.5055,-2523,Yes,No,0,0
PS1775-5,-50.9515,-7.5055,-2523,Yes,Yes,0,0
PS1776-6,-49.7428,-8.7608,-3155,No,No,0,0.9282
PS1776-6,-49.7428,-8.7608,-3155,No,Yes,0,0.040999999999999995
PS1776-6,-49.7428,-8.7608,-3155,Yes,No,0,0.046099999999999995
PS1776-6,-49.7428,-8.7608,-3155,Yes,Yes,0,0
PS1777-7,-48.2323,-11.0395,-2575,No,No,0,0.7625
PS1777-7,-48.2323,-11.0395,-2575,No,Yes,0,0.11599999999999999
PS1777-7,-48.2323,-11.0395,-2575,Yes,No,0,0.17579999999999998
PS1777-7,-48.2323,-11.0395,-2575,Yes,Yes,0,0.001
PS1778-1,-49.0128,-12.697,-3384,No,No,0,0.6144000000000001
PS1778-1,-49.0128,-12.697,-3384,No,Yes,0,0.2014
PS1778-1,-49.0128,-12.697,-3384,Yes,No,0,0.31739999999999996
PS1778-1,-49.0128,-12.697,-3384,Yes,Yes,0,3e-4
PS1779-3,-50.3992,-14.0803,-3574,No,No,0,0.8614999999999999
PS1779-3,-50.3992,-14.0803,-3574,No,Yes,0,0.0681
PS1779-3,-50.3992,-14.0803,-3574,Yes,No,0,0.1346
PS1779-3,-50.3992,-14.0803,-3574,Yes,Yes,0,0
PS2075-3,-40.8078,13.7378,-3129,No,No,0,0.27190000000000003
PS2075-3,-40.8078,13.7378,-3129,No,Yes,0,0.2722
PS2075-3,-40.8078,13.7378,-3129,Yes,No,0,0.7622000000000001
PS2075-3,-40.8078,13.7378,-3129,Yes,Yes,0,0.0353
PS2076-1,-41.1353,13.4812,-2086,No,No,0,0.3184
PS2076-1,-41.1353,13.4812,-2086,No,Yes,0,0.314
PS2076-1,-41.1353,13.4812,-2086,Yes,No,0,0.5827
PS2076-1,-41.1353,13.4812,-2086,Yes,Yes,0,0.024300000000000002
PS2083-1,-46.3707,7.037,-1955,No,No,0,0.4772
PS2083-1,-46.3707,7.037,-1955,No,Yes,0,0.3471
PS2083-1,-46.3707,7.037,-1955,Yes,No,0,0.2775
PS2083-1,-46.3707,7.037,-1955,Yes,Yes,0,0.0019
PS2084-2,-47.0227,7.9662,-1664,No,No,0,0.605
PS2084-2,-47.0227,7.9662,-1664,No,Yes,0,0.22829999999999998
PS2084-2,-47.0227,7.9662,-1664,Yes,No,0,0.24789999999999998
PS2084-2,-47.0227,7.9662,-1664,Yes,Yes,0,6e-4
PS2085-1,-47.7505,7.9973,-2982,No,No,0,0.6353000000000001
PS2085-1,-47.7505,7.9973,-2982,No,Yes,0,0.2372
PS2085-1,-47.7505,7.9973,-2982,Yes,No,0,0.1757
PS2085-1,-47.7505,7.9973,-2982,Yes,Yes,0,0
PS2086-3,-48.3182,7.7572,-649,No,No,0,0.7780999999999999
PS2086-3,-48.3182,7.7572,-649,No,Yes,0,0.1093
PS2086-3,-48.3182,7.7572,-649,Yes,No,0,0.1876
PS2086-3,-48.3182,7.7572,-649,Yes,Yes,0,4e-4
PS2087-1,-49.1343,6.7063,-3451,No,No,0,0.8502000000000001
PS2087-1,-49.1343,6.7063,-3451,No,Yes,0,0.0757
PS2087-1,-49.1343,6.7063,-3451,Yes,No,0,0.1323
PS2087-1,-49.1343,6.7063,-3451,Yes,Yes,0,0
PS2102-2,-53.073,-4.9857,-2390,No,No,0,0.9930999999999999
PS2102-2,-53.073,-4.9857,-2390,No,Yes,0,0.0069
PS2102-2,-53.073,-4.9857,-2390,Yes,No,0,0
PS2102-2,-53.073,-4.9857,-2390,Yes,Yes,0,0
PS2103-2,-51.3292,-3.3243,-2947,No,No,0,0.9775000000000001
PS2103-2,-51.3292,-3.3243,-2947,No,Yes,0,0.0143
PS2103-2,-51.3292,-3.3243,-2947,Yes,No,0,0.0136
PS2103-2,-51.3292,-3.3243,-2947,Yes,Yes,0,0
PS2104-1,-50.7418,-3.2117,-2592,No,No,0,0.9973000000000001
PS2104-1,-50.7418,-3.2117,-2592,No,Yes,0,0.0027
PS2104-1,-50.7418,-3.2117,-2592,Yes,No,0,0
PS2104-1,-50.7418,-3.2117,-2592,Yes,Yes,0,0
PS2105-2,-48.6957,-2.85,-3618,No,No,0,0.7741
PS2105-2,-48.6957,-2.85,-3618,No,Yes,0,0.07719999999999999
PS2105-2,-48.6957,-2.85,-3618,Yes,No,0,0.27399999999999997
PS2105-2,-48.6957,-2.85,-3618,Yes,Yes,0,6e-4
PS2106-1,-41.853,0.0938,-912,No,No,0,0.2427
PS2106-1,-41.853,0.0938,-912,No,Yes,0,0.5085999999999999
PS2106-1,-41.853,0.0938,-912,Yes,No,0,0.3528
PS2106-1,-41.853,0.0938,-912,Yes,Yes,0,0.0191
PS2230-1,-34.7532,17.3646,-2578,No,No,0,0.1696
PS2230-1,-34.7532,17.3646,-2578,No,Yes,0,0.0765
PS2230-1,-34.7532,17.3646,-2578,Yes,No,0,1.166
PS2230-1,-34.7532,17.3646,-2578,Yes,Yes,0,0.1038
PS2241-1,-47.4023,0.2896,-3759,No,No,0,0.4746
PS2241-1,-47.4023,0.2896,-3759,No,Yes,0,0.225
PS2241-1,-47.4023,0.2896,-3759,Yes,No,0,0.5156000000000001
PS2241-1,-47.4023,0.2896,-3759,Yes,Yes,0,0
PS2242-1,-49.9993,0.0593,-3547,No,No,0,0.879
PS2242-1,-49.9993,0.0593,-3547,No,Yes,0,0.0582
PS2242-1,-49.9993,0.0593,-3547,Yes,No,0,0.1144
PS2242-1,-49.9993,0.0593,-3547,Yes,Yes,0,0
PS2343-1,-55.165,-58.0917,-3281,No,No,0,0.6757000000000001
PS2343-1,-55.165,-58.0917,-3281,No,Yes,0,0.2023
PS2343-1,-55.165,-58.0917,-3281,Yes,No,0,0.14170000000000002
PS2343-1,-55.165,-58.0917,-3281,Yes,Yes,0,1e-4
PS2351-1,-53.765,-58.8867,-575,No,No,0,0.6024
PS2351-1,-53.765,-58.8867,-575,No,Yes,0,0.307
PS2351-1,-53.765,-58.8867,-575,Yes,No,0,0.14009999999999997
PS2351-1,-53.765,-58.8867,-575,Yes,Yes,0,0
PS2352-1,-53.7367,-58.9033,-1033,No,No,0,0.7384999999999999
PS2352-1,-53.7367,-58.9033,-1033,No,Yes,0,0.16449999999999998
PS2352-1,-53.7367,-58.9033,-1033,Yes,No,0,0.1549
PS2352-1,-53.7367,-58.9033,-1033,Yes,Yes,0,0
PS2353-2,-53.6067,-58.9767,-1916,No,No,0,0.5124
PS2353-2,-53.6067,-58.9767,-1916,No,Yes,0,0.3197
PS2353-2,-53.6067,-58.9767,-1916,Yes,No,0,0.2721
PS2353-2,-53.6067,-58.9767,-1916,Yes,Yes,0,0
PS2354-1,-53.33,-59.0967,-1066,No,No,0,0.3994
PS2354-1,-53.33,-59.0967,-1066,No,Yes,0,0.377
PS2354-1,-53.33,-59.0967,-1066,Yes,No,0,0.35429999999999995
PS2354-1,-53.33,-59.0967,-1066,Yes,Yes,0,0
PS2366-1,-51.0098,-5.9564,-2114,No,No,0,0.9901000000000001
PS2366-1,-51.0098,-5.9564,-2114,No,Yes,0,0.009899999999999999
PS2366-1,-51.0098,-5.9564,-2114,Yes,No,0,0
PS2366-1,-51.0098,-5.9564,-2114,Yes,Yes,0,0
PS2367-1,-49.1288,-6.0043,-3525,No,No,0,0.9248000000000001
PS2367-1,-49.1288,-6.0043,-3525,No,Yes,0,0.0296
PS2367-1,-49.1288,-6.0043,-3525,Yes,No,0,0.0816
PS2367-1,-49.1288,-6.0043,-3525,Yes,Yes,0,0
PS2368-1,-46.8731,-5.7178,-3615,No,No,0,0.8009
PS2368-1,-46.8731,-5.7178,-3615,No,Yes,0,0.0824
PS2368-1,-46.8731,-5.7178,-3615,Yes,No,0,0.2158
PS2368-1,-46.8731,-5.7178,-3615,Yes,Yes,0,0
PS2372-1,-53.996,-6.0025,-2415,No,No,0,1
PS2372-1,-53.996,-6.0025,-2415,No,Yes,0,0
PS2372-1,-53.996,-6.0025,-2415,Yes,No,0,0
PS2372-1,-53.996,-6.0025,-2415,Yes,Yes,0,0
PS2376-1,-48.5667,-6,-3657,No,No,0,0.888
PS2376-1,-48.5667,-6,-3657,No,Yes,0,0.0322
PS2376-1,-48.5667,-6,-3657,Yes,No,0,0.11280000000000001
PS2376-1,-48.5667,-6,-3657,Yes,Yes,0,0
PS2487-2,-35.8217,18.1017,-2942,No,No,0,0.1697
PS2487-2,-35.8217,18.1017,-2942,No,Yes,0,0.1628
PS2487-2,-35.8217,18.1017,-2942,Yes,No,0,0.8818000000000003
PS2487-2,-35.8217,18.1017,-2942,Yes,Yes,0,0.1461
PS2489-4,-42.8833,8.9683,-3795,No,No,0,0.35600000000000004
PS2489-4,-42.8833,8.9683,-3795,No,Yes,0,0.4374
PS2489-4,-42.8833,8.9683,-3795,Yes,No,0,0.34480000000000005
PS2489-4,-42.8833,8.9683,-3795,Yes,Yes,0,0.0108
PS2494-1,-41.69,-12.34,-3324,No,No,0,0.25579999999999997
PS2494-1,-41.69,-12.34,-3324,No,Yes,0,0.41619999999999996
PS2494-1,-41.69,-12.34,-3324,Yes,No,0,0.5771
PS2494-1,-41.69,-12.34,-3324,Yes,Yes,0,0.014100000000000001
PS2495-1,-41.2883,-14.5,-3135,No,No,0,0.2704
PS2495-1,-41.2883,-14.5,-3135,No,Yes,0,0.3885
PS2495-1,-41.2883,-14.5,-3135,Yes,No,0,0.5739
PS2495-1,-41.2883,-14.5,-3135,Yes,Yes,0,0.0166
PS2496-2,-42.9867,-14.635,-3518,No,No,0,0.3611
PS2496-2,-42.9867,-14.635,-3518,No,Yes,0,0.43119999999999997
PS2496-2,-42.9867,-14.635,-3518,Yes,No,0,0.3697
PS2496-2,-42.9867,-14.635,-3518,Yes,Yes,0,0
PS2498-2,-44.1533,-14.2283,-3782,No,No,0,0.3741999999999999
PS2498-2,-44.1533,-14.2283,-3782,No,Yes,0,0.40240000000000004
PS2498-2,-44.1533,-14.2283,-3782,Yes,No,0,0.39160000000000006
PS2498-2,-44.1533,-14.2283,-3782,Yes,Yes,0,0.0016
PS2499-1,-46.5117,-15.3333,-3176,No,No,0,0.4294
PS2499-1,-46.5117,-15.3333,-3176,No,Yes,0,0.3763
PS2499-1,-46.5117,-15.3333,-3176,Yes,No,0,0.34730000000000005
PS2499-1,-46.5117,-15.3333,-3176,Yes,Yes,0,0
PS2500-1,-47.6167,-15.4167,-3539,No,No,0,0.4311
PS2500-1,-47.6167,-15.4167,-3539,No,Yes,0,0.37170000000000003
PS2500-1,-47.6167,-15.4167,-3539,Yes,No,0,0.35730000000000006
PS2500-1,-47.6167,-15.4167,-3539,Yes,Yes,0,0
PS2505-1,-51.1867,-25.47,-1864,No,No,0,0.8714999999999999
PS2505-1,-51.1867,-25.47,-1864,No,Yes,0,0.07490000000000001
PS2505-1,-51.1867,-25.47,-1864,Yes,No,0,0.1004
PS2505-1,-51.1867,-25.47,-1864,Yes,Yes,0,0
PS2507-1,-51.3733,-26.2,-3275,No,No,0,0.7599000000000001
PS2507-1,-51.3733,-26.2,-3275,No,Yes,0,0.0913
PS2507-1,-51.3733,-26.2,-3275,Yes,No,0,0.2884
PS2507-1,-51.3733,-26.2,-3275,Yes,Yes,0,0
PS2508-1,-51.6683,-26.5333,-3394,No,No,0,0.8682000000000002
PS2508-1,-51.6683,-26.5333,-3394,No,Yes,0,0.0373
PS2508-1,-51.6683,-26.5333,-3394,Yes,No,0,0.17660000000000003
PS2508-1,-51.6683,-26.5333,-3394,Yes,Yes,0,0
PS2518-2,-53.2517,-51.455,-2362,No,No,0,0.6966999999999999
PS2518-2,-53.2517,-51.455,-2362,No,Yes,0,0.15839999999999999
PS2518-2,-53.2517,-51.455,-2362,Yes,No,0,0.2503
PS2518-2,-53.2517,-51.455,-2362,Yes,Yes,0,0
PS2520-1,-53.14,-61.58,-492,No,No,0,0.6341
PS2520-1,-53.14,-61.58,-492,No,Yes,0,0.3235
PS2520-1,-53.14,-61.58,-492,Yes,No,0,0.0791
PS2520-1,-53.14,-61.58,-492,Yes,Yes,0,0
PS2557-2,-36.955,21.7833,-3371,No,No,0,0.1666
PS2557-2,-36.955,21.7833,-3371,No,Yes,0,0.308
PS2557-2,-36.955,21.7833,-3371,Yes,No,0,0.3488
PS2557-2,-36.955,21.7833,-3371,Yes,Yes,0,0.319
PS2560-4,-40.6183,25.615,-2636,No,No,0,0.27849999999999997
PS2560-4,-40.6183,25.615,-2636,No,Yes,0,0.24359999999999998
PS2560-4,-40.6183,25.615,-2636,Yes,No,0,0.8384999999999999
PS2560-4,-40.6183,25.615,-2636,Yes,Yes,0,0.025599999999999998
RC08-18,-24.07,-15.12,-3977,No,No,0,0.0842
RC08-18,-24.07,-15.12,-3977,No,Yes,0,0.0128
RC08-18,-24.07,-15.12,-3977,Yes,No,0,0.24539999999999998
RC08-18,-24.07,-15.12,-3977,Yes,Yes,0,1.0826
RC08-22,-24.97,-13.27,-2591,No,No,0,0.1223
RC08-22,-24.97,-13.27,-2591,No,Yes,0,0
RC08-22,-24.97,-13.27,-2591,Yes,No,0,0.2597
RC08-22,-24.97,-13.27,-2591,Yes,Yes,0,1.0194
RC08-23,-25.15,-12.77,-3338,No,No,0,0.0699
RC08-23,-25.15,-12.77,-3338,No,Yes,0,0.021
RC08-23,-25.15,-12.77,-3338,Yes,No,0,0.3077
RC08-23,-25.15,-12.77,-3338,Yes,Yes,0,1.014
RC08-27,-26.23,-10.62,-3678,No,No,0,0.12279999999999999
RC08-27,-26.23,-10.62,-3678,No,Yes,0,0
RC08-27,-26.23,-10.62,-3678,Yes,No,0,0.39230000000000004
RC08-27,-26.23,-10.62,-3678,Yes,Yes,0,0.8653999999999997
RC11-10,4.967,-45.97,-3834,No,No,0,0.046
RC11-10,4.967,-45.97,-3834,No,Yes,0,0.005
RC11-10,4.967,-45.97,-3834,Yes,No,0,0.096
RC11-10,4.967,-45.97,-3834,Yes,Yes,0,1.465
RC11-11,2.217,-45.4,-3759,No,No,0,0.132
RC11-11,2.217,-45.4,-3759,No,Yes,0,0
RC11-11,2.217,-45.4,-3759,Yes,No,0,0.22400000000000003
RC11-11,2.217,-45.4,-3759,Yes,Yes,0,1.2569999999999997
RC11-14,-2.067,-40.05,-1639,No,No,0,0.057999999999999996
RC11-14,-2.067,-40.05,-1639,No,Yes,0,0
RC11-14,-2.067,-40.05,-1639,Yes,No,0,0.22200000000000003
RC11-14,-2.067,-40.05,-1639,Yes,Yes,0,1.235
RC11-16,-2.767,-35.22,-3835,No,No,0,0.11
RC11-16,-2.767,-35.22,-3835,No,Yes,0,0
RC11-16,-2.767,-35.22,-3835,Yes,No,0,0.19599999999999998
RC11-16,-2.767,-35.22,-3835,Yes,Yes,0,1.276
RC11-26,-28.58,-30.07,-2349,No,No,0,0.0781
RC11-26,-28.58,-30.07,-2349,No,Yes,0,0.0022
RC11-26,-28.58,-30.07,-2349,Yes,No,0,0.145
RC11-26,-28.58,-30.07,-2349,Yes,Yes,0,1.1897
RC11-37,-31.98,-35.53,-2578,No,No,0,0.0815
RC11-37,-31.98,-35.53,-2578,No,Yes,0,0.009399999999999999
RC11-37,-31.98,-35.53,-2578,Yes,No,0,0.32910000000000006
RC11-37,-31.98,-35.53,-2578,Yes,Yes,0,0.9309999999999998
RC11-78,-50.87,-9.867,-3115,No,No,0,0.9862000000000001
RC11-78,-50.87,-9.867,-3115,No,Yes,0,0.0055000000000000005
RC11-78,-50.87,-9.867,-3115,Yes,No,0,0
RC11-78,-50.87,-9.867,-3115,Yes,Yes,0,0.0054
RC11-79,-49,-4.6,-3385,No,No,0,0.9689
RC11-79,-49,-4.6,-3385,No,Yes,0,0.0104
RC11-79,-49,-4.6,-3385,Yes,No,0,0.015600000000000001
RC11-79,-49,-4.6,-3385,Yes,Yes,0,0
RC11-80,-46.75,-0.05,-3656,No,No,0,0.2861
RC11-80,-46.75,-0.05,-3656,No,Yes,0,0.2433
RC11-80,-46.75,-0.05,-3656,Yes,No,0,0.8636
RC11-80,-46.75,-0.05,-3656,Yes,Yes,0,0.0027
RC11-86,-35.78,18.45,-2829,No,No,0,0.1425
RC11-86,-35.78,18.45,-2829,No,Yes,0,0.0667
RC11-86,-35.78,18.45,-2829,Yes,No,0,0.7334
RC11-86,-35.78,18.45,-2829,Yes,Yes,0,0.2696
RC12-233,-56.83,-66.93,-1866,No,No,0,0.4697
RC12-233,-56.83,-66.93,-1866,No,Yes,0,0.3833
RC12-233,-56.83,-66.93,-1866,Yes,No,0,0.196
RC12-233,-56.83,-66.93,-1866,Yes,Yes,0,0.0058
RC12-235,-50.43,-54.13,-1525,No,No,0,0.5705
RC12-235,-50.43,-54.13,-1525,No,Yes,0,0.3028
RC12-235,-50.43,-54.13,-1525,Yes,No,0,0.1644
RC12-235,-50.43,-54.13,-1525,Yes,Yes,0,0.004699999999999999
RC12-266,-39.82,-24.8,-3939,No,No,0,0.3325
RC12-266,-39.82,-24.8,-3939,No,Yes,0,0.11410000000000001
RC12-266,-39.82,-24.8,-3939,Yes,No,0,0.6311
RC12-266,-39.82,-24.8,-3939,Yes,Yes,0,0.07769999999999999
RC12-291,-42.58,-17.8,-3508,No,No,0,0.2591
RC12-291,-42.58,-17.8,-3508,No,Yes,0,0.40240000000000004
RC12-291,-42.58,-17.8,-3508,Yes,No,0,0.3261
RC12-291,-42.58,-17.8,-3508,Yes,Yes,0,0.0243
RC12-292,-39.68,-15.48,-3541,No,No,0,0.125
RC12-292,-39.68,-15.48,-3541,No,Yes,0,0.08
RC12-292,-39.68,-15.48,-3541,Yes,No,0,0.945
RC12-292,-39.68,-15.48,-3541,Yes,Yes,0,0.1375
RC12-293,-36.88,-13.15,-3393,No,No,0,0.115
RC12-293,-36.88,-13.15,-3393,No,Yes,0,0.095
RC12-293,-36.88,-13.15,-3393,Yes,No,0,0.6275
RC12-293,-36.88,-13.15,-3393,Yes,Yes,0,0.375
RC12-294,-37.27,-10.1,-3308,No,No,0,0.1654
RC12-294,-37.27,-10.1,-3308,No,Yes,0,0.20329999999999998
RC12-294,-37.27,-10.1,-3308,Yes,No,0,0.5853
RC12-294,-37.27,-10.1,-3308,Yes,Yes,0,0.21939999999999993
RC12-297,-36.15,-6.717,-3528,No,No,0,0.241
RC12-297,-36.15,-6.717,-3528,No,Yes,0,0.2871
RC12-297,-36.15,-6.717,-3528,Yes,No,0,0.6229
RC12-297,-36.15,-6.717,-3528,Yes,Yes,0,0.0728
RC12-298,-34.95,-4.75,-2213,No,No,0,0.2573
RC12-298,-34.95,-4.75,-2213,No,Yes,0,0.1185
RC12-298,-34.95,-4.75,-2213,Yes,No,0,0.5376000000000001
RC12-298,-34.95,-4.75,-2213,Yes,Yes,0,0.2603
RC12-304,-33.22,29.183,-3290,No,No,0,0.005600000000000001
RC12-304,-33.22,29.183,-3290,No,Yes,0,0.0278
RC12-304,-33.22,29.183,-3290,Yes,No,0,0.5778
RC12-304,-33.22,29.183,-3290,Yes,Yes,0,0.8556
RC13-189,1.863,-30,-3233,No,No,0,0.098
RC13-189,1.863,-30,-3233,No,Yes,0,0
RC13-189,1.863,-30,-3233,Yes,No,0,0.23800000000000002
RC13-189,1.863,-30,-3233,Yes,Yes,0,1.0839999999999999
RC13-190,1.783,-25.43,-3797,No,No,0,0.067
RC13-190,1.783,-25.43,-3797,No,Yes,0,0
RC13-190,1.783,-25.43,-3797,Yes,No,0,0.22099999999999997
RC13-190,1.783,-25.43,-3797,Yes,Yes,0,1.105
RC13-195,4.583,-10.05,-2536,No,No,0,0.069
RC13-195,4.583,-10.05,-2536,No,Yes,0,0.009000000000000001
RC13-195,4.583,-10.05,-2536,Yes,No,0,0.316
RC13-195,4.583,-10.05,-2536,Yes,Yes,0,1.0420000000000003
RC13-196,3.705,-7.722,-3734,No,No,0,0.086
RC13-196,3.705,-7.722,-3734,No,Yes,0,0.003
RC13-196,3.705,-7.722,-3734,Yes,No,0,0.33799999999999997
RC13-196,3.705,-7.722,-3734,Yes,Yes,0,1.02
RC13-210,-9.142,-10.61,-3658,No,No,0,0.098
RC13-210,-9.142,-10.61,-3658,No,Yes,0,0.003
RC13-210,-9.142,-10.61,-3658,Yes,No,0,0.251
RC13-210,-9.142,-10.61,-3658,Yes,Yes,0,1.1059999999999999
RC13-275,-50.7167,13.4333,-1984,No,No,0,0.9693
RC13-275,-50.7167,13.4333,-1984,No,Yes,0,0.0092
RC13-275,-50.7167,13.4333,-1984,Yes,No,0,0.0123
RC13-275,-50.7167,13.4333,-1984,Yes,Yes,0,0
RC15-115,-49.6,-47.57,-2642,No,No,0,0.5247999999999999
RC15-115,-49.6,-47.57,-2642,No,Yes,0,0.2335
RC15-115,-49.6,-47.57,-2642,Yes,No,0,0.4313
RC15-115,-49.6,-47.57,-2642,Yes,Yes,0,0
RC15-143,-33.57,-49.03,-2945,No,No,0,0.084
RC15-143,-33.57,-49.03,-2945,No,Yes,0,0.039900000000000005
RC15-143,-33.57,-49.03,-2945,Yes,No,0,0.3802
RC15-143,-33.57,-49.03,-2945,Yes,Yes,0,0.8885
RC15-145,-29.22,-45.47,-3380,No,No,0,0.06810000000000001
RC15-145,-29.22,-45.47,-3380,No,Yes,0,0.027200000000000002
RC15-145,-29.22,-45.47,-3380,Yes,No,0,0.34340000000000004
RC15-145,-29.22,-45.47,-3380,Yes,Yes,0,1.0433
RC15-151,-24.7,-40.58,-2711,No,No,0,0.0719
RC15-151,-24.7,-40.58,-2711,No,Yes,0,0.006
RC15-151,-24.7,-40.58,-2711,Yes,No,0,0.2316
RC15-151,-24.7,-40.58,-2711,Yes,Yes,0,1.2476000000000003
RC15-91,-49.92,-15.57,-3775,No,No,0,0.5887
RC15-91,-49.92,-15.57,-3775,No,Yes,0,0.07400000000000001
RC15-91,-49.92,-15.57,-3775,Yes,No,0,0.6332
RC15-91,-49.92,-15.57,-3775,Yes,Yes,0,0
RC15-93,-46.1,-13.23,-2714,No,No,0,0.6048
RC15-93,-46.1,-13.23,-2714,No,Yes,0,0.1989
RC15-93,-46.1,-13.23,-2714,Yes,No,0,0.27520000000000006
RC15-93,-46.1,-13.23,-2714,Yes,Yes,0,0.0109
TAG72-1,16.6,-20.45,-3527,No,No,0,0.08299999999999999
TAG72-1,16.6,-20.45,-3527,No,Yes,0,0.094
TAG72-1,16.6,-20.45,-3527,Yes,No,0,0.632
TAG72-1,16.6,-20.45,-3527,Yes,Yes,0,0.544
V12-53,-40.9,-20.38,-3797,No,No,0,0.2253
V12-53,-40.9,-20.38,-3797,No,Yes,0,0.2823
V12-53,-40.9,-20.38,-3797,Yes,No,0,0.6335999999999999
V12-53,-40.9,-20.38,-3797,Yes,Yes,0,0.0571
V12-56,-36.5,8.1,-3222,No,No,0,0.1809
V12-56,-36.5,8.1,-3222,No,Yes,0,0.131
V12-56,-36.5,8.1,-3222,Yes,No,0,0.6382
V12-56,-36.5,8.1,-3222,Yes,Yes,0,0.29050000000000004
V12-66,-22.98,7.017,-2760,No,No,0,0.21719999999999998
V12-66,-22.98,7.017,-2760,No,Yes,0,0.0286
V12-66,-22.98,7.017,-2760,Yes,No,0,0.48
V12-66,-22.98,7.017,-2760,Yes,Yes,0,0.4113
V12-79,-1.517,-11.78,-3823,No,No,0,0.066
V12-79,-1.517,-11.78,-3823,No,Yes,0,0.002
V12-79,-1.517,-11.78,-3823,Yes,No,0,0.294
V12-79,-1.517,-11.78,-3823,Yes,Yes,0,0.9940000000000001
V14-47,-50.77,-42.15,-1690,No,No,0,0.7010000000000001
V14-47,-50.77,-42.15,-1690,No,Yes,0,0.12560000000000002
V14-47,-50.77,-42.15,-1690,Yes,No,0,0.26130000000000003
V14-47,-50.77,-42.15,-1690,Yes,Yes,0,0.0125
V14-5,0.85,-32.85,-3255,No,No,0,0.049
V14-5,0.85,-32.85,-3255,No,Yes,0,0
V14-5,0.85,-32.85,-3255,Yes,No,0,0.19200000000000003
V14-5,0.85,-32.85,-3255,Yes,Yes,0,1.2650000000000001
V14-7,-2.3,-36.13,-3830,No,No,0,0.129
V14-7,-2.3,-36.13,-3830,No,Yes,0,0
V14-7,-2.3,-36.13,-3830,Yes,No,0,0.285
V14-7,-2.3,-36.13,-3830,Yes,Yes,0,1.1300000000000001
V15-136,-52.18,-49.08,-2514,No,No,0,0.6722
V15-136,-52.18,-49.08,-2514,No,Yes,0,0.1923
V15-136,-52.18,-49.08,-2514,Yes,No,0,0.20149999999999998
V15-136,-52.18,-49.08,-2514,Yes,Yes,0,0.0018
V15-137,-50.38,-47.4,-2681,No,No,0,0.7689000000000001
V15-137,-50.38,-47.4,-2681,No,Yes,0,0.1197
V15-137,-50.38,-47.4,-2681,Yes,No,0,0.14489999999999997
V15-137,-50.38,-47.4,-2681,Yes,Yes,0,0
V15-164,-9.75,-34.4,-3588,No,No,0,0.056999999999999995
V15-164,-9.75,-34.4,-3588,No,Yes,0,0
V15-164,-9.75,-34.4,-3588,Yes,No,0,0.11899999999999998
V15-164,-9.75,-34.4,-3588,Yes,Yes,0,1.3869999999999998
V16-189,-28.83,-41.03,-3781,No,No,0,0.1841
V16-189,-28.83,-41.03,-3781,No,Yes,0,0.0031
V16-189,-28.83,-41.03,-3781,Yes,No,0,0.38660000000000005
V16-189,-28.83,-41.03,-3781,Yes,Yes,0,0.9141999999999999
V16-190,-27.95,-42.45,-2919,No,No,0,0.1099
V16-190,-27.95,-42.45,-2919,No,Yes,0,0.0346
V16-190,-27.95,-42.45,-2919,Yes,No,0,0.3071
V16-190,-27.95,-42.45,-2919,Yes,Yes,0,0.9852000000000001
V16-21,17.267,-48.42,-3975,No,No,0,0.016
V16-21,17.267,-48.42,-3975,No,Yes,0,0
V16-21,17.267,-48.42,-3975,Yes,No,0,0.13200000000000003
V16-21,17.267,-48.42,-3975,Yes,Yes,0,1.395
V16-35,-17.67,-15.1,-3891,No,No,0,0.046
V16-35,-17.67,-15.1,-3891,No,Yes,0,0.009000000000000001
V16-35,-17.67,-15.1,-3891,Yes,No,0,0.205
V16-35,-17.67,-15.1,-3891,Yes,Yes,0,1.112
V16-36,-19.37,-11.43,-3329,No,No,0,0.06
V16-36,-19.37,-11.43,-3329,No,Yes,0,0.027999999999999997
V16-36,-19.37,-11.43,-3329,Yes,No,0,0.33299999999999996
V16-36,-19.37,-11.43,-3329,Yes,Yes,0,0.921
V16-37,-21.33,-8.95,-3908,No,No,0,0.09670000000000002
V16-37,-21.33,-8.95,-3908,No,Yes,0,0.009399999999999999
V16-37,-21.33,-8.95,-3908,Yes,No,0,0.3468
V16-37,-21.33,-8.95,-3908,Yes,Yes,0,0.9388
V16-50,-33.35,16.433,-2376,No,No,0,0.11019999999999999
V16-50,-33.35,16.433,-2376,No,Yes,0,0.015300000000000001
V16-50,-33.35,16.433,-2376,Yes,No,0,1.1561
V16-50,-33.35,16.433,-2376,Yes,Yes,0,0.1959
V17-144,-40.57,-55.17,-2503,No,No,0,0.2318
V17-144,-40.57,-55.17,-2503,No,Yes,0,0.34299999999999997
V17-144,-40.57,-55.17,-2503,Yes,No,0,0.6064
V17-144,-40.57,-55.17,-2503,Yes,Yes,0,0.0048
V17-147,-33.15,-49.87,-1545,No,No,0,0.11069999999999998
V17-147,-33.15,-49.87,-1545,No,Yes,0,0.0317
V17-147,-33.15,-49.87,-1545,Yes,No,0,0.5566
V17-147,-33.15,-49.87,-1545,Yes,Yes,0,0.6625
V17-159,16.983,-20.05,-3404,No,No,0,0.24500000000000002
V17-159,16.983,-20.05,-3404,No,Yes,0,0.036000000000000004
V17-159,16.983,-20.05,-3404,Yes,No,0,1.069
V17-159,16.983,-20.05,-3404,Yes,Yes,0,0.354
V18-110,-53.58,-44.7,-2610,No,No,0,0.9659
V18-110,-53.58,-44.7,-2610,No,Yes,0,0.0128
V18-110,-53.58,-44.7,-2610,Yes,No,0,0.0298
V18-110,-53.58,-44.7,-2610,Yes,Yes,0,0
V18-117,-49.5,-52.25,-2559,No,No,0,0.6648999999999999
V18-117,-49.5,-52.25,-2559,No,Yes,0,0.1941
V18-117,-49.5,-52.25,-2559,Yes,No,0,0.18350000000000002
V18-117,-49.5,-52.25,-2559,Yes,Yes,0,0.008
V18-126,-45.67,-57.62,-3499,No,No,0,0.22220000000000004
V18-126,-45.67,-57.62,-3499,No,Yes,0,0.2553
V18-126,-45.67,-57.62,-3499,Yes,No,0,0.8078
V18-126,-45.67,-57.62,-3499,Yes,Yes,0,0.03
V18-182,-32.33,15.017,-2941,No,No,0,0.1107
V18-182,-32.33,15.017,-2941,No,Yes,0,0.1038
V18-182,-32.33,15.017,-2941,Yes,No,0,0.8171
V18-182,-32.33,15.017,-2941,Yes,Yes,0,0.2394
V18-21,4.233,-47.75,-2374,No,No,0,0.11599999999999999
V18-21,4.233,-47.75,-2374,No,Yes,0,0
V18-21,4.233,-47.75,-2374,Yes,No,0,0.205
V18-21,4.233,-47.75,-2374,Yes,Yes,0,1.296
V18-34,-31.35,-36.82,-3252,No,No,0,0.07700000000000001
V18-34,-31.35,-36.82,-3252,No,Yes,0,0.0159
V18-34,-31.35,-36.82,-3252,Yes,No,0,0.2811
V18-34,-31.35,-36.82,-3252,Yes,Yes,0,0.9098000000000002
V19-240,-30.58,13.283,-3103,No,No,0,0.0977
V19-240,-30.58,13.283,-3103,No,Yes,0,0.0385
V19-240,-30.58,13.283,-3103,Yes,No,0,0.9616
V19-240,-30.58,13.283,-3103,Yes,Yes,0,0.20730000000000004
V19-245,-26.2,4.683,-2725,No,No,0,0.1724
V19-245,-26.2,4.683,-2725,No,Yes,0,0.0062
V19-245,-26.2,4.683,-2725,Yes,No,0,0.5878
V19-245,-26.2,4.683,-2725,Yes,Yes,0,0.5077000000000002
V19-248,-24.57,4.833,-3321,No,No,0,0.1729
V19-248,-24.57,4.833,-3321,No,Yes,0,0.0108
V19-248,-24.57,4.833,-3321,Yes,No,0,0.6329
V19-248,-24.57,4.833,-3321,Yes,Yes,0,0.4364999999999999
V19-283,-1.283,5.533,-3442,No,No,0,0.078
V19-283,-1.283,5.533,-3442,No,Yes,0,0.017
V19-283,-1.283,5.533,-3442,Yes,No,0,0.48999999999999994
V19-283,-1.283,5.533,-3442,Yes,Yes,0,0.73
V20-213,-28.33,-13.15,-2175,No,No,0,0.13970000000000002
V20-213,-28.33,-13.15,-2175,No,Yes,0,0.032400000000000005
V20-213,-28.33,-13.15,-2175,Yes,No,0,0.3575
V20-213,-28.33,-13.15,-2175,Yes,Yes,0,0.7722000000000002
V20-227,-4.233,-34.63,-3812,No,No,0,0.12
V20-227,-4.233,-34.63,-3812,No,Yes,0,0
V20-227,-4.233,-34.63,-3812,Yes,No,0,0.22499999999999998
V20-227,-4.233,-34.63,-3812,Yes,Yes,0,1.201
V20-228,-2.483,-36.42,-3676,No,No,0,0.153
V20-228,-2.483,-36.42,-3676,No,Yes,0,0
V20-228,-2.483,-36.42,-3676,Yes,No,0,0.256
V20-228,-2.483,-36.42,-3676,Yes,Yes,0,1.107
V20-230,-1.95,-39.03,-3294,No,No,0,0.07
V20-230,-1.95,-39.03,-3294,No,Yes,0,0
V20-230,-1.95,-39.03,-3294,Yes,No,0,0.21
V20-230,-1.95,-39.03,-3294,Yes,Yes,0,1.2399999999999998
V20-233,2.1,-35.6,-3884,No,No,0,0.11200000000000002
V20-233,2.1,-35.6,-3884,No,Yes,0,0
V20-233,2.1,-35.6,-3884,Yes,No,0,0.201
V20-233,2.1,-35.6,-3884,Yes,Yes,0,1.2309999999999999
V20-234,5.317,-33.03,-3133,No,No,0,0.046
V20-234,5.317,-33.03,-3133,No,Yes,0,0
V20-234,5.317,-33.03,-3133,Yes,No,0,0.215
V20-234,5.317,-33.03,-3133,Yes,Yes,0,1.035
V22-106,-46.13,-10.9,-3037,No,No,0,0.7014
V22-106,-46.13,-10.9,-3037,No,Yes,0,0.132
V22-106,-46.13,-10.9,-3037,Yes,No,0,0.2146
V22-106,-46.13,-10.9,-3037,Yes,Yes,0,0.005
V22-107,-44.47,-6.633,-3898,No,No,0,0.2493
V22-107,-44.47,-6.633,-3898,No,Yes,0,0.5013000000000001
V22-107,-44.47,-6.633,-3898,Yes,No,0,0.3804
V22-107,-44.47,-6.633,-3898,Yes,Yes,0,0.0129
V22-122,-39.58,24.583,-3272,No,No,0,0.11040000000000001
V22-122,-39.58,24.583,-3272,No,Yes,0,0.2668
V22-122,-39.58,24.583,-3272,Yes,No,0,0.9717000000000001
V22-122,-39.58,24.583,-3272,Yes,Yes,0,0.0418
V22-169,-16.25,-5.733,-3499,No,No,0,0.10600000000000001
V22-169,-16.25,-5.733,-3499,No,Yes,0,0.02
V22-169,-16.25,-5.733,-3499,Yes,No,0,0.348
V22-169,-16.25,-5.733,-3499,Yes,Yes,0,0.8249999999999998
V22-175,-8.767,-14.28,-2950,No,No,0,0.063
V22-175,-8.767,-14.28,-2950,No,Yes,0,0.002
V22-175,-8.767,-14.28,-2950,Yes,No,0,0.205
V22-175,-8.767,-14.28,-2950,Yes,Yes,0,1.23
V22-177,-7.75,-14.6,-3290,No,No,0,0.087
V22-177,-7.75,-14.6,-3290,No,Yes,0,0.024
V22-177,-7.75,-14.6,-3290,Yes,No,0,0.298
V22-177,-7.75,-14.6,-3290,Yes,Yes,0,0.9700000000000002
V22-179,-4.883,-15.73,-3576,No,No,0,0.079
V22-179,-4.883,-15.73,-3576,No,Yes,0,0.004
V22-179,-4.883,-15.73,-3576,Yes,No,0,0.247
V22-179,-4.883,-15.73,-3576,Yes,Yes,0,1.139
V22-182,-0.533,-17.27,-3776,No,No,0,0.092
V22-182,-0.533,-17.27,-3776,No,Yes,0,0.002
V22-182,-0.533,-17.27,-3776,Yes,No,0,0.301
V22-182,-0.533,-17.27,-3776,Yes,Yes,0,1.0579999999999998
V22-188,4.667,-20.92,-2600,No,No,0,0.059
V22-188,4.667,-20.92,-2600,No,Yes,0,0.043
V22-188,4.667,-20.92,-2600,Yes,No,0,0.20900000000000002
V22-188,4.667,-20.92,-2600,Yes,Yes,0,1.0430000000000001
V22-204,15.017,-23.23,-1723,No,No,0,0.086
V22-204,15.017,-23.23,-1723,No,Yes,0,0.035
V22-204,15.017,-23.23,-1723,Yes,No,0,0.302
V22-204,15.017,-23.23,-1723,Yes,Yes,0,1.0499999999999998
V22-26,8.717,-41.25,-3720,No,No,0,0.015
V22-26,8.717,-41.25,-3720,No,Yes,0,0
V22-26,8.717,-41.25,-3720,Yes,No,0,0.172
V22-26,8.717,-41.25,-3720,Yes,Yes,0,1.2229999999999999
V22-38,-9.55,-34.25,-3797,No,No,0,0.052000000000000005
V22-38,-9.55,-34.25,-3797,No,Yes,0,0
V22-38,-9.55,-34.25,-3797,Yes,No,0,0.166
V22-38,-9.55,-34.25,-3797,Yes,Yes,0,1.3160000000000003
V22-71,-29.42,-33.42,-3314,No,No,0,0.10080000000000001
V22-71,-29.42,-33.42,-3314,No,Yes,0,0.027200000000000002
V22-71,-29.42,-33.42,-3314,Yes,No,0,0.19330000000000003
V22-71,-29.42,-33.42,-3314,Yes,Yes,0,1.0352999999999999
V22-92,-50.1,-42.93,-1686,No,No,0,0.7556
V22-92,-50.1,-42.93,-1686,No,Yes,0,0.12359999999999999
V22-92,-50.1,-42.93,-1686,Yes,No,0,0.19950000000000004
V22-92,-50.1,-42.93,-1686,Yes,Yes,0,0
V22-93,-50.78,-43.17,-1320,No,No,0,0.6515000000000001
V22-93,-50.78,-43.17,-1320,No,Yes,0,0.2212
V22-93,-50.78,-43.17,-1320,Yes,No,0,0.1516
V22-93,-50.78,-43.17,-1320,Yes,Yes,0,0.0060999999999999995
V22-94,-51.52,-43.5,-2164,No,No,0,0.7594
V22-94,-51.52,-43.5,-2164,No,Yes,0,0.1219
V22-94,-51.52,-43.5,-2164,Yes,No,0,0.18439999999999998
V22-94,-51.52,-43.5,-2164,Yes,Yes,0,0.0063
V24-220,-33.1,1.483,-2635,No,No,0,0.1501
V24-220,-33.1,1.483,-2635,No,Yes,0,0.0552
V24-220,-33.1,1.483,-2635,Yes,No,0,0.4769
V24-220,-33.1,1.483,-2635,Yes,Yes,0,0.5277
V24-223,-34.2,-3.483,-3303,No,No,0,0.1845
V24-223,-34.2,-3.483,-3303,No,Yes,0,0.0694
V24-223,-34.2,-3.483,-3303,Yes,No,0,0.44439999999999996
V24-223,-34.2,-3.483,-3303,Yes,Yes,0,0.4465
V24-235,-33.25,-19.55,-3722,No,No,0,0.1522
V24-235,-33.25,-19.55,-3722,No,Yes,0,0.026600000000000002
V24-235,-33.25,-19.55,-3722,Yes,No,0,0.4421
V24-235,-33.25,-19.55,-3722,Yes,Yes,0,0.6181
V24-241,-31.6,-30.28,-3944,No,No,0,0.11689999999999999
V24-241,-31.6,-30.28,-3944,No,Yes,0,0.017
V24-241,-31.6,-30.28,-3944,Yes,No,0,0.33830000000000005
V24-241,-31.6,-30.28,-3944,Yes,Yes,0,0.8708999999999999
V26-55,-11.6,-15.57,-3457,No,No,0,0.045
V26-55,-11.6,-15.57,-3457,No,Yes,0,0
V26-55,-11.6,-15.57,-3457,Yes,No,0,0.15
V26-55,-11.6,-15.57,-3457,Yes,Yes,0,1.3250000000000002
V26-63,-23.97,-37.95,-3619,No,No,0,0.1073
V26-63,-23.97,-37.95,-3619,No,Yes,0,0
V26-63,-23.97,-37.95,-3619,Yes,No,0,0.24080000000000001
V26-63,-23.97,-37.95,-3619,Yes,Yes,0,1.2408000000000001
V26-68,-30.35,-15.8,-3660,No,No,0,0.1157
V26-68,-30.35,-15.8,-3660,No,Yes,0,0.0109
V26-68,-30.35,-15.8,-3660,Yes,No,0,0.48129999999999995
V26-68,-30.35,-15.8,-3660,Yes,Yes,0,0.7236
V27-181,0.067,-25.5,-3601,No,No,0,0.073
V27-181,0.067,-25.5,-3601,No,Yes,0,0
V27-181,0.067,-25.5,-3601,Yes,No,0,0.28
V27-181,0.067,-25.5,-3601,Yes,Yes,0,1.1079999999999999
V27-184,-11.15,-35.65,-3532,No,No,0,0.061
V27-184,-11.15,-35.65,-3532,No,Yes,0,0.003
V27-184,-11.15,-35.65,-3532,Yes,No,0,0.12300000000000001
V27-184,-11.15,-35.65,-3532,Yes,Yes,0,1.44
V27-192,-36.57,-16.87,-3087,No,No,0,0.1925
V27-192,-36.57,-16.87,-3087,No,Yes,0,0.1283
V27-192,-36.57,-16.87,-3087,Yes,No,0,0.4438
V27-192,-36.57,-16.87,-3087,Yes,Yes,0,0.3155
V27-215,-29.53,2.183,-2692,No,No,0,0.1264
V27-215,-29.53,2.183,-2692,No,Yes,0,0.011000000000000001
V27-215,-29.53,2.183,-2692,Yes,No,0,0.7060000000000001
V27-215,-29.53,2.183,-2692,Yes,Yes,0,0.4561
V27-233,2.267,5.733,-3319,No,No,0,0.20600000000000002
V27-233,2.267,5.733,-3319,No,Yes,0,0.008
V27-233,2.267,5.733,-3319,Yes,No,0,0.883
V27-233,2.267,5.733,-3319,Yes,Yes,0,0.20000000000000004
V29-134,-24.22,7.417,-3804,No,No,0,0.1902
V29-134,-24.22,7.417,-3804,No,Yes,0,0.0751
V29-134,-24.22,7.417,-3804,Yes,No,0,0.5093
V29-134,-24.22,7.417,-3804,Yes,Yes,0,0.2745
V29-135,-19.7,8.883,-2675,No,No,0,0.129
V29-135,-19.7,8.883,-2675,No,Yes,0,0.205
V29-135,-19.7,8.883,-2675,Yes,No,0,0.462
V29-135,-19.7,8.883,-2675,Yes,Yes,0,0.252
V30-49,18.433,-21.08,-3093,No,No,0,0.12100000000000001
V30-49,18.433,-21.08,-3093,No,Yes,0,0.049
V30-49,18.433,-21.08,-3093,Yes,No,0,0.44300000000000006
V30-49,18.433,-21.08,-3093,Yes,Yes,0,0.5720000000000001
