Year,Group,GMOC_min,GMOC_max,AMOC_min,AMOC_max
2022.5,1p5,-35.226,37.018,-1.667,11.417
2023.5,1p5,-35.219,37.009,-1.678,11.367
2024.5,1p5,-35.212,37.002,-1.689,11.317
2025.5,1p5,-35.209,36.997,-1.699,11.27
2026.5,1p5,-35.207,36.994,-1.711,11.227
2027.5,1p5,-35.206,36.991,-1.723,11.187
2028.5,1p5,-35.206,36.991,-1.736,11.151
2029.5,1p5,-35.207,36.991,-1.748,11.119
2030.5,1p5,-35.21,36.991,-1.761,11.09
2031.5,1p5,-35.212,36.992,-1.773,11.063
2032.5,1p5,-35.216,36.993,-1.786,11.038
2033.5,1p5,-35.22,36.994,-1.799,11.014
2034.5,1p5,-35.224,36.996,-1.811,10.992
2035.5,1p5,-35.228,36.998,-1.824,10.97
2036.5,1p5,-35.231,37.0,-1.837,10.95
2037.5,1p5,-35.235,37.002,-1.849,10.932
2038.5,1p5,-35.239,37.004,-1.861,10.915
2039.5,1p5,-35.244,37.006,-1.873,10.898
2040.5,1p5,-35.248,37.007,-1.885,10.882
2041.5,1p5,-35.252,37.009,-1.897,10.867
2042.5,1p5,-35.256,37.011,-1.908,10.854
2043.5,1p5,-35.26,37.013,-1.92,10.841
2044.5,1p5,-35.264,37.015,-1.931,10.827
2045.5,1p5,-35.268,37.017,-1.943,10.814
2046.5,1p5,-35.272,37.019,-1.954,10.801
2047.5,1p5,-35.276,37.021,-1.966,10.789
2048.5,1p5,-35.279,37.023,-1.977,10.778
2049.5,1p5,-35.283,37.024,-1.988,10.768
2050.5,1p5,-35.287,37.026,-1.999,10.759
2051.5,1p5,-35.29,37.028,-2.01,10.751
2052.5,1p5,-35.293,37.029,-2.021,10.744
2053.5,1p5,-35.297,37.031,-2.031,10.737
2054.5,1p5,-35.3,37.032,-2.041,10.73
2055.5,1p5,-35.303,37.034,-2.051,10.722
2056.5,1p5,-35.307,37.035,-2.061,10.714
2057.5,1p5,-35.308,37.036,-2.07,10.707
2058.5,1p5,-35.311,37.038,-2.079,10.7
2059.5,1p5,-35.322,37.037,-2.089,10.693
2060.5,1p5,-35.322,37.035,-2.102,10.686
2061.5,1p5,-35.32,37.035,-2.114,10.678
2062.5,1p5,-35.321,37.037,-2.125,10.67
2063.5,1p5,-35.323,37.038,-2.138,10.663
2064.5,1p5,-35.326,37.039,-2.151,10.659
2065.5,1p5,-35.329,37.04,-2.164,10.655
2066.5,1p5,-35.332,37.041,-2.177,10.665
2067.5,1p5,-35.335,37.042,-2.19,10.686
2068.5,1p5,-35.337,37.044,-2.202,10.707
2069.5,1p5,-35.339,37.045,-2.214,10.724
2070.5,1p5,-35.341,37.047,-2.225,10.732
2071.5,1p5,-35.342,37.048,-2.236,10.733
2072.5,1p5,-35.344,37.05,-2.247,10.73
2073.5,1p5,-35.345,37.051,-2.257,10.726
2074.5,1p5,-35.346,37.052,-2.267,10.722
2075.5,1p5,-35.348,37.054,-2.276,10.72
2076.5,1p5,-35.349,37.055,-2.284,10.72
2077.5,1p5,-35.351,37.057,-2.291,10.72
2078.5,1p5,-35.352,37.058,-2.298,10.721
2079.5,1p5,-35.354,37.059,-2.304,10.722
2080.5,1p5,-35.355,37.06,-2.31,10.721
2081.5,1p5,-35.357,37.061,-2.315,10.71
2082.5,1p5,-35.358,37.062,-2.32,10.702
2083.5,1p5,-35.36,37.063,-2.324,10.698
2084.5,1p5,-35.361,37.065,-2.328,10.699
2085.5,1p5,-35.362,37.066,-2.332,10.704
2086.5,1p5,-35.363,37.067,-2.335,10.711
2087.5,1p5,-35.364,37.068,-2.338,10.714
2088.5,1p5,-35.365,37.069,-2.341,10.714
2089.5,1p5,-35.365,37.07,-2.344,10.715
2090.5,1p5,-35.366,37.07,-2.347,10.713
2091.5,1p5,-35.367,37.071,-2.349,10.708
2092.5,1p5,-35.368,37.072,-2.351,10.7
2093.5,1p5,-35.369,37.073,-2.353,10.693
2094.5,1p5,-35.37,37.074,-2.354,10.687
2095.5,1p5,-35.371,37.075,-2.355,10.683
2096.5,1p5,-35.372,37.075,-2.356,10.682
2097.5,1p5,-35.373,37.076,-2.357,10.683
2098.5,1p5,-35.374,37.077,-2.357,10.685
2099.5,1p5,-35.374,37.078,-2.358,10.688
2022.5,2,-35.226,37.018,-1.667,11.417
2023.5,2,-35.219,37.008,-1.678,11.367
2024.5,2,-35.211,36.999,-1.689,11.316
2025.5,2,-35.206,36.992,-1.7,11.267
2026.5,2,-35.202,36.984,-1.711,11.22
2027.5,2,-35.197,36.978,-1.724,11.175
2028.5,2,-35.192,36.972,-1.736,11.134
2029.5,2,-35.189,36.967,-1.749,11.094
2030.5,2,-35.187,36.962,-1.761,11.055
2031.5,2,-35.185,36.958,-1.774,11.018
2032.5,2,-35.184,36.953,-1.787,10.981
2033.5,2,-35.182,36.949,-1.801,10.945
2034.5,2,-35.181,36.945,-1.814,10.911
2035.5,2,-35.179,36.941,-1.827,10.878
2036.5,2,-35.178,36.937,-1.841,10.845
2037.5,2,-35.177,36.934,-1.854,10.813
2038.5,2,-35.176,36.93,-1.867,10.782
2039.5,2,-35.175,36.927,-1.881,10.753
2040.5,2,-35.175,36.923,-1.894,10.724
2041.5,2,-35.174,36.92,-1.908,10.696
2042.5,2,-35.173,36.916,-1.922,10.668
2043.5,2,-35.177,36.912,-1.939,10.641
2044.5,2,-35.177,36.907,-1.959,10.613
2045.5,2,-35.174,36.902,-1.979,10.586
2046.5,2,-35.172,36.898,-1.999,10.559
2047.5,2,-35.171,36.895,-2.02,10.532
2048.5,2,-35.17,36.892,-2.041,10.507
2049.5,2,-35.17,36.888,-2.063,10.481
2050.5,2,-35.169,36.885,-2.084,10.455
2051.5,2,-35.169,36.882,-2.105,10.429
2052.5,2,-35.169,36.879,-2.125,10.403
2053.5,2,-35.168,36.876,-2.145,10.376
2054.5,2,-35.168,36.873,-2.164,10.348
2055.5,2,-35.168,36.871,-2.183,10.324
2056.5,2,-35.168,36.868,-2.201,10.301
2057.5,2,-35.17,36.865,-2.22,10.29
2058.5,2,-35.169,36.862,-2.24,10.285
2059.5,2,-35.168,36.859,-2.259,10.273
2060.5,2,-35.167,36.857,-2.278,10.254
2061.5,2,-35.167,36.854,-2.296,10.229
2062.5,2,-35.167,36.851,-2.313,10.195
2063.5,2,-35.167,36.848,-2.33,10.158
2064.5,2,-35.166,36.845,-2.346,10.123
2065.5,2,-35.166,36.843,-2.362,10.089
2066.5,2,-35.166,36.84,-2.376,10.059
2067.5,2,-35.165,36.838,-2.39,10.031
2068.5,2,-35.165,36.835,-2.403,10.005
2069.5,2,-35.165,36.833,-2.416,9.98
2070.5,2,-35.165,36.83,-2.428,9.954
2071.5,2,-35.165,36.828,-2.441,9.928
2072.5,2,-35.164,36.825,-2.452,9.902
2073.5,2,-35.164,36.823,-2.463,9.876
2074.5,2,-35.164,36.821,-2.474,9.851
2075.5,2,-35.163,36.819,-2.486,9.817
2076.5,2,-35.162,36.817,-2.498,9.785
2077.5,2,-35.162,36.815,-2.51,9.757
2078.5,2,-35.161,36.813,-2.521,9.732
2079.5,2,-35.16,36.811,-2.532,9.706
2080.5,2,-35.16,36.809,-2.543,9.684
2081.5,2,-35.16,36.807,-2.554,9.661
2082.5,2,-35.16,36.805,-2.564,9.638
2083.5,2,-35.16,36.803,-2.574,9.612
2084.5,2,-35.16,36.801,-2.583,9.586
2085.5,2,-35.16,36.798,-2.592,9.561
2086.5,2,-35.159,36.796,-2.601,9.537
2087.5,2,-35.159,36.794,-2.61,9.513
2088.5,2,-35.159,36.791,-2.618,9.489
2089.5,2,-35.159,36.789,-2.625,9.467
2090.5,2,-35.158,36.788,-2.632,9.443
2091.5,2,-35.157,36.786,-2.638,9.419
2092.5,2,-35.156,36.784,-2.644,9.385
2093.5,2,-35.155,36.783,-2.649,9.339
2094.5,2,-35.154,36.781,-2.655,9.292
2095.5,2,-35.153,36.779,-2.659,9.259
2096.5,2,-35.152,36.777,-2.664,9.238
2097.5,2,-35.15,36.776,-2.669,9.221
2098.5,2,-35.149,36.774,-2.673,9.203
2099.5,2,-35.147,36.772,-2.677,9.183
2022.5,3,-35.226,37.018,-1.667,11.417
2023.5,3,-35.219,37.007,-1.678,11.366
2024.5,3,-35.209,36.994,-1.689,11.314
2025.5,3,-35.199,36.98,-1.7,11.26
2026.5,3,-35.188,36.964,-1.712,11.205
2027.5,3,-35.175,36.947,-1.724,11.148
2028.5,3,-35.162,36.931,-1.737,11.091
2029.5,3,-35.148,36.914,-1.75,11.032
2030.5,3,-35.135,36.898,-1.763,10.972
2031.5,3,-35.123,36.882,-1.777,10.912
2032.5,3,-35.11,36.866,-1.791,10.853
2033.5,3,-35.097,36.85,-1.805,10.805
2034.5,3,-35.084,36.834,-1.819,10.751
2035.5,3,-35.07,36.818,-1.834,10.694
2036.5,3,-35.058,36.804,-1.849,10.639
2037.5,3,-35.056,36.786,-1.868,10.582
2038.5,3,-35.042,36.767,-1.89,10.523
2039.5,3,-35.026,36.752,-1.912,10.461
2040.5,3,-35.014,36.738,-1.936,10.398
2041.5,3,-35.004,36.725,-1.962,10.333
2042.5,3,-34.995,36.711,-1.991,10.265
2043.5,3,-34.986,36.698,-2.023,10.197
2044.5,3,-34.976,36.685,-2.056,10.13
2045.5,3,-34.966,36.672,-2.09,10.056
2046.5,3,-34.958,36.66,-2.125,9.972
2047.5,3,-34.95,36.648,-2.161,9.89
2048.5,3,-34.941,36.636,-2.196,9.814
2049.5,3,-34.933,36.624,-2.231,9.745
2050.5,3,-34.925,36.613,-2.265,9.677
2051.5,3,-34.918,36.602,-2.297,9.61
2052.5,3,-34.911,36.592,-2.329,9.543
2053.5,3,-34.905,36.582,-2.36,9.479
2054.5,3,-34.9,36.571,-2.389,9.416
2055.5,3,-34.894,36.562,-2.417,9.354
2056.5,3,-34.889,36.552,-2.444,9.288
2057.5,3,-34.883,36.543,-2.47,9.228
2058.5,3,-34.878,36.534,-2.495,9.179
2059.5,3,-34.873,36.525,-2.52,9.136
2060.5,3,-34.869,36.517,-2.546,9.094
2061.5,3,-34.865,36.508,-2.571,9.046
2062.5,3,-34.861,36.499,-2.597,8.991
2063.5,3,-34.857,36.49,-2.622,8.929
2064.5,3,-34.854,36.481,-2.646,8.864
2065.5,3,-34.85,36.473,-2.669,8.799
2066.5,3,-34.845,36.465,-2.691,8.729
2067.5,3,-34.84,36.458,-2.71,8.663
2068.5,3,-34.836,36.452,-2.729,8.595
2069.5,3,-34.832,36.445,-2.746,8.529
2070.5,3,-34.829,36.439,-2.764,8.465
2071.5,3,-34.824,36.432,-2.781,8.401
2072.5,3,-34.82,36.426,-2.799,8.336
2073.5,3,-34.815,36.419,-2.817,8.265
2074.5,3,-34.811,36.413,-2.836,8.195
2075.5,3,-34.807,36.406,-2.856,8.126
2076.5,3,-34.803,36.4,-2.877,8.058
2077.5,3,-34.799,36.394,-2.897,7.983
2078.5,3,-34.795,36.388,-2.916,7.901
2079.5,3,-34.792,36.382,-2.934,7.819
2080.5,3,-34.788,36.376,-2.952,7.736
2081.5,3,-34.785,36.371,-2.97,7.654
2082.5,3,-34.782,36.365,-2.986,7.575
2083.5,3,-34.779,36.36,-3.001,7.499
2084.5,3,-34.777,36.354,-3.016,7.42
2085.5,3,-34.775,36.349,-3.031,7.338
2086.5,3,-34.773,36.343,-3.046,7.254
2087.5,3,-34.771,36.338,-3.06,7.161
2088.5,3,-34.769,36.332,-3.074,7.076
2089.5,3,-34.767,36.327,-3.087,6.995
2090.5,3,-34.765,36.321,-3.098,6.917
2091.5,3,-34.764,36.316,-3.108,6.84
2092.5,3,-34.763,36.311,-3.116,6.764
2093.5,3,-34.761,36.307,-3.123,6.689
2094.5,3,-34.76,36.302,-3.129,6.615
2095.5,3,-34.759,36.298,-3.133,6.542
2096.5,3,-34.758,36.293,-3.137,6.469
2097.5,3,-34.757,36.289,-3.14,6.393
2098.5,3,-34.756,36.285,-3.143,6.316
2099.5,3,-34.754,36.281,-3.145,6.239
2022.5,4,-35.226,37.018,-1.667,11.417
2023.5,4,-35.218,37.005,-1.678,11.366
2024.5,4,-35.206,36.987,-1.689,11.311
2025.5,4,-35.19,36.964,-1.7,11.251
2026.5,4,-35.171,36.937,-1.713,11.185
2027.5,4,-35.148,36.908,-1.726,11.113
2028.5,4,-35.123,36.879,-1.739,11.035
2029.5,4,-35.097,36.849,-1.752,10.954
2030.5,4,-35.071,36.818,-1.766,10.882
2031.5,4,-35.047,36.788,-1.78,10.798
2032.5,4,-35.028,36.756,-1.798,10.71
2033.5,4,-35.003,36.723,-1.819,10.621
2034.5,4,-34.975,36.693,-1.838,10.527
2035.5,4,-34.948,36.664,-1.857,10.428
2036.5,4,-34.922,36.636,-1.875,10.33
2037.5,4,-34.903,36.609,-1.894,10.231
2038.5,4,-34.88,36.58,-1.92,10.132
2039.5,4,-34.855,36.553,-1.952,10.014
2040.5,4,-34.832,36.528,-1.992,9.894
2041.5,4,-34.81,36.503,-2.035,9.787
2042.5,4,-34.789,36.479,-2.082,9.683
2043.5,4,-34.769,36.456,-2.129,9.579
2044.5,4,-34.751,36.435,-2.177,9.475
2045.5,4,-34.733,36.414,-2.223,9.38
2046.5,4,-34.718,36.393,-2.269,9.29
2047.5,4,-34.704,36.374,-2.313,9.199
2048.5,4,-34.69,36.355,-2.357,9.11
2049.5,4,-34.677,36.337,-2.401,9.028
2050.5,4,-34.665,36.318,-2.443,8.946
2051.5,4,-34.654,36.301,-2.486,8.856
2052.5,4,-34.644,36.283,-2.527,8.763
2053.5,4,-34.634,36.266,-2.568,8.664
2054.5,4,-34.623,36.249,-2.606,8.564
2055.5,4,-34.612,36.234,-2.643,8.46
2056.5,4,-34.602,36.22,-2.677,8.351
2057.5,4,-34.592,36.206,-2.708,8.226
2058.5,4,-34.583,36.193,-2.738,8.102
2059.5,4,-34.574,36.179,-2.766,7.984
2060.5,4,-34.565,36.167,-2.795,7.866
2061.5,4,-34.555,36.154,-2.824,7.744
2062.5,4,-34.547,36.142,-2.855,7.621
2063.5,4,-34.539,36.13,-2.887,7.498
2064.5,4,-34.532,36.118,-2.921,7.369
2065.5,4,-34.525,36.106,-2.957,7.237
2066.5,4,-34.518,36.094,-2.998,7.093
2067.5,4,-34.512,36.082,-3.039,6.946
2068.5,4,-34.507,36.071,-3.077,6.817
2069.5,4,-34.501,36.06,-3.113,6.71
2070.5,4,-34.496,36.049,-3.146,6.659
2071.5,4,-34.491,36.038,-3.177,6.627
2072.5,4,-34.486,36.029,-3.203,6.599
2073.5,4,-34.481,36.02,-3.225,6.575
2074.5,4,-34.476,36.012,-3.243,6.546
2075.5,4,-34.471,36.003,-3.261,6.51
2076.5,4,-34.466,35.995,-3.279,6.473
2077.5,4,-34.461,35.986,-3.298,6.434
2078.5,4,-34.455,35.978,-3.316,6.394
2079.5,4,-34.448,35.969,-3.334,6.353
2080.5,4,-34.443,35.961,-3.351,6.313
2081.5,4,-34.439,35.952,-3.368,6.274
2082.5,4,-34.436,35.944,-3.384,6.235
2083.5,4,-34.432,35.936,-3.399,6.197
2084.5,4,-34.426,35.928,-3.412,6.156
2085.5,4,-34.422,35.921,-3.425,6.113
2086.5,4,-34.42,35.913,-3.436,6.069
2087.5,4,-34.417,35.906,-3.446,6.025
2088.5,4,-34.417,35.899,-3.455,5.979
2089.5,4,-34.417,35.892,-3.463,5.932
2090.5,4,-34.417,35.885,-3.47,5.888
2091.5,4,-34.417,35.879,-3.475,5.85
2092.5,4,-34.416,35.873,-3.477,5.816
2093.5,4,-34.417,35.868,-3.477,5.777
2094.5,4,-34.418,35.863,-3.477,5.728
2095.5,4,-34.421,35.858,-3.477,5.673
2096.5,4,-34.422,35.852,-3.478,5.618
2097.5,4,-34.424,35.846,-3.48,5.563
2098.5,4,-34.427,35.839,-3.482,5.508
2099.5,4,-34.429,35.833,-3.483,5.454
1765.5,PI,-35.593,37.56,-0.766,14.829
1766.5,PI,-35.593,37.56,-0.766,14.829
1767.5,PI,-35.593,37.56,-0.766,14.829
1768.5,PI,-35.593,37.56,-0.766,14.829
1769.5,PI,-35.593,37.56,-0.766,14.829
1770.5,PI,-35.593,37.56,-0.766,14.829
1771.5,PI,-35.593,37.559,-0.766,14.828
1772.5,PI,-35.592,37.559,-0.766,14.828
1773.5,PI,-35.592,37.559,-0.766,14.828
1774.5,PI,-35.591,37.558,-0.766,14.827
1775.5,PI,-35.591,37.558,-0.766,14.826
1776.5,PI,-35.591,37.557,-0.766,14.825
1777.5,PI,-35.59,37.557,-0.766,14.824
1778.5,PI,-35.589,37.556,-0.766,14.823
1779.5,PI,-35.589,37.556,-0.766,14.821
1780.5,PI,-35.588,37.555,-0.766,14.82
1781.5,PI,-35.587,37.555,-0.766,14.818
1782.5,PI,-35.587,37.554,-0.766,14.816
1783.5,PI,-35.586,37.554,-0.766,14.814
1784.5,PI,-35.586,37.553,-0.766,14.812
1785.5,PI,-35.585,37.553,-0.766,14.81
1786.5,PI,-35.585,37.552,-0.766,14.808
1787.5,PI,-35.585,37.551,-0.766,14.807
1788.5,PI,-35.584,37.551,-0.766,14.805
1789.5,PI,-35.584,37.55,-0.766,14.803
1790.5,PI,-35.583,37.55,-0.766,14.801
1791.5,PI,-35.582,37.549,-0.766,14.799
1792.5,PI,-35.582,37.548,-0.766,14.796
1793.5,PI,-35.582,37.548,-0.766,14.794
1794.5,PI,-35.581,37.547,-0.767,14.791
1795.5,PI,-35.58,37.547,-0.767,14.789
1796.5,PI,-35.58,37.546,-0.767,14.786
1797.5,PI,-35.58,37.546,-0.767,14.784
1798.5,PI,-35.58,37.545,-0.767,14.781
1799.5,PI,-35.579,37.545,-0.768,14.779
1800.5,PI,-35.579,37.544,-0.768,14.776
1801.5,PI,-35.578,37.544,-0.768,14.774
1802.5,PI,-35.578,37.544,-0.768,14.771
1803.5,PI,-35.578,37.543,-0.769,14.768
1804.5,PI,-35.578,37.543,-0.769,14.766
1805.5,PI,-35.577,37.542,-0.769,14.763
1806.5,PI,-35.577,37.542,-0.77,14.761
1807.5,PI,-35.577,37.541,-0.77,14.758
1808.5,PI,-35.576,37.541,-0.771,14.756
1809.5,PI,-35.576,37.541,-0.771,14.753
1810.5,PI,-35.576,37.54,-0.772,14.75
1811.5,PI,-35.575,37.54,-0.772,14.748
1812.5,PI,-35.575,37.539,-0.773,14.745
1813.5,PI,-35.575,37.539,-0.773,14.742
1814.5,PI,-35.575,37.539,-0.774,14.739
1815.5,PI,-35.575,37.538,-0.774,14.737
1816.5,PI,-35.574,37.538,-0.775,14.734
1817.5,PI,-35.574,37.538,-0.776,14.731
1818.5,PI,-35.574,37.537,-0.776,14.728
1819.5,PI,-35.574,37.537,-0.777,14.726
1820.5,PI,-35.574,37.537,-0.778,14.723
1821.5,PI,-35.574,37.536,-0.779,14.721
1822.5,PI,-35.574,37.536,-0.779,14.718
1823.5,PI,-35.574,37.535,-0.78,14.715
1824.5,PI,-35.574,37.535,-0.781,14.713
1825.5,PI,-35.574,37.535,-0.782,14.71
1826.5,PI,-35.574,37.534,-0.783,14.707
1827.5,PI,-35.574,37.534,-0.784,14.705
1828.5,PI,-35.574,37.534,-0.785,14.703
1829.5,PI,-35.575,37.534,-0.786,14.7
1830.5,PI,-35.575,37.534,-0.787,14.698
1831.5,PI,-35.575,37.534,-0.788,14.696
1832.5,PI,-35.575,37.533,-0.789,14.694
1833.5,PI,-35.574,37.533,-0.79,14.692
1834.5,PI,-35.574,37.533,-0.791,14.69
1835.5,PI,-35.574,37.533,-0.792,14.688
1836.5,PI,-35.574,37.533,-0.794,14.686
1837.5,PI,-35.574,37.533,-0.795,14.684
1838.5,PI,-35.574,37.532,-0.796,14.682
1839.5,PI,-35.574,37.532,-0.797,14.681
1840.5,PI,-35.574,37.532,-0.798,14.679
1841.5,PI,-35.574,37.532,-0.8,14.677
1842.5,PI,-35.574,37.532,-0.801,14.675
1843.5,PI,-35.574,37.531,-0.802,14.673
1844.5,PI,-35.574,37.531,-0.803,14.671
1845.5,PI,-35.574,37.531,-0.805,14.669
1846.5,PI,-35.574,37.531,-0.806,14.666
1847.5,PI,-35.574,37.53,-0.807,14.664
1848.5,PI,-35.574,37.53,-0.809,14.662
1849.5,PI,-35.573,37.529,-0.81,14.66
1850.5,PI,-35.573,37.529,-0.811,14.658
1851.5,PI,-35.573,37.528,-0.813,14.655
1852.5,PI,-35.573,37.528,-0.814,14.652
1853.5,PI,-35.572,37.527,-0.815,14.65
1854.5,PI,-35.572,37.526,-0.817,14.648
1855.5,PI,-35.572,37.526,-0.818,14.644
1856.5,PI,-35.571,37.525,-0.82,14.642
1857.5,PI,-35.571,37.525,-0.821,14.637
1858.5,PI,-35.571,37.524,-0.823,14.635
1859.5,PI,-35.57,37.523,-0.824,14.631
1860.5,PI,-35.57,37.522,-0.826,14.628
1861.5,PI,-35.569,37.522,-0.827,14.625
1862.5,PI,-35.569,37.521,-0.829,14.62
1863.5,PI,-35.568,37.52,-0.83,14.617
1864.5,PI,-35.567,37.519,-0.832,14.614
1865.5,PI,-35.567,37.518,-0.834,14.609
1866.5,PI,-35.566,37.517,-0.835,14.605
1867.5,PI,-35.565,37.516,-0.837,14.601
1868.5,PI,-35.565,37.515,-0.838,14.597
1869.5,PI,-35.564,37.515,-0.84,14.592
1870.5,PI,-35.563,37.514,-0.842,14.587
1871.5,PI,-35.563,37.513,-0.843,14.585
1872.5,PI,-35.562,37.513,-0.845,14.578
1873.5,PI,-35.561,37.512,-0.847,14.576
1874.5,PI,-35.561,37.511,-0.848,14.57
1875.5,PI,-35.56,37.51,-0.85,14.565
1876.5,PI,-35.559,37.509,-0.852,14.561
1877.5,PI,-35.559,37.508,-0.854,14.556
1878.5,PI,-35.558,37.507,-0.856,14.551
1879.5,PI,-35.557,37.506,-0.857,14.546
1880.5,PI,-35.556,37.505,-0.859,14.541
1881.5,PI,-35.555,37.504,-0.861,14.535
1882.5,PI,-35.554,37.503,-0.863,14.53
1883.5,PI,-35.553,37.502,-0.865,14.524
1884.5,PI,-35.552,37.5,-0.867,14.518
1885.5,PI,-35.551,37.499,-0.869,14.512
1886.5,PI,-35.55,37.498,-0.871,14.505
1887.5,PI,-35.549,37.497,-0.873,14.499
1888.5,PI,-35.548,37.495,-0.875,14.492
1889.5,PI,-35.547,37.494,-0.877,14.485
1890.5,PI,-35.546,37.492,-0.88,14.478
1891.5,PI,-35.544,37.49,-0.882,14.471
1892.5,PI,-35.543,37.489,-0.884,14.466
1893.5,PI,-35.542,37.487,-0.886,14.455
1894.5,PI,-35.541,37.485,-0.889,14.448
1895.5,PI,-35.54,37.484,-0.891,14.441
1896.5,PI,-35.539,37.482,-0.894,14.432
1897.5,PI,-35.537,37.48,-0.896,14.423
1898.5,PI,-35.536,37.479,-0.899,14.414
1899.5,PI,-35.535,37.478,-0.901,14.406
1900.5,PI,-35.534,37.476,-0.904,14.397
1901.5,PI,-35.533,37.474,-0.907,14.389
1902.5,PI,-35.532,37.473,-0.91,14.379
1903.5,PI,-35.531,37.471,-0.913,14.37
1904.5,PI,-35.53,37.47,-0.915,14.36
1905.5,PI,-35.529,37.468,-0.918,14.351
1906.5,PI,-35.528,37.467,-0.921,14.341
1907.5,PI,-35.527,37.465,-0.925,14.332
1908.5,PI,-35.526,37.463,-0.928,14.323
1909.5,PI,-35.525,37.461,-0.931,14.31
1910.5,PI,-35.524,37.459,-0.934,14.294
1911.5,PI,-35.522,37.457,-0.937,14.283
1912.5,PI,-35.52,37.455,-0.941,14.272
1913.5,PI,-35.518,37.453,-0.944,14.26
1914.5,PI,-35.517,37.451,-0.947,14.247
1915.5,PI,-35.515,37.449,-0.95,14.237
1916.5,PI,-35.513,37.446,-0.953,14.224
1917.5,PI,-35.511,37.444,-0.957,14.212
1918.5,PI,-35.509,37.441,-0.961,14.199
1919.5,PI,-35.507,37.439,-0.965,14.186
1920.5,PI,-35.506,37.436,-0.969,14.173
1921.5,PI,-35.504,37.434,-0.973,14.16
1922.5,PI,-35.503,37.432,-0.977,14.147
1923.5,PI,-35.502,37.431,-0.981,14.136
1924.5,PI,-35.501,37.429,-0.986,14.121
1925.5,PI,-35.5,37.428,-0.99,14.112
1926.5,PI,-35.499,37.426,-0.995,14.097
1927.5,PI,-35.498,37.425,-0.999,14.087
1928.5,PI,-35.498,37.425,-1.004,14.078
1929.5,PI,-35.498,37.424,-1.009,14.06
1930.5,PI,-35.498,37.424,-1.014,14.039
1931.5,PI,-35.498,37.423,-1.019,14.021
1932.5,PI,-35.499,37.423,-1.023,14.008
1933.5,PI,-35.499,37.423,-1.028,14.007
1934.5,PI,-35.499,37.423,-1.033,13.992
1935.5,PI,-35.499,37.422,-1.038,13.984
1936.5,PI,-35.499,37.422,-1.044,13.981
1937.5,PI,-35.498,37.422,-1.048,13.975
1938.5,PI,-35.497,37.42,-1.053,13.963
1939.5,PI,-35.495,37.419,-1.058,13.955
1940.5,PI,-35.493,37.418,-1.064,13.928
1941.5,PI,-35.492,37.417,-1.069,13.896
1942.5,PI,-35.49,37.415,-1.074,13.867
1943.5,PI,-35.489,37.414,-1.079,13.837
1944.5,PI,-35.488,37.413,-1.085,13.806
1945.5,PI,-35.488,37.412,-1.09,13.784
1946.5,PI,-35.488,37.411,-1.096,13.779
1947.5,PI,-35.488,37.411,-1.101,13.772
1948.5,PI,-35.489,37.411,-1.107,13.755
1949.5,PI,-35.49,37.411,-1.113,13.731
1950.5,PI,-35.491,37.411,-1.118,13.705
1951.5,PI,-35.491,37.41,-1.124,13.685
1952.5,PI,-35.492,37.41,-1.13,13.667
1953.5,PI,-35.493,37.409,-1.136,13.643
1954.5,PI,-35.493,37.408,-1.141,13.619
1955.5,PI,-35.494,37.407,-1.147,13.595
1956.5,PI,-35.494,37.406,-1.153,13.572
1957.5,PI,-35.494,37.405,-1.159,13.553
1958.5,PI,-35.494,37.403,-1.165,13.536
1959.5,PI,-35.494,37.402,-1.171,13.52
1960.5,PI,-35.494,37.4,-1.177,13.503
1961.5,PI,-35.494,37.398,-1.183,13.484
1962.5,PI,-35.493,37.396,-1.189,13.467
1963.5,PI,-35.492,37.393,-1.195,13.45
1964.5,PI,-35.49,37.391,-1.201,13.432
1965.5,PI,-35.488,37.388,-1.207,13.412
1966.5,PI,-35.487,37.385,-1.213,13.393
1967.5,PI,-35.485,37.382,-1.219,13.374
1968.5,PI,-35.482,37.379,-1.225,13.352
1969.5,PI,-35.48,37.376,-1.232,13.33
1970.5,PI,-35.478,37.372,-1.238,13.308
1971.5,PI,-35.475,37.367,-1.244,13.283
1972.5,PI,-35.472,37.362,-1.251,13.256
1973.5,PI,-35.468,37.356,-1.257,13.229
1974.5,PI,-35.463,37.349,-1.263,13.203
1975.5,PI,-35.458,37.342,-1.27,13.177
1976.5,PI,-35.453,37.338,-1.276,13.15
1977.5,PI,-35.45,37.333,-1.283,13.124
1978.5,PI,-35.446,37.328,-1.289,13.098
1979.5,PI,-35.441,37.322,-1.296,13.071
1980.5,PI,-35.436,37.315,-1.303,13.044
1981.5,PI,-35.431,37.308,-1.31,13.014
1982.5,PI,-35.425,37.302,-1.317,12.983
1983.5,PI,-35.42,37.295,-1.324,12.951
1984.5,PI,-35.415,37.289,-1.331,12.919
1985.5,PI,-35.411,37.282,-1.338,12.885
1986.5,PI,-35.406,37.276,-1.346,12.854
1987.5,PI,-35.401,37.269,-1.353,12.819
1988.5,PI,-35.397,37.262,-1.361,12.775
1989.5,PI,-35.392,37.254,-1.369,12.753
1990.5,PI,-35.386,37.246,-1.377,12.73
1991.5,PI,-35.38,37.239,-1.385,12.709
1992.5,PI,-35.375,37.233,-1.393,12.69
1993.5,PI,-35.37,37.228,-1.401,12.654
1994.5,PI,-35.367,37.224,-1.408,12.606
1995.5,PI,-35.363,37.22,-1.416,12.555
1996.5,PI,-35.36,37.215,-1.424,12.506
1997.5,PI,-35.355,37.21,-1.432,12.457
1998.5,PI,-35.351,37.204,-1.44,12.409
1999.5,PI,-35.346,37.197,-1.448,12.364
2000.5,PI,-35.34,37.19,-1.456,12.32
2001.5,PI,-35.335,37.184,-1.465,12.277
2002.5,PI,-35.33,37.177,-1.473,12.235
2003.5,PI,-35.325,37.17,-1.482,12.194
2004.5,PI,-35.32,37.163,-1.49,12.153
2005.5,PI,-35.314,37.156,-1.499,12.112
2006.5,PI,-35.309,37.149,-1.507,12.071
2007.5,PI,-35.304,37.142,-1.516,12.03
2008.5,PI,-35.299,37.135,-1.525,11.988
2009.5,PI,-35.296,37.128,-1.535,11.947
2010.5,PI,-35.292,37.121,-1.544,11.906
2011.5,PI,-35.287,37.114,-1.554,11.865
2012.5,PI,-35.283,37.107,-1.563,11.825
2013.5,PI,-35.278,37.099,-1.573,11.786
2014.5,PI,-35.273,37.091,-1.583,11.747
2015.5,PI,-35.269,37.084,-1.593,11.707
2016.5,PI,-35.265,37.076,-1.604,11.667
2017.5,PI,-35.259,37.067,-1.614,11.627
2018.5,PI,-35.252,37.058,-1.624,11.588
2019.5,PI,-35.246,37.049,-1.635,11.554
2020.5,PI,-35.239,37.039,-1.645,11.512
2021.5,PI,-35.233,37.029,-1.656,11.466
