,dbn,dbs,dsn,dss,dsst,dsal,dpo4,dchl,dfe
40,5.492756e-10,3.1596257e-11,2.1590653e-10,4.2916226e-12,0.3325578,0.56211853,8.233054e-07,0.43646443,-1.7563223e-10
51,2.3481425e-10,1.16825325e-11,7.807292e-11,4.7494316e-13,0.22814703,0.22810364,5.5041323e-07,0.511365,-2.2003427e-10
53,1.1310265e-09,5.3558696e-11,3.7754827e-10,1.153817e-11,0.5028095,0.4596138,4.78364e-07,0.482012,-2.633313e-10
54,8.755068e-10,4.3351347e-11,3.0229455e-10,8.939294e-12,0.47321367,0.6876068,4.8326046e-07,0.6254502,-2.8841024e-10
72,0.14698227,1.3079765e-09,0.04719107,4.7045e-11,2.0024128,0.73885345,1.088597e-06,-0.15099451,-1.4943602e-12
73,0.10097831,2.0742361e-09,0.003205368,3.766152e-11,1.3832453,0.35947418,7.738187e-07,0.076345354,-8.926593e-11
74,0.14003135,1.4048773e-09,0.048045855,3.9663814e-11,2.535458,0.4056778,9.1670887e-07,-0.16097173,-2.859607e-11
75,0.12596478,1.708693e-09,0.03876621,3.3562018e-11,2.8104086,0.39728546,9.714513e-07,-0.18878037,-1.2082668e-11
76,0.11809828,1.5692527e-09,0.034762997,2.9557946e-11,3.1768875,0.31786346,8.901204e-07,-0.18129843,-3.637768e-11
77,0.10491113,1.0690822e-09,0.025528772,2.54307e-11,3.6251628,0.28027725,8.4607825e-07,-0.0964596,-4.8181237e-11
78,0.09492076,1.8634165e-09,0.014012444,3.025319e-11,3.3565967,0.2621193,8.643841e-07,-0.12013924,-5.1285365e-11
79,0.09197518,1.4591164e-09,0.009401467,2.9920434e-11,3.1902795,0.23989105,8.741758e-07,-0.14053646,-5.389239e-11
80,0.11721613,1.2496946e-09,0.030283306,2.9085253e-11,2.7481549,0.23022842,9.018472e-07,-0.14627224,-5.7465754e-11
81,0.123325676,1.3937553e-09,0.034393683,3.2383603e-11,2.5882483,0.23229218,8.47016e-07,-0.20038253,-8.228923e-11
82,0.11837756,2.3690898e-09,0.03023548,3.3070123e-11,2.4126506,0.19319153,7.6696693e-07,-0.13759494,-1.0863871e-10
83,0.11736293,2.2766977e-09,0.028774368,4.0024133e-11,2.3941479,0.15394211,6.78757e-07,-0.11443508,-1.3072027e-10
84,0.11508247,2.1762119e-09,0.026094047,3.5614615e-11,2.3533442,0.10889053,6.1611564e-07,-0.091098666,-1.3869544e-10
85,0.11523662,2.253816e-09,0.02619445,3.9606603e-11,2.3555949,0.06710434,5.56047e-07,-0.19640714,-1.433611e-10
86,0.11341979,2.4470395e-09,0.025918057,3.9839305e-11,2.6021903,0.06914902,5.4793327e-07,-0.20374683,-1.3612661e-10
87,0.1050899,2.3531257e-09,0.02084343,3.8774883e-11,3.0619988,0.10033417,5.736272e-07,-0.17938039,-1.1928852e-10
88,0.09690157,2.4359423e-09,0.017034376,3.8165093e-11,3.6787608,0.1643982,5.8446415e-07,0.008226454,-1.06910314e-10
89,0.086826675,1.9716517e-09,0.011143936,3.2483616e-11,4.321157,0.24072266,5.472072e-07,-0.17388046,-1.1068596e-10
90,0.06794107,2.067001e-09,2.204409e-08,3.6638952e-11,4.388352,0.29492188,4.6672835e-07,-0.066536635,-1.4065632e-10
91,0.09600172,2.8402698e-09,0.0146649415,4.181371e-11,3.3883023,0.25302124,5.848867e-07,-0.056416154,-1.3129997e-10
92,0.1067825,2.0318576e-09,0.021406958,4.674571e-11,3.0861704,0.4662285,5.036937e-07,0.020138234,-2.5535296e-10
93,0.092058025,1.936314e-09,0.00013072096,4.3985298e-11,2.119109,0.505291,5.3690104e-07,0.14049149,-2.8962377e-10
94,1.02879145e-08,7.166903e-10,1.027578e-09,2.3373628e-11,1.1691048,0.4664383,2.9237913e-07,0.17190677,-4.2626536e-10
95,2.1883424e-09,2.2497976e-10,4.4436138e-10,1.5359406e-11,0.7723768,0.38051224,8.572067e-08,0.34983426,-5.138495e-10
96,1.3723604e-09,1.5771434e-10,3.1717218e-10,1.2664356e-11,0.6229826,0.30587387,2.3359462e-08,0.36718875,-5.0412924e-10
97,1.6502182e-09,1.5806424e-10,4.0149994e-10,1.7119329e-11,0.54664195,0.2669983,4.6171635e-09,0.32706568,-4.6002574e-10
98,2.3364015e-09,2.0282095e-10,5.0832943e-10,1.9546443e-11,0.6099328,0.27841568,2.651825e-08,0.20093974,-4.1274784e-10
99,1.8170824e-09,2.2759004e-10,3.6706937e-10,1.2853938e-11,0.7942176,0.34942245,3.1971922e-08,0.12702444,-3.898566e-10
100,2.967395e-09,3.277662e-10,5.0434623e-10,1.5333543e-11,0.9076023,0.3513031,6.846233e-08,0.03986594,-3.4104997e-10
101,4.705428e-09,3.3468583e-10,8.058759e-10,2.3235342e-11,0.78949517,0.40805817,9.088535e-08,0.22379628,-3.3298847e-10
102,3.1974878e-09,2.2290947e-10,6.164038e-10,2.165704e-11,0.6592065,0.51413345,2.4778126e-07,0.18772104,-2.9901714e-10
103,6.365425e-09,5.225078e-10,8.263936e-10,1.9475062e-11,0.97839963,0.98475266,4.94269e-07,0.049601644,-2.620532e-10
104,0.0012504403,1.0888886e-09,1.5987527e-09,2.4210777e-11,1.410701,0.8997307,6.9742583e-07,0.16739082,-1.762509e-10
105,0.044994093,1.3364934e-09,2.908026e-09,3.7200836e-11,1.2668408,0.94293976,8.036936e-07,0.040033907,-1.3715373e-10
106,0.029168893,1.302573e-09,2.6112856e-09,2.9038404e-11,1.5796878,1.1439438,1.1122393e-06,0.020338446,-4.3122617e-11
107,0.17417286,1.0078312e-09,0.06546861,5.460765e-11,1.8030286,0.8993416,1.1224117e-06,-0.011039138,-1.0709322e-11
108,0.049159385,0.046537768,0.10044126,5.1298403e-11,6.2868996,0.030658722,-4.7618983e-08,-0.028040588,-2.793747e-10
109,-0.025461957,0.042354994,0.026199736,3.5185625e-11,6.1361523,-0.07183838,-2.6836494e-07,-0.011476904,-3.4486608e-10
110,-0.034489676,0.031535428,0.015020579,3.3629894e-11,6.323044,-0.06750107,-2.5639565e-07,-0.01479432,-3.4049288e-10
111,-0.027079001,0.04070339,0.018303826,3.836673e-11,6.2660904,-0.07249069,-2.5375755e-07,-0.01638946,-3.4668476e-10
112,-0.030191809,0.038185995,0.013722226,3.972623e-11,6.289814,-0.06607056,-2.4410713e-07,-0.0075442493,-3.4841602e-10
113,-0.03674072,0.02508118,0.005982265,3.6941946e-11,6.2641263,-0.048316956,-1.8219811e-07,-0.0047283173,-3.326654e-10
114,-0.030515805,0.011303337,0.0060166344,3.1254384e-11,5.5819407,-0.048721313,1.2810801e-09,0.00015464425,-2.884102e-10
115,-0.021295458,0.024173692,0.012607835,3.4305007e-11,5.596814,-0.03691101,9.206599e-08,-0.04266286,-2.6181166e-10
116,-0.014260769,0.04422719,0.020417713,3.6827003e-11,5.670829,-0.015850067,1.4411484e-07,-0.00867945,-2.4849234e-10
117,-0.029153302,0.053949222,0.015432,3.7540727e-11,6.2035894,0.02017212,1.1500674e-07,-0.006861955,-2.5555014e-10
118,-0.023054957,0.05617201,0.027956277,4.3448568e-11,6.735858,0.028305054,4.415108e-08,0.0021778047,-2.7266114e-10
119,-0.033838615,0.053439666,0.02269689,4.24629e-11,7.2111516,0.040489197,-2.9927605e-08,-0.00653103,-2.8678643e-10
120,-0.031105846,0.05012822,0.02353029,4.230688e-11,7.1690965,0.012397766,-1.4426092e-07,-0.026227683,-3.12e-10
121,-0.032807052,0.048033774,0.02187965,4.009777e-11,7.1345863,-0.007282257,-1.7812255e-07,-0.020193666,-3.1578337e-10
122,-0.023808867,0.044628043,0.02539578,4.111046e-11,7.0653186,-0.020141602,-1.9327769e-07,-0.042229116,-3.1339634e-10
123,-0.013036683,0.037734106,0.032322094,4.2699927e-11,7.0554442,-0.026245117,-2.2056525e-07,-0.038048446,-3.141606e-10
124,-0.00036081672,0.0274991,0.04069951,4.256506e-11,7.0847297,-0.020046234,-1.7622284e-07,-0.054003507,-2.9136646e-10
125,0.007209994,0.008622044,0.044752546,3.7037585e-11,6.9364104,-0.0025138855,-1.0552162e-07,-0.08583039,-2.6600944e-10
126,-0.03808274,-2.5271165e-09,0.0043623745,1.2587431e-11,6.935305,0.06455994,-2.3879977e-08,-0.07727489,-2.2966234e-10
127,-0.03626535,-4.2328985e-10,0.010037832,1.9301841e-11,6.5903025,0.10079956,6.7966596e-08,-0.116318226,-2.262012e-10
128,0.070175,0.017101834,0.08859004,4.6340095e-11,7.398414,0.32351303,2.2312713e-07,-0.17550215,-2.434849e-10
129,0.15381978,0.04906906,0.09554778,6.504189e-11,6.417198,0.42177582,3.1957074e-07,-0.28109124,-2.9151773e-10
130,0.15738347,0.056705948,0.094979815,6.324492e-11,5.671874,0.36096573,3.1529106e-07,-0.15126178,-3.2973133e-10
131,0.15753496,0.057424214,0.09230254,5.7985346e-11,5.162264,0.2721634,2.0967622e-07,-0.15668541,-3.780279e-10
132,0.15890522,0.05597811,0.091532886,6.081344e-11,4.8335924,0.19607544,1.4860649e-07,-0.12455231,-3.8233267e-10
133,0.1607112,0.05515171,0.091333784,5.3789806e-11,4.568492,0.13254166,1.176727e-07,-0.2843769,-3.6822523e-10
134,0.15910897,0.0438556,0.090083815,5.7912605e-11,4.74623,0.120838165,1.3917548e-07,-0.29898524,-3.293847e-10
135,0.15554084,0.029069552,0.08837144,5.6728202e-11,5.1189003,0.13723373,1.0673341e-07,-0.08477798,-3.0917868e-10
136,0.1559639,0.027527297,0.089781456,5.8018246e-11,5.335804,0.14282608,7.7147774e-08,-0.17435342,-2.936598e-10
137,0.13035586,0.036400277,0.09239199,4.8052957e-11,5.2052565,0.09692383,6.624691e-08,-0.07872355,-2.8711197e-10
138,0.13930832,0.04988304,0.094632745,5.524362e-11,4.7697387,-0.01159668,-6.881919e-09,-0.11355102,-3.015916e-10
139,0.12768823,0.046807226,0.09412277,5.5569167e-11,5.0307484,0.00075531006,-1.0394797e-07,-0.121545136,-3.1523187e-10
140,0.12959361,0.04243624,0.09550323,5.594668e-11,5.327117,0.032981873,-2.8464342e-08,-0.12800965,-2.8532152e-10
141,0.101107076,0.050841335,0.09944932,4.735383e-11,5.344879,0.14767456,1.2929331e-07,-0.20724961,-2.4697988e-10
142,0.105667345,0.04473435,0.099341996,5.4141167e-11,5.7163644,0.15135193,1.5482976e-07,-0.11761716,-2.3564606e-10
143,0.04933933,0.045985304,0.09834206,4.3552884e-11,6.029192,0.08466339,4.6542596e-08,-0.10611251,-2.5720331e-10
144,-0.05352539,0.018936988,-0.0123577565,3.6497944e-11,6.6700697,0.04027176,-1.8776893e-07,-0.028535575,-3.4075873e-10
145,-0.05515425,0.01660414,-0.015307233,3.7569677e-11,6.516025,0.022083282,-2.113689e-07,-0.029651731,-3.528994e-10
146,-0.05628875,0.013426293,-0.018361732,3.7200326e-11,6.3230505,0.011375427,-2.0361927e-07,-0.032562077,-3.5819003e-10
147,-0.05251339,0.019361153,-0.018020377,4.1215878e-11,6.0098476,-0.006023407,-1.8422594e-07,-0.029020667,-3.5878178e-10
148,-0.05333005,0.015601523,-0.02065739,4.1930334e-11,5.8776655,-0.013019562,-1.8505614e-07,-0.031350136,-3.6053133e-10
149,-0.056180224,0.00070730597,-0.025125451,3.8864502e-11,5.826193,-0.0074157715,-1.802413e-07,-0.0394848,-3.5162184e-10
150,-0.035915874,0.033534735,-0.012110226,4.278168e-11,5.030588,-0.03977585,-1.1070395e-07,-0.031276435,-3.2537462e-10
151,-0.03908758,0.02460448,-0.013982214,4.311234e-11,5.518154,-0.023124695,-9.268746e-08,-0.027157903,-3.1050662e-10
152,-0.043940052,0.005957175,-0.018940493,3.92303e-11,5.679317,-0.017288208,-5.69095e-08,-0.025723398,-2.9291672e-10
153,-0.054656014,-0.0076399148,-0.023496568,4.3636622e-11,6.5295897,0.016727448,-1.3603409e-07,-0.03453517,-3.0188618e-10
154,-0.06215945,-0.013949908,-0.024961807,4.515987e-11,7.2144833,0.042613983,-2.0799115e-07,-0.042811662,-3.1193578e-10
155,-0.06905039,-0.023251228,-0.028072119,4.127878e-11,7.4261494,0.05135727,-2.3916886e-07,-0.048883468,-3.1377462e-10
156,-0.067573264,-0.011373602,-0.02448579,4.2088437e-11,7.500655,0.05124283,-2.889636e-07,-0.048963785,-3.2353187e-10
157,-0.06589909,-0.0043915026,-0.022422336,4.2041294e-11,7.3970184,0.043266296,-3.20855e-07,-0.049114913,-3.2966152e-10
158,-0.06391018,0.00090733916,-0.021243788,4.111178e-11,7.1454544,0.033252716,-3.2640298e-07,-0.047953278,-3.2917677e-10
159,-0.06415871,0.011271473,-0.01954291,4.288768e-11,7.073942,0.031734467,-3.625286e-07,-0.04763642,-3.3524705e-10
160,-0.061902687,0.018930722,-0.017498255,4.1833648e-11,6.907785,0.022880554,-3.55487e-07,-0.047193527,-3.3044978e-10
161,-0.0569446,0.021809906,-0.015705876,3.991698e-11,6.631981,0.05687332,-2.6533917e-07,-0.047169656,-3.0381328e-10
164,-0.053647652,-0.016657144,-0.02632501,3.6881657e-11,7.015486,0.4168892,2.0018544e-07,0.0030407906,-2.892212e-10
165,-0.020911053,0.058361486,0.007923551,4.8684355e-11,6.9130483,0.41651917,2.757585e-07,0.0036112964,-3.2124373e-10
166,-0.0003695786,0.096497566,0.03224758,5.1433104e-11,6.8350773,0.3808403,2.3745179e-07,-0.0038461685,-3.4787728e-10
167,-0.021293476,0.07833244,0.019489631,4.831163e-11,6.705222,0.31827927,1.6529765e-07,-0.06378025,-3.711408e-10
168,-0.033599406,0.06259304,0.010535315,4.5196857e-11,6.551659,0.2552452,1.3483438e-07,-0.037711233,-3.691972e-10
169,-0.020843819,0.052799385,0.029143333,4.8366613e-11,6.465682,0.20715332,1.19084916e-07,-0.023005515,-3.557503e-10
170,-0.061371103,-0.0104956925,-0.009968847,3.6770136e-11,6.584059,0.18850327,3.6324025e-08,-0.037978888,-3.5413572e-10
171,-0.07525493,-0.027166378,-0.02759283,2.9954365e-11,6.8544774,0.19309235,-5.540869e-08,-0.031870306,-3.5530254e-10
172,-0.067869425,-0.01896339,-0.023198888,2.8470379e-11,7.073261,0.20334625,-7.3938565e-08,-0.03137359,-3.4257763e-10
173,-0.060272664,-0.007737525,-0.019668892,2.978965e-11,6.747057,0.15884018,-5.013476e-08,-0.030035496,-3.364497e-10
174,-0.056905925,-0.0045294017,-0.018748544,2.9312948e-11,6.3449783,0.085998535,-4.0762927e-08,-0.02838847,-3.3158037e-10
175,-0.05898069,-0.008027926,-0.01971569,2.9144284e-11,6.4033666,0.061405182,-8.8685226e-08,-0.030182034,-3.3344202e-10
176,-0.060435325,-0.008401159,-0.019747764,2.914856e-11,6.5886364,0.051769257,-1.5444186e-07,-0.032770425,-3.4328695e-10
177,-0.05651048,-0.0061753094,-0.016930759,2.9494553e-11,6.5486026,0.07381058,-9.2352195e-08,-0.029758155,-3.2089822e-10
178,-0.05094795,0.012276996,-0.011783272,3.077203e-11,6.4708166,0.068618774,-9.458779e-08,-0.027893454,-3.2122732e-10
179,-0.050967485,0.01500288,-0.010864235,3.318676e-11,6.629562,0.055229187,-1.4877952e-07,-0.02824673,-3.301228e-10
180,-0.06305957,-0.01857423,-0.031690583,3.896211e-11,6.2427793,0.06399536,-1.19102424e-07,-0.039809436,-3.5436024e-10
181,-0.06592126,-0.021926261,-0.03494308,4.0119803e-11,6.0952535,0.048210144,-1.3185775e-07,-0.04272139,-3.5951145e-10
182,-0.060885713,-0.013369419,-0.03157568,4.7672505e-11,5.99833,0.045532227,-1.4757745e-07,-0.04575172,-3.6664655e-10
183,-0.057468146,-0.015228137,-0.030258968,4.6841052e-11,5.7359,0.03636551,-1.349411e-07,-0.04585141,-3.6296233e-10
184,-0.06337409,-0.03071415,-0.035341278,4.096086e-11,5.6703463,0.028392792,-1.2061766e-07,-0.055360496,-3.5423975e-10
185,-0.06545614,-0.04589454,-0.039698023,3.0960415e-11,5.1303864,0.010528564,-8.748806e-08,-0.060768127,-3.2161904e-10
186,-0.008437324,7.601074e-10,0.00041557476,3.5841496e-11,3.9161844,-0.019367218,-2.4201007e-08,-0.023063734,-2.7210015e-10
188,-0.09285618,-0.12330389,-0.0673224,9.202097e-12,5.116722,0.17015457,-5.244477e-08,-0.040010303,-2.0071086e-10
189,-0.1046948,-0.09827654,-0.06654894,2.7185587e-11,6.0746546,0.116363525,-1.1761225e-07,-0.08723837,-2.4056626e-10
190,-0.118209384,-0.11064348,-0.07536498,2.5794387e-11,6.5642467,0.10649109,-1.3020224e-07,-0.09323798,-2.4880395e-10
191,-0.11508027,-0.089827105,-0.06971915,3.1410513e-11,6.8588963,0.10787964,-1.7353722e-07,-0.101092026,-2.6540667e-10
192,-0.11508176,-0.082471296,-0.06801911,3.3067576e-11,6.912385,0.10260391,-1.9793958e-07,-0.1045481,-2.7419034e-10
193,-0.11248483,-0.07660085,-0.06535518,3.3142766e-11,6.809608,0.08994675,-2.092374e-07,-0.102995336,-2.7817854e-10
194,-0.10888028,-0.071439944,-0.062446795,3.2504964e-11,6.6602383,0.07749176,-2.1279713e-07,-0.09973243,-2.7913793e-10
195,-0.10715873,-0.062071107,-0.059663657,3.3081614e-11,6.67563,0.07488632,-2.3771867e-07,-0.101606235,-2.8642974e-10
196,-0.10650182,-0.05785755,-0.058558226,3.3675375e-11,6.597529,0.061843872,-2.444335e-07,-0.101476416,-2.8913646e-10
197,-0.09946941,-0.0535199,-0.05489071,3.2318904e-11,6.4485917,0.04071045,-2.0519315e-07,-0.09518385,-2.8865987e-10
198,-0.058967665,-5.558085e-09,-0.034234278,1.26960525e-11,4.67299,-0.022983551,-4.7333444e-08,-0.034990907,-3.14269e-10
200,0.04886528,0.040572464,0.028745279,4.9892167e-11,5.695935,0.4947815,7.122202e-08,0.0772398,-4.3951096e-10
201,0.028326683,0.035569213,0.021462895,4.8208798e-11,5.715477,0.33994675,5.7398154e-08,0.048409745,-4.4200188e-10
202,0.0017561018,0.02174738,0.0066767856,4.7683725e-11,6.182404,0.32588196,3.169815e-08,0.02508083,-4.2801168e-10
203,-0.017654717,0.0138814,-0.0028931275,4.5712184e-11,6.3896003,0.30472946,5.305054e-10,0.002844423,-4.2482984e-10
204,-0.032878354,-0.0005890131,-0.01149901,4.244132e-11,6.599933,0.29763794,-3.826898e-09,-0.007839918,-4.1118814e-10
205,-0.05009803,-0.022869319,-0.022528216,3.749412e-11,6.729251,0.29398727,-9.255274e-09,-0.01627037,-3.9266523e-10
206,-0.06486401,-0.033166997,-0.03166212,3.648188e-11,6.8770084,0.30820084,-4.4843063e-08,-0.030076593,-3.8121392e-10
207,-0.07301794,-0.040116474,-0.037374288,3.6553136e-11,6.875049,0.30768204,-7.531506e-08,-0.037305385,-3.7447004e-10
208,-0.070279926,-0.036958523,-0.03681097,4.2331305e-11,7.0677505,0.29140854,-4.4269314e-08,-0.03413385,-3.6527403e-10
209,-0.062443092,-0.033445045,-0.034554444,4.7649724e-11,7.091445,0.2191658,5.752412e-09,-0.023077905,-3.585241e-10
210,-0.061184615,-0.031891458,-0.034751937,4.6574862e-11,6.7782016,0.16516113,1.2623389e-08,-0.022550285,-3.5289155e-10
211,-0.06326303,-0.03216099,-0.036193572,4.1705812e-11,6.3828406,0.1255188,7.6425977e-10,-0.02620405,-3.450893e-10
212,-0.061372235,-0.017421119,-0.031166174,4.387686e-11,6.609093,0.121917725,-7.6119164e-08,-0.031604886,-3.549647e-10
213,-0.066305995,-0.025100518,-0.033865683,3.8579605e-11,6.546083,0.10473633,-7.8266794e-08,-0.033816457,-3.500579e-10
214,-0.06589246,-0.027715694,-0.034014814,3.3927285e-11,6.3776035,0.08818436,-6.7399526e-08,-0.035071015,-3.4574885e-10
215,-0.06568736,-0.025824994,-0.033339135,3.559452e-11,6.3647323,0.07727432,-9.877425e-08,-0.037498772,-3.4896136e-10
216,-0.057201505,-0.022604212,-0.033022903,5.4505504e-11,5.726472,0.049045563,-8.347874e-08,-0.044297278,-3.7221656e-10
217,-0.06894938,-0.03893008,-0.04154685,4.7065934e-11,5.6865215,0.044662476,-9.864014e-08,-0.058870807,-3.769028e-10
218,-0.08132948,-0.07241622,-0.053070787,3.348835e-11,5.7384844,0.09223938,-8.5025334e-08,-0.06773071,-3.6748155e-10
219,-0.07420949,-0.03814805,-0.048923537,2.4908922e-11,5.4391108,0.13883972,-6.6318115e-08,-0.06698656,-3.5157893e-10
220,-0.033163395,-0.00037244766,-0.04592854,1.7758135e-11,5.3109293,0.060474396,-4.0597612e-08,-0.055134088,-3.1958935e-10
221,-4.672656e-10,-3.7822834e-10,-0.01576598,2.7858715e-11,3.7337008,0.053676605,-2.7625404e-09,-0.010056019,-2.321883e-10
222,1.12898774e-10,8.04765e-11,3.2189124e-10,4.0823733e-11,3.2259293,0.014762878,2.5861393e-09,0.0052659214,-2.0072849e-10
224,-5.601061e-10,-7.5706236e-10,-0.03721153,8.075693e-12,3.2431326,0.14814758,9.0853955e-09,0.0077511445,-1.4041096e-10
225,-0.019757107,-0.0033791645,-0.04027159,2.1379634e-11,4.3119984,0.104515076,-1.5240484e-08,-0.025301188,-1.6829046e-10
226,-0.0583153,-0.04267093,-0.059244953,2.0529342e-11,5.098481,0.1065712,-3.8400046e-08,-0.056570023,-1.8743442e-10
227,-0.080004685,-0.061130732,-0.07536031,1.769207e-11,5.4895477,0.10830307,-5.67053e-08,-0.079106286,-2.0062546e-10
228,-0.09310454,-0.07096479,-0.08059697,1.3592155e-11,5.6694946,0.10115051,-6.122604e-08,-0.0812964,-2.046562e-10
229,-0.09691848,-0.06119366,-0.07590889,1.9311872e-11,5.954211,0.09886551,-9.360832e-08,-0.093766764,-2.2088713e-10
230,-0.10236151,-0.0653903,-0.07698483,1.8698973e-11,6.049576,0.09273529,-1.037921e-07,-0.096361935,-2.2734999e-10
231,-0.1062346,-0.06972202,-0.0804007,1.8226615e-11,6.170967,0.09176636,-1.1218893e-07,-0.09995964,-2.3192624e-10
232,-0.105134495,-0.07242481,-0.0849674,1.6401172e-11,6.160184,0.07696152,-1.0869331e-07,-0.09848717,-2.3189635e-10
233,-0.07439657,-0.044196095,-0.071171775,1.670937e-11,6.095128,0.057289124,-8.912846e-08,-0.09270063,-2.3201992e-10
234,-3.34973e-10,-4.662609e-10,-7.0653383e-10,6.4510897e-12,4.1642704,0.059135437,2.6309444e-09,-0.0022147298,-2.73357e-10
236,4.3598486e-11,-8.2702706e-11,0.007314069,3.6832808e-11,5.460169,0.49468613,-4.931099e-09,0.00066803396,-6.519343e-10
237,-0.009147858,-0.012944636,-0.0020169504,3.7149187e-11,4.4935102,0.28554535,-2.4143873e-08,-0.011536673,-4.9703885e-10
238,-0.030104768,-0.017809063,-0.014563404,3.8790776e-11,5.174777,0.3329277,-4.0989526e-08,-0.036713675,-4.61389e-10
239,-0.043457456,-0.034962967,-0.024177935,3.3577995e-11,5.4534693,0.31985855,-4.26342e-08,-0.039185673,-4.461986e-10
240,-0.055866487,-0.04945506,-0.032583423,3.438691e-11,6.2445903,0.3813362,-4.644847e-08,-0.04303649,-4.226058e-10
241,-0.060950823,-0.05367162,-0.03588594,3.467756e-11,6.5279584,0.41861725,-4.6535327e-08,-0.043872803,-4.0332215e-10
242,-0.070112824,-0.06448604,-0.04311678,3.3233888e-11,6.639882,0.43581772,-4.1430063e-08,-0.04489726,-3.8358272e-10
243,-0.058569983,-0.052104615,-0.03567204,3.6944586e-11,6.349159,0.3887787,-2.8257098e-08,-0.034556776,-3.7938694e-10
244,-0.022569008,-0.010350399,-0.011813864,6.895947e-11,6.833051,0.27706528,2.2828843e-08,-0.008862838,-4.062661e-10
245,-0.04054018,-0.035478603,-0.02620034,7.1208456e-11,6.4543333,0.046031952,9.220187e-09,-0.018259406,-4.2477183e-10
246,-0.045567088,-0.037939057,-0.02990824,7.3065415e-11,6.2063494,-0.008987427,-9.407572e-09,-0.019640148,-4.2042136e-10
247,-0.037736826,-0.033617757,-0.025775671,6.546262e-11,5.7567415,-0.00045776367,1.2168584e-08,-0.0044907928,-3.963041e-10
248,-0.0424356,-0.03328992,-0.027227372,5.1857622e-11,5.8452616,0.024978638,-1.3999227e-08,-0.01178816,-3.8668233e-10
249,-0.05769773,-0.039201222,-0.035323158,4.4783205e-11,5.952098,0.046901703,-4.124513e-08,-0.03220001,-3.8103407e-10
250,-0.057544827,-0.034931332,-0.03440547,4.602288e-11,5.8985267,0.054698944,-4.7318338e-08,-0.034054935,-3.7250947e-10
251,-0.061098523,-0.036516976,-0.036568,4.6307097e-11,5.836484,0.052879333,-5.983827e-08,-0.03880447,-3.680233e-10
252,-0.055364616,-0.061829578,-0.038559802,3.714251e-11,4.9960785,0.039676666,-2.8159882e-08,-0.041217208,-3.8073378e-10
253,-0.029372515,-0.010402137,-0.040081996,3.58331e-11,5.2554665,0.05870819,-3.63752e-08,-0.048113212,-3.8453923e-10
254,-7.9451956e-10,-6.581895e-10,-0.014610956,1.9435585e-11,5.911727,0.30285263,-2.9741413e-08,-0.055214733,-3.3773234e-10
255,-1.5375189e-10,-1.2678343e-10,-1.9584373e-10,7.68112e-12,4.686659,0.31643677,-1.8018548e-08,-0.039087676,-3.2512412e-10
257,0.014927278,2.3172535e-09,0.041275136,7.848512e-11,1.0803394,0.092933655,2.7302901e-08,0.07798949,-1.8301195e-10
258,7.410361e-11,9.645899e-11,1.5340951e-10,6.887521e-11,0.785902,0.09794617,8.814013e-09,0.04155908,-1.9671095e-10
259,3.087426e-11,3.362001e-11,6.653629e-11,4.669029e-11,1.6920891,0.09539032,5.0770392e-09,0.024257906,-1.9149723e-10
260,4.4156834e-11,4.280279e-11,1.0692613e-10,7.237996e-11,3.6654968,0.07201767,7.519118e-09,0.02388075,-1.8567935e-10
261,6.026245e-11,4.5997907e-11,1.172433e-10,8.1499626e-11,3.8162975,0.10436249,1.23520625e-08,0.042303555,-1.8145119e-10
262,2.769154e-11,2.0259657e-11,6.364015e-11,5.856697e-11,4.0065784,0.13594818,6.445391e-09,0.023149218,-1.7650605e-10
263,-8.7795743e-13,-1.4575379e-11,1.5663706e-11,4.188156e-11,4.070282,0.14733124,1.175346e-09,0.010078035,-1.729935e-10
264,-5.1084782e-11,-9.106924e-11,-6.545832e-11,2.6644242e-11,4.3591366,0.14159012,-6.0185705e-09,-0.009825163,-1.7347834e-10
265,-4.0547093e-10,-5.673506e-10,-0.0019605358,7.8544116e-12,4.9055862,0.13491058,-1.730435e-08,-0.040419526,-1.7712028e-10
266,-1.3542805e-09,-1.2192664e-09,-0.025761772,4.9663884e-12,5.3603334,0.12863159,-2.6291554e-08,-0.058432326,-1.8131731e-10
267,-0.005235952,-2.408244e-09,-0.032364044,3.1721709e-12,5.6189346,0.12679291,-3.1081456e-08,-0.06585623,-1.8383674e-10
268,-2.1433968e-09,-1.8977726e-09,-0.029003642,3.4382497e-12,5.636877,0.11648941,-2.9788792e-08,-0.06356681,-1.838798e-10
269,-2.1566882e-10,-3.73673e-10,-3.4161435e-10,5.4278526e-12,5.458417,0.09936905,-1.9100401e-08,-0.044809572,-1.8588517e-10
270,-9.933249e-12,-2.0291581e-11,-5.5664917e-12,1.4417911e-11,3.357358,0.091724396,-6.8845285e-10,0.0072570667,-3.5042608e-10
273,-5.1464236e-11,-9.889067e-11,-8.7943694e-11,1.9626828e-11,3.777279,0.5247612,-5.2637414e-09,-0.008091256,-4.2016463e-10
274,3.8035747e-10,-1.2392032e-11,0.0114770075,4.787161e-11,4.2007294,0.53512955,5.462365e-09,0.006506607,-4.1077022e-10
275,-0.01810931,-1.1324282e-09,-0.023910265,2.964097e-11,4.7822084,0.5128708,-1.2846861e-08,-0.025752857,-4.129701e-10
276,-0.033183407,-0.007947557,-0.03609802,2.8384434e-11,5.594557,0.53795624,-2.3523537e-08,-0.038121894,-4.0254466e-10
277,-0.030742235,-0.020780383,-0.04620772,2.5528711e-11,5.8741465,0.54325867,-1.3996662e-08,-0.030633733,-3.8481401e-10
278,-0.020733234,-0.018555438,-0.04244532,2.9477344e-11,6.1902475,0.5247154,-1.912601e-08,-0.037214816,-3.8344133e-10
279,-7.446033e-11,-8.701617e-10,0.0008021202,4.3713616e-11,5.7210474,0.4010315,-8.981523e-09,-0.0118017495,-4.3735304e-10
280,0.08526101,0.090242565,0.09361216,1.9174097e-10,6.120352,0.055000305,3.8901916e-08,0.07571596,-4.855222e-10
281,1.3385202e-09,2.245239e-10,0.023656767,9.484681e-11,4.9023657,-0.13263702,5.769216e-09,0.009551585,-4.825135e-10
282,2.8581748e-11,-5.6301866e-11,1.5887006e-10,5.3637955e-11,4.820731,-0.20533752,3.1173375e-09,0.008538298,-4.77822e-10
283,-0.010607378,-9.180297e-10,-0.0068167187,4.9136653e-11,4.8928356,-0.1431961,-4.7957975e-09,0.002237454,-4.537936e-10
284,-0.016168162,-0.02580843,-0.010624547,5.9167254e-11,4.9293327,-0.09465408,-1.1580283e-08,-0.0054098666,-4.3398368e-10
285,-0.04163911,-0.037810057,-0.027328953,6.2140085e-11,5.1312265,-0.043045044,-3.7635324e-08,-0.038285702,-4.2447473e-10
286,-0.05454953,-0.048391797,-0.03582806,5.544684e-11,5.262212,-0.00415802,-4.9715894e-08,-0.048715025,-4.117202e-10
287,-0.06097584,-0.06619644,-0.042762622,4.4859283e-11,5.2128897,0.020584106,-3.498956e-08,-0.04311636,-3.901711e-10
288,-8.716999e-12,-2.2172267e-11,2.0460023e-12,3.3963714e-11,4.222562,0.1265297,1.15170096e-10,0.003374122,-3.8382855e-10
293,9.826121e-11,1.15213616e-10,3.0671635e-10,1.524807e-10,3.0423298,-0.14822006,8.825203e-09,0.040697478,-2.2415896e-10
302,-2.6216194e-11,-1.8722312e-11,-2.6278382e-11,2.0543824e-11,4.828623,0.20578766,-3.6471852e-09,-0.0143899955,-1.5448248e-10
303,-4.0902757e-11,-3.8980652e-11,-4.6332323e-11,1.4173426e-11,5.2389345,0.1986885,-6.0866596e-09,-0.02409086,-1.5326303e-10
304,-4.0200166e-11,-3.614538e-11,-4.5068407e-11,1.340357e-11,5.3366585,0.19242096,-5.780118e-09,-0.022599451,-1.5253641e-10
305,-3.1719908e-11,-2.4629594e-11,-3.3032767e-11,1.6015786e-11,5.2004576,0.17412567,-4.5319064e-09,-0.018407553,-1.6557933e-10
306,-2.9378645e-11,-3.6725782e-11,-3.0454625e-11,1.28571945e-11,4.4380665,0.06681824,-4.1357318e-09,-0.01538017,-4.1343617e-10
309,3.678683e-11,4.8649314e-11,7.849059e-11,1.0021903e-10,4.734606,0.46044922,4.073952e-09,0.012855396,-4.3350176e-10
310,4.977031e-12,1.1538383e-12,1.9956793e-11,4.7365854e-11,4.4047203,0.56669617,8.919976e-12,0.0042029135,-4.262733e-10
311,2.8488392e-12,-5.8344544e-12,2.1657329e-11,4.3487956e-11,4.569235,0.6382179,1.5975425e-09,0.006568618,-4.2312504e-10
312,-3.4361704e-11,-7.210778e-11,-3.2869985e-11,2.9620237e-11,5.2668877,0.64647675,-3.972664e-09,-0.006214477,-3.9778808e-10
313,-3.5417117e-11,-6.214511e-11,-3.5111254e-11,2.5771142e-11,5.4220343,0.6116867,-5.2000058e-09,-0.011191428,-3.890838e-10
314,-4.0431988e-11,-6.0730934e-11,-4.271257e-11,2.2098365e-11,5.747279,0.52209854,-6.285144e-09,-0.019560382,-4.126352e-10
315,6.749906e-12,4.9493673e-12,2.416338e-11,3.807305e-11,4.6285744,0.3144226,9.720669e-11,0.0071850494,-6.1458383e-10
317,2.3043054e-11,2.9623512e-11,5.6160382e-11,8.478213e-11,4.6005936,-0.124176025,1.74101e-09,0.008728344,-4.996054e-10
318,2.7651215e-12,8.563395e-12,3.000477e-11,7.186778e-11,5.2789555,-0.2305336,-4.0389416e-09,-0.015178941,-4.9854043e-10
319,-1.0664993e-11,-8.694721e-12,1.9137192e-12,5.4138714e-11,5.511841,-0.16936874,-4.9240194e-09,-0.019778911,-4.856201e-10
320,-2.5067844e-11,-2.6240673e-11,-1.9590801e-11,4.8922415e-11,6.2190285,-0.17551804,-5.2445954e-09,-0.022969428,-4.696652e-10
321,-3.0153928e-11,-5.296646e-11,-3.1223253e-11,3.6615468e-11,5.0177755,-0.08701706,-4.512442e-09,-0.010879699,-4.4007406e-10
322,-5.693652e-11,-1.4801821e-10,-8.739545e-11,2.4682298e-11,4.6578608,-0.017520905,-6.552387e-09,-0.010925114,-4.1476883e-10
323,-4.9518945e-11,-1.11892356e-10,-6.707436e-11,2.5514563e-11,4.6391172,0.04691696,-6.301338e-09,-0.010213494,-3.9633424e-10
324,-1.877747e-11,-2.5277183e-11,-7.912226e-12,3.8763673e-11,5.3806114,0.15181732,-7.3063875e-09,-0.018787704,-3.9541542e-10
330,-2.538919e-11,-2.129186e-12,-2.3259328e-11,4.34678e-11,5.035471,-0.11367035,-1.1191823e-08,-0.030903935,-2.1066295e-10
341,-3.4840693e-11,-1.9196847e-11,-3.8117523e-11,1.42599405e-11,5.8134117,0.23379517,-7.499887e-09,-0.03258956,-1.9428176e-10
342,-4.353822e-11,-4.0683023e-11,-4.88903e-11,1.0140097e-11,5.188801,0.045333862,-6.103162e-09,-0.029038787,-4.033071e-10
345,1.3972157e-11,1.3932707e-11,3.408091e-11,5.976757e-11,4.047838,0.5569992,1.4596515e-09,0.008893423,-3.9917467e-10
349,-2.4009765e-11,-1.3129469e-11,-1.9284813e-11,3.2812815e-11,6.598117,0.5504608,-3.6067043e-09,-0.021272298,-4.2773438e-10
350,-1.2141208e-11,-1.4147812e-11,-4.629016e-12,3.1261986e-11,5.6036425,0.416687,-1.9995876e-09,-0.010816503,-5.997736e-10
351,1.1878187e-10,1.4110471e-10,0.0009018231,9.828051e-11,4.741906,0.13188553,9.621174e-09,0.039628066,-9.530604e-10
353,1.2724346e-11,6.592008e-12,3.116749e-11,6.003236e-11,4.4271755,-0.10486984,1.2535613e-09,0.006760247,-4.908885e-10
354,-1.8908326e-11,-1.6070725e-11,-8.997372e-12,5.2195685e-11,4.919775,-0.21988297,-1.3191107e-08,-0.02683916,-5.0535925e-10
355,2.3359157e-11,1.5861394e-11,5.0795756e-11,6.756104e-11,4.872141,-0.18227005,7.426139e-09,0.014092796,-4.7668847e-10
356,1.907689e-11,7.016594e-12,4.2414017e-11,6.322235e-11,5.1157,-0.1691742,4.586047e-09,0.013383694,-4.7373006e-10
357,-3.3914e-12,-1.7203783e-12,9.721952e-12,4.7701808e-11,5.017647,-0.09429932,-4.059186e-09,-0.0126331225,-4.604252e-10
358,-2.3132656e-11,-1.9302344e-11,-1.8354963e-11,3.500105e-11,5.111245,-0.027835846,-8.402019e-09,-0.02719919,-4.3870135e-10
359,-3.0535283e-11,-3.1877816e-11,-2.5305535e-11,3.6228492e-11,5.440627,0.04086685,-1.0849774e-08,-0.035347816,-4.1771198e-10
360,-1.6076723e-11,-1.4282985e-11,-6.1405395e-12,4.720368e-11,5.7979507,-0.07338333,-7.468019e-09,-0.021571573,-4.0990905e-10
376,-3.0890387e-11,-9.649976e-12,-3.1251494e-11,2.1993345e-11,5.612711,0.32439423,-8.3639655e-09,-0.031235661,-1.6675873e-10
377,-3.2872878e-11,-1.744853e-11,-3.1203075e-11,2.2694208e-11,5.829485,0.26195526,-7.755518e-09,-0.026901536,-2.2786804e-10
378,-3.686855e-11,-2.5067604e-11,-3.9359314e-11,1.4350812e-11,5.510228,0.017082214,-5.193817e-09,-0.02612409,-3.9211662e-10
381,0.00658665,0.010639325,0.020626735,2.834666e-10,4.0584087,0.54650116,1.5854216e-09,0.019088753,-3.8164594e-10
382,9.382929e-12,1.4416908e-12,2.7813887e-11,6.840814e-11,5.1039143,0.6151619,9.821775e-10,0.000984028,-4.0701656e-10
385,-3.1158003e-11,-1.4141012e-11,-2.945952e-11,2.2274217e-11,6.006853,0.5677147,-7.732009e-09,-0.030578453,-4.796423e-10
386,-2.4883899e-11,-3.0679865e-11,-2.0728565e-11,3.048784e-11,5.953128,0.41890335,-3.6659493e-09,-0.017758831,-5.996565e-10
389,-4.2843677e-11,-7.189884e-11,-5.7767582e-11,1.4625287e-11,4.025135,-0.048137665,-5.080391e-09,-0.010727279,-4.7460474e-10
390,8.938586e-12,6.8882946e-12,2.9604916e-11,7.696521e-11,4.692772,-0.22478867,8.830998e-10,0.0030741282,-5.079179e-10
391,1.07009575e-11,1.0744692e-11,3.231311e-11,7.132463e-11,4.6956882,-0.21907043,-1.2018644e-09,-0.004141312,-4.8216725e-10
392,3.206451e-11,2.3138446e-11,6.4569176e-11,8.340165e-11,4.978899,-0.28900146,6.2707377e-09,0.019061498,-4.689149e-10
393,1.5124051e-11,1.4089101e-11,3.893629e-11,7.212871e-11,5.179964,-0.27798462,-4.931966e-10,-0.0013854355,-4.6844917e-10
394,-1.3761596e-12,1.4770381e-12,1.4970074e-11,5.974396e-11,5.318289,-0.27259064,-4.1239003e-09,-0.015241474,-4.4787501e-10
395,-9.70868e-12,-7.403261e-12,4.4180284e-12,5.6527207e-11,5.5772867,-0.21344376,-6.066662e-09,-0.021550324,-4.3353782e-10
396,-5.003338e-12,-5.148975e-12,8.847839e-12,6.3992985e-11,5.7797184,-0.5374603,-2.3311926e-09,-0.011182312,-4.2399692e-10
397,-9.164642e-12,-3.922807e-13,-8.4051516e-13,4.960985e-11,4.783098,-0.78910065,-1.2144259e-09,-0.006951146,-3.9820836e-10
412,-2.321525e-11,-7.452917e-12,-1.7637159e-11,3.063863e-11,5.6856585,0.3947487,-4.4894026e-09,-0.018633038,-2.0323153e-10
413,-2.1038853e-11,-2.2073615e-12,-2.352105e-11,2.0614614e-11,5.989996,0.30891418,-5.8218346e-09,-0.025182847,-2.6600677e-10
414,-4.8028737e-11,-3.962684e-11,-5.932211e-11,1.1442784e-11,6.0772476,0.016937256,-6.9350268e-09,-0.034885228,-3.6704428e-10
420,-1.918319e-11,-2.99804e-12,-1.316924e-11,3.724073e-11,5.739518,0.6987915,-5.7709193e-09,-0.02215068,-4.7316695e-10
421,-2.6335618e-11,-9.77769e-12,-2.3412987e-11,2.7610907e-11,5.8567877,0.5715904,-6.487889e-09,-0.025776207,-5.1584303e-10
422,-2.4518304e-12,-3.1773958e-12,3.209029e-11,7.895898e-11,5.9781914,0.2896843,-1.6626762e-09,-0.0075452775,-5.697345e-10
426,1.9854099e-10,2.4168936e-10,0.028214185,0.010145134,4.1425743,-0.21931458,1.118139e-08,0.04008892,-5.12138e-10
428,1.23178065e-11,8.474537e-12,3.4052056e-11,7.852813e-11,5.0715046,-0.36641693,4.2234838e-10,0.0008645132,-4.6087356e-10
429,1.0408367e-11,1.4345363e-11,3.3564318e-11,8.194249e-11,5.399866,-0.4536476,-8.85902e-10,-0.0064567477,-4.5771026e-10
430,4.1162976e-12,8.47702e-12,2.5256255e-11,7.882433e-11,5.5391064,-0.5010338,-2.202639e-09,-0.012496762,-4.4623638e-10
431,-1.2559398e-15,2.989148e-12,1.8660788e-11,7.4464615e-11,5.667801,-0.53067017,-2.9052334e-09,-0.014424529,-4.402852e-10
432,1.7764871e-11,1.5275907e-11,4.7467152e-11,1.1579118e-10,5.890707,-0.63111496,1.8791688e-09,0.005914651,-3.905944e-10
433,-4.663353e-13,-1.059818e-11,2.3558301e-11,1.5097362e-10,6.572933,-0.7425804,-2.2227642e-10,-0.0073795356,-3.720427e-10
437,3.3412176e-11,1.416518e-11,7.1454384e-11,1.7582079e-10,4.4613323,-0.23154068,4.4211954e-09,0.019066207,-2.539043e-10
446,-1.2507069e-11,-1.6107658e-12,-2.5106445e-12,5.0521858e-11,5.62747,0.39478683,-2.4431865e-09,-0.012921713,-2.0452125e-10
447,-1.460184e-11,-7.111959e-12,-5.1923674e-12,4.6923763e-11,5.669327,0.4151268,-2.7426443e-09,-0.013463665,-2.1595442e-10
448,-2.3712227e-11,-1.2829724e-11,-1.8054946e-11,3.8134537e-11,5.7640076,0.3867836,-4.638615e-09,-0.020034406,-2.409991e-10
449,-1.7004554e-11,-2.0403401e-11,-8.995638e-12,4.9167934e-11,5.865736,0.14483643,-2.3942364e-09,-0.013293721,-2.9517538e-10
450,-4.9862704e-11,-7.469788e-11,-5.9521554e-11,6.258487e-11,6.3099785,-0.14961243,-6.147368e-09,-0.033082157,-3.5298509e-10
455,5.276314e-12,-6.1120813e-13,2.7087901e-11,7.255933e-11,5.5176353,0.8924484,2.4817206e-09,0.0028465241,-4.2444226e-10
456,-5.9143038e-12,-1.01831495e-11,8.624948e-12,5.813306e-11,5.682686,0.79190826,-1.7892656e-09,-0.009961773,-4.6551682e-10
457,-5.8331473e-12,-1.5632173e-12,5.259942e-12,4.8923587e-11,5.7743826,0.66469955,-9.490964e-10,-0.0065633245,-5.0446214e-10
458,3.8673162e-11,-1.600367e-11,0.014046406,1.7606587e-10,6.055127,0.33784103,-2.4709674e-09,-0.008352503,-5.2477905e-10
462,5.0033516e-11,5.736695e-11,1.1116856e-10,2.4229546e-10,3.9597263,-0.30215836,5.29888e-09,0.02064345,-5.266608e-10
464,1.815191e-11,8.407935e-12,4.347165e-11,9.5147286e-11,5.140459,-0.38152695,2.0320985e-09,0.00704604,-4.5201884e-10
465,1.7824608e-11,1.7427459e-11,4.605649e-11,1.02465994e-10,5.5363255,-0.45963287,1.805101e-09,0.00529116,-4.4060094e-10
466,1.9748673e-11,2.1063543e-11,5.0992936e-11,1.09783425e-10,5.70245,-0.50218964,1.9738282e-09,0.0058552735,-4.315318e-10
467,2.2326254e-11,2.4142086e-11,5.5199234e-11,1.1494325e-10,5.7531643,-0.5628662,2.337837e-09,0.007823888,-4.165488e-10
468,2.8544615e-11,3.6531275e-11,1.02126904e-10,0.002999491,6.0014114,-0.6231384,2.27009e-09,0.0051650032,-3.7062348e-10
469,2.0441104e-11,2.6293712e-11,8.134054e-11,0.016626962,6.1109257,-0.6738434,1.8333326e-09,0.00088562444,-3.703303e-10
472,4.8839877e-11,3.604393e-11,1.152093e-10,0.0038145944,3.8479977,-0.7998924,6.953546e-09,0.030674964,-2.9561942e-10
473,4.7809347e-11,3.6195012e-11,1.0994482e-10,0.00868904,5.2650433,-0.42385864,5.466674e-09,0.021231957,-2.739046e-10
477,-1.96554e-11,-5.896423e-13,-2.8153854e-11,4.178609e-11,5.638956,0.28155136,-3.58042e-09,-0.019690856,-1.5254473e-10
481,-3.3757837e-11,-1.8911718e-11,-3.3444896e-11,4.5095483e-11,5.874323,0.3082199,-6.370792e-09,-0.031413425,-2.038828e-10
482,-3.3672266e-11,-2.673768e-11,-3.2188318e-11,4.639554e-11,5.8645477,0.32939148,-6.69495e-09,-0.03276233,-2.1266959e-10
483,-2.5225561e-11,-2.4625392e-11,-2.0806412e-11,4.867847e-11,5.81489,0.371727,-3.9362837e-09,-0.021375045,-2.1625762e-10
484,-1.8746126e-11,-1.4753932e-11,-1.2177495e-11,4.822879e-11,5.8110733,0.45782852,-2.4359759e-09,-0.013669752,-2.2307842e-10
485,-9.123324e-11,-1.4799507e-10,-2.062009e-10,5.361335e-11,5.8892746,0.45465088,-8.473155e-09,-0.033841174,-2.4191082e-10
491,1.7993402e-12,-2.9033984e-12,1.8934736e-11,7.199159e-11,5.49613,0.8995514,-1.1356249e-11,-0.0022857822,-3.9839576e-10
492,1.8691992e-12,-2.2768887e-12,1.9097064e-11,6.9074406e-11,5.576576,0.82717896,-3.4675374e-11,-0.0025367774,-4.1308562e-10
493,-8.733188e-13,-4.6117615e-12,1.6808686e-11,7.2179034e-11,5.724432,0.7532997,-4.232481e-10,-0.0044693463,-4.4356646e-10
494,0.010490766,-0.0013407674,0.005897727,0.0060212715,6.010316,0.46044922,-1.731312e-09,-0.006160386,-4.6934046e-10
500,3.83239e-11,3.5962632e-11,8.441317e-11,1.7309493e-10,5.254965,-0.3816185,4.2316244e-09,0.015165351,-4.4924914e-10
501,4.3046976e-11,5.363733e-11,1.0236318e-10,2.2197069e-10,5.7473946,-0.43361282,4.449466e-09,0.014970448,-4.369578e-10
502,4.2508552e-11,5.669903e-11,1.0811407e-10,2.5516467e-10,5.9366856,-0.4683876,4.2674113e-09,0.013589896,-4.2938214e-10
503,7.6360245e-11,9.1852526e-11,3.2525133e-10,0.0047423495,5.8891983,-0.52056503,5.9441367e-09,0.02011006,-4.122231e-10
504,0.027264562,0.025094282,0.020816807,0.0284667,6.1222286,-0.5991707,3.9095447e-09,0.011729121,-3.5739714e-10
505,5.8193103e-11,4.7438324e-11,0.010466607,0.02785005,5.601097,-0.5302391,2.7649039e-09,0.0067212656,-3.6798553e-10
509,3.9433012e-11,4.176707e-11,1.6875695e-10,0.027110307,5.833853,-0.47159958,3.183339e-09,0.00796273,-2.9852906e-10
510,3.084269e-13,-6.0449814e-12,3.085416e-11,0.016961526,5.7433796,-0.5086937,2.1349145e-11,-0.001965601,-2.513008e-10
511,-3.394501e-11,-4.7181623e-11,-3.7407966e-11,2.2557486e-10,5.5250225,-0.22043228,-3.7345536e-09,-0.013077777,-2.0343464e-10
512,-6.133905e-11,-6.662143e-11,-9.469094e-11,2.862817e-11,5.562292,0.09909439,-7.009974e-09,-0.02363683,-1.702747e-10
513,-5.261992e-11,-5.2109764e-11,-8.1679746e-11,1.6158852e-11,5.3474827,0.30727005,-6.581557e-09,-0.022540648,-1.5578082e-10
514,-2.4743924e-11,-8.3926035e-12,-3.3681637e-11,4.096859e-11,5.3564205,0.30950546,-3.7696855e-09,-0.017020067,-1.6135794e-10
516,-1.7698567e-11,-2.0655437e-12,-1.0039802e-11,6.4264934e-11,6.139227,0.27134705,-2.0849371e-09,-0.012829896,-1.8259005e-10
517,-2.0445427e-11,-1.43494e-11,-1.3507188e-11,6.0969146e-11,6.113413,0.27350616,-2.566682e-09,-0.015366644,-1.923303e-10
518,-2.3401501e-11,-3.0281205e-11,-1.6999506e-11,6.204245e-11,6.083103,0.27941513,-3.0619818e-09,-0.01700611,-1.9882757e-10
519,-3.0763198e-11,-4.631308e-11,-2.8012433e-11,6.227878e-11,5.991865,0.30882645,-3.9928048e-09,-0.019760747,-2.0260126e-10
520,-4.1923524e-11,-6.509561e-11,-4.7447185e-11,6.159716e-11,5.9041233,0.4216156,-5.185278e-09,-0.023530997,-2.0291964e-10
521,-0.035075895,-0.055574402,-0.064426534,1.9149146e-10,5.8675156,0.6648598,-1.510059e-08,-0.05238723,-2.0636444e-10
527,5.1561984e-12,2.9799262e-12,2.6241516e-11,8.897899e-11,5.4782085,0.83041763,3.9819836e-10,-0.0013809539,-3.7828732e-10
528,6.7397303e-12,7.6112415e-12,3.4622367e-11,1.03211016e-10,5.490082,0.76307297,3.016103e-10,-0.002370797,-3.749434e-10
529,-2.160902e-11,-3.986121e-11,8.023443e-13,1.4275191e-10,5.7435455,0.73575974,-3.1261207e-09,-0.014917456,-3.8262032e-10
530,-0.0071482556,-0.020212332,-0.005597599,0.011686511,5.9075527,0.59108734,-4.2082338e-09,-0.015434697,-4.003124e-10
535,4.9882e-11,4.548761e-11,1.094436e-10,3.162806e-10,4.8185673,-0.3366623,5.4768856e-09,0.019788243,-4.864008e-10
536,6.204528e-11,7.1320304e-11,1.6280288e-10,0.0080417665,5.7358437,-0.37225723,6.0270544e-09,0.020700093,-4.472382e-10
537,1.9906946e-10,2.2219274e-10,0.030138789,0.019769765,6.1164055,-0.39868546,9.935569e-09,0.03445497,-4.3329648e-10
538,2.7706795e-10,3.160529e-10,0.03677456,0.02168222,6.3243694,-0.42435837,7.468482e-09,0.02425243,-4.3361775e-10
539,0.010496818,0.014001239,0.03552699,0.023869846,6.2974606,-0.47632217,3.0114098e-09,0.008920334,-4.3128104e-10
540,0.029676821,0.023234144,0.016638994,0.035830285,6.325674,-0.6315956,1.7548654e-08,0.02933447,-3.4678693e-10
541,0.036102608,0.041224517,0.024687052,0.039854594,6.268509,-0.52949905,5.0217235e-09,-0.023437165,-3.542644e-10
542,-1.7780737e-11,-2.6543486e-11,-3.1396968e-12,0.03894337,5.8614407,-0.27650452,-1.729255e-09,-0.007463582,-3.790767e-10
545,3.229268e-11,2.2521637e-11,2.590631e-10,0.035334002,5.948473,-0.3376503,1.9398856e-09,0.0079736,-3.2428102e-10
546,3.5832275e-12,-1.40750675e-11,7.656996e-11,0.035718106,6.0486507,-0.6793022,-2.2734703e-10,-0.000910528,-2.830682e-10
547,-5.0476356e-11,-1.035576e-10,-9.8851274e-11,0.035144445,5.87154,-0.38278198,-4.2080757e-09,-0.005026851,-2.2782577e-10
548,-9.83589e-11,-1.5320442e-10,-2.3416025e-10,6.547293e-11,5.853487,0.031929016,-8.871849e-09,-0.020846542,-1.8749408e-10
549,-6.586728e-11,-9.132229e-11,-1.03696565e-10,5.862148e-11,5.533453,0.2521248,-6.9600374e-09,-0.021067243,-1.6456803e-10
550,-3.441595e-11,-2.644246e-11,-3.699412e-11,7.475921e-11,5.6750298,0.25572586,-3.922598e-09,-0.019292064,-1.656033e-10
551,-2.5638483e-11,-2.2394565e-11,-2.0650835e-11,8.6683924e-11,6.1151657,0.25914764,-3.0402165e-09,-0.016603075,-1.7204659e-10
552,-3.1014285e-11,-4.84753e-11,-2.7012212e-11,1.0005026e-10,6.285347,0.25453186,-3.827135e-09,-0.01933797,-1.8152549e-10
553,-9.39132e-11,-1.4943058e-10,-0.00045872372,1.3733381e-10,6.3093376,0.24869537,-7.528244e-09,-0.031811707,-1.9176699e-10
554,-0.032647137,-0.05422566,-0.05390161,0.0035098183,6.348068,0.22771835,-1.3823227e-08,-0.04887431,-2.0330772e-10
555,-0.07696017,-0.10355211,-0.06226383,0.010012934,6.385721,0.20901108,-2.294446e-08,-0.067037106,-2.1475721e-10
556,-0.07924621,-0.10573354,-0.07185947,0.008975167,6.3535767,0.2621994,-2.5117892e-08,-0.0737917,-2.1503856e-10
557,-0.06810998,-0.09226488,-0.06166763,0.010994133,5.8776054,0.64095306,-2.0906096e-08,-0.06335263,-1.9459226e-10
562,9.269063e-12,8.596385e-12,2.9471876e-11,9.034136e-11,4.2094803,0.42894745,9.940924e-10,0.0021314956,-3.749705e-10
563,2.703323e-11,2.6822537e-11,2.0047024e-10,3.5974373e-10,5.4961224,0.747036,4.1136605e-10,-0.0030440763,-3.69476e-10
564,0.0041413233,-0.0030042864,0.002180457,0.01780774,5.5612774,0.670063,-1.097261e-09,-0.005743414,-3.583257e-10
565,-0.011783093,-0.020558983,-0.009154603,0.021202127,5.7063236,0.61867523,-4.709456e-09,-0.014639258,-3.3708036e-10
566,0.02890928,0.029464263,0.02301754,0.022671599,5.558634,0.5090256,3.5456384e-09,0.00770995,-3.3389544e-10
571,1.2705206e-10,1.2915514e-10,0.013156089,0.019963697,5.0782204,-0.31407166,9.670376e-09,0.03522229,-5.054922e-10
572,1.2093378e-10,1.1695324e-10,0.024581935,0.026585668,6.7283115,-0.3555107,5.078326e-09,0.01443848,-4.4682358e-10
573,0.0068612057,0.009093165,0.02983018,0.03046665,7.274227,-0.38501358,1.5338006e-09,0.0011842996,-4.2967202e-10
574,0.012791257,0.009488406,0.013207946,0.030209295,7.0018864,-0.38393402,1.222542e-10,-0.0035226122,-4.4763898e-10
575,0.009967981,-0.0017139427,0.0046838336,0.03189802,6.402254,-0.36203766,1.2827268e-09,0.0026138648,-4.783904e-10
578,5.0284967e-12,-9.001666e-12,4.0440276e-11,0.043086506,5.0703506,-0.42409134,6.9297856e-10,0.005506415,-3.8674033e-10
581,5.4936288e-11,4.506695e-11,1.8381552e-10,0.04106974,6.1365414,-0.7093811,5.2923843e-09,0.011331033,-3.4245848e-10
582,7.0649056e-11,7.943417e-11,0.0007628212,0.040565085,6.332346,-0.9399338,5.859527e-09,0.004023671,-2.9710423e-10
583,3.6513247e-11,3.3619208e-11,1.1007068e-10,0.036043216,6.2619267,-0.6281433,3.841916e-09,0.004194185,-2.3408953e-10
584,2.0143779e-11,1.3970639e-11,6.498909e-11,0.020623755,6.2301674,-0.2067337,2.2932287e-09,0.0025631636,-1.9422423e-10
585,1.9161468e-11,2.054175e-11,6.2864575e-11,0.011559657,6.018259,0.014186859,2.1010567e-09,0.003909327,-1.7197531e-10
586,2.0283185e-12,-1.1792581e-12,3.784323e-11,0.0062259543,5.988983,0.13695908,-8.7641894e-11,-0.0050517246,-1.6623733e-10
587,-1.339574e-10,-2.1301425e-10,-0.018115304,0.002654837,6.257715,0.22746277,-8.584497e-09,-0.03609006,-1.7472598e-10
588,-0.042642035,-0.065164104,-0.07014317,0.008995091,6.457468,0.23886871,-1.7306883e-08,-0.06060969,-1.9191715e-10
589,-0.08591383,-0.1143302,-0.07380018,0.014062812,6.640272,0.22317505,-2.7140915e-08,-0.07855317,-2.0828048e-10
590,-0.10342412,-0.12258527,-0.07237779,0.01737694,6.743862,0.16128922,-3.4628307e-08,-0.087859854,-2.2093061e-10
591,-0.0925424,-0.10718611,-0.06500633,0.018664408,6.732233,0.06765747,-3.5591178e-08,-0.084052205,-2.2703242e-10
592,-0.08023143,-0.091205046,-0.056334347,0.019220948,6.5994415,0.05939865,-3.4306304e-08,-0.07667644,-2.1989245e-10
593,-0.06481579,-0.087025285,-0.046933074,0.020901093,5.8472233,0.43474197,-1.7558264e-08,-0.053090565,-1.7557372e-10
598,3.9317497e-11,5.494026e-11,1.2149619e-10,4.5559964e-10,4.2187157,0.2548828,3.2591219e-09,0.008023411,-3.738267e-10
599,1.6204174e-10,0.0019705426,0.008600146,0.015699932,5.5590305,0.7098465,-1.5998189e-09,-0.009081475,-3.6078154e-10
600,-0.002072107,-0.00991936,-0.0020834953,0.02083907,5.5935154,0.6657791,-2.5876936e-09,-0.011146426,-3.2622546e-10
601,0.0039413273,-0.008053511,0.0005981922,0.027375704,5.560396,0.55007553,1.610033e-09,0.0006531775,-2.8211533e-10
602,0.06812295,0.08494903,0.0825117,0.031988207,4.963743,0.3162346,2.0143563e-08,0.04945668,-2.998455e-10
606,4.2347386e-11,3.918035e-11,9.790327e-11,0.012257987,2.9776077,-0.24267197,4.5306683e-09,0.02098963,-5.833894e-10
607,1.4596276e-10,1.9765652e-10,0.023285076,0.030963343,5.416754,-0.24707794,8.91723e-09,0.0147509165,-5.5203137e-10
608,0.011106978,0.03491306,0.050461266,0.04445484,7.6221294,-0.32528687,7.342911e-09,-0.024551902,-4.7516213e-10
609,0.034274586,0.06320261,0.041579716,0.045233093,8.083384,-0.35322952,4.2631e-09,-0.04750204,-4.425253e-10
610,0.002901636,0.0050749183,0.002126187,0.04095858,7.425621,-0.34523773,-2.0726194e-09,-0.044880755,-4.764516e-10
611,0.018160373,0.0065054893,0.009238973,0.033654634,6.5692577,-0.25643158,5.3953713e-09,0.010195248,-5.3302696e-10
615,9.9335075e-11,9.690019e-11,0.013800364,0.05233436,6.422207,-1.1934509,9.409798e-09,0.0051960815,-4.0705642e-10
616,0.00066170254,0.010056336,0.04309529,0.054157328,7.5261173,-1.0899429,1.336438e-08,0.00218877,-3.7206124e-10
617,8.2903524e-11,8.0296034e-11,0.004559009,0.04778305,7.066654,-0.99456024,7.787795e-09,-0.00052938424,-3.484445e-10
618,6.346326e-11,5.4109554e-11,2.199107e-10,0.041782867,6.8961143,-1.2491798,6.757655e-09,0.0059513915,-3.0203007e-10
619,3.223019e-11,1.41016695e-11,8.7273806e-11,0.028371966,6.6214848,-0.8731613,3.7769072e-09,0.010514438,-2.4080804e-10
621,1.0388261e-11,8.179233e-12,4.5406803e-11,0.0043575712,6.4492397,-0.26320267,1.1578756e-09,0.000446897,-1.7944327e-10
622,-6.9047303e-12,-1.4560112e-11,1.747999e-11,3.4736397e-10,6.335266,-0.07442093,-9.666481e-10,-0.008507799,-1.6833725e-10
623,-5.0175773e-11,-8.524484e-11,-6.671416e-11,2.119775e-10,6.3216896,0.082481384,-5.4592277e-09,-0.02471722,-1.6888466e-10
624,-1.2736778e-10,-2.0453833e-10,-0.015436609,4.8727183e-10,6.303196,0.12199783,-8.553814e-09,-0.035610333,-1.7638355e-10
625,-2.0203096e-10,-0.0047414266,-0.03198407,0.006912448,6.3226624,0.092918396,-9.1247605e-09,-0.036788028,-1.8474751e-10
626,-8.167185e-11,-1.7257917e-10,-0.015100455,0.013320487,6.2811775,-0.036655426,-5.2530744e-09,-0.02240865,-1.9127926e-10
627,2.0195996e-10,0.0005466035,0.024343882,0.02246151,6.2053604,-0.18465424,3.6410874e-10,-0.001247935,-1.9544817e-10
628,0.033975802,0.032212313,0.02278541,0.030175487,6.0072556,-0.15117264,4.517375e-09,0.007120788,-1.79668e-10
629,-0.0026252046,-0.012452066,-0.003377255,0.028854629,5.2465878,0.27049255,-1.5885924e-09,-0.0053730533,-1.3290989e-10
634,-1.2661785e-11,-2.5465519e-11,2.3401975e-12,1.9602059e-10,4.9089146,0.56295395,-1.6082762e-09,-0.00538693,-3.530544e-10
635,5.3852305e-12,4.828268e-12,3.650543e-11,2.1107807e-10,5.315336,0.646286,2.9115732e-10,-0.0033306964,-3.2288658e-10
636,1.2680121e-11,1.5915654e-11,7.01742e-11,0.0033685348,5.3845425,0.6472969,5.333325e-10,-0.0030216463,-2.580883e-10
637,1.6453605e-10,2.0085676e-10,0.031007005,0.020302702,5.3452053,0.523716,5.4991993e-09,0.015089907,-2.4053762e-10
638,0.05266599,0.07001576,0.076654,0.03308906,4.6918945,0.3316002,1.7068205e-08,0.042854257,-2.757826e-10
642,4.5518776e-11,5.631866e-11,1.1871155e-10,0.016089108,2.2373905,-0.2308197,4.443342e-09,0.027311835,-5.894147e-10
643,1.5241843e-10,2.583159e-10,0.025969412,0.039104037,5.240757,-0.10074234,8.829392e-09,0.0049227774,-5.816571e-10
644,0.050442576,0.07795805,0.07833582,0.0514341,7.561266,-0.21513367,2.067474e-08,-0.0043416396,-5.209687e-10
645,0.024207646,0.04856135,0.059631128,0.047084417,7.223175,-0.20811081,1.1706639e-08,-0.016538534,-4.713832e-10
646,0.032753844,0.059552778,0.06535397,0.045840826,6.8251457,-0.27059937,9.492756e-09,-0.024883687,-5.2778615e-10
647,0.059457358,0.09323602,0.055944115,0.0471242,6.4032593,-0.36716843,1.2551581e-08,-0.023387995,-6.130404e-10
650,7.621088e-11,8.247028e-11,0.0040097996,0.047062144,4.4711876,-0.84656143,6.06291e-09,0.005978171,-4.072411e-10
651,1.3657125e-10,1.3799362e-10,0.02489064,0.054995734,7.3510227,-1.0612221,1.0244213e-08,0.001266636,-3.875156e-10
652,1.1408672e-10,1.1458799e-10,0.019010628,0.053382166,8.093151,-1.0144157,8.7178975e-09,-0.00538945,-3.663706e-10
653,6.1605235e-11,5.2009588e-11,2.405693e-10,0.048074916,7.4165134,-1.067627,5.61555e-09,-0.007803576,-3.4586511e-10
654,2.9687513e-11,3.3778765e-11,1.0629313e-10,0.04050119,6.9385643,-1.2063828,2.9705514e-09,-0.0063149743,-3.1408554e-10
655,7.2206477e-13,-4.164377e-12,4.5630194e-11,0.029702147,6.6792564,-0.8356247,-1.3487167e-10,-0.007036634,-2.6917918e-10
656,-2.6737848e-11,-5.4130332e-11,-4.2623405e-12,0.024122687,6.628689,-0.556324,-3.0982346e-09,-0.015750691,-2.389608e-10
657,-9.693832e-11,-1.5454599e-10,-0.012754847,0.01985401,6.5648346,-0.3780403,-6.44196e-09,-0.02784475,-2.114696e-10
658,-2.5134395e-10,-0.007631756,-0.035418384,0.014639655,6.4883785,-0.21651459,-9.900299e-09,-0.04009859,-1.9272542e-10
659,-0.0027265747,-0.019874843,-0.04293466,0.008874845,6.3969784,-0.08314896,-1.1744926e-08,-0.046543952,-1.8386835e-10
660,-0.0017713349,-0.019231036,-0.042301763,0.00868958,6.3389244,-0.05788803,-1.1002435e-08,-0.04381661,-1.815831e-10
661,-1.8008518e-10,-0.0028313857,-0.031367328,0.011653584,6.260603,-0.12294388,-8.013514e-09,-0.033215955,-1.8536638e-10
662,-3.685431e-11,-8.862307e-11,-3.1648204e-05,0.016390571,6.11569,-0.30719757,-3.475793e-09,-0.0164131,-1.9542948e-10
663,3.8165354e-10,0.0029430261,0.025527423,0.024645675,5.943527,-0.43527222,9.333974e-10,0.00023549795,-2.0789036e-10
664,0.022549469,0.030358793,0.027194938,0.02909969,5.5399113,-0.3558159,4.230369e-09,0.011494838,-1.8713053e-10
665,-0.031420723,-0.06612226,-0.025869366,0.015294485,4.8771076,0.025253296,-6.8570376e-09,0.0019810572,-1.14206006e-10
669,8.295546e-11,8.751892e-11,0.010285222,0.01877401,3.7348347,-0.27070236,5.1208193e-09,0.028896108,-4.2029072e-10
670,6.893472e-12,7.1917923e-12,5.0429147e-11,0.00902209,5.0867767,0.55625916,2.989653e-10,-0.0030701905,-3.424324e-10
671,2.5863794e-11,3.278975e-11,9.2656854e-11,0.011579618,5.0251846,0.48698807,2.135529e-09,0.00465215,-3.0392794e-10
672,2.6769576e-11,3.025162e-11,1.236021e-10,0.013367193,5.2675133,0.5034256,1.6080266e-09,0.0007317476,-1.9988378e-10
673,1.4340794e-10,1.7185174e-10,0.022674114,0.022417387,5.2346325,0.47668457,8.406419e-09,0.024785105,-1.5817841e-10
674,0.048431557,0.071854234,0.0748696,0.035680037,4.747278,0.45895767,1.8165114e-08,0.037065983,-2.2183705e-10
678,0.023226658,0.033365067,0.056045726,0.026875598,1.3822556,-0.27822876,1.9684329e-08,0.075774014,-6.518336e-10
679,0.014713986,0.040581334,0.053356312,0.045474064,5.183134,0.06346512,1.19051045e-08,0.0029443689,-5.98718e-10
680,2.9480487e-10,0.009860956,0.03979972,0.04850523,6.272276,0.046020508,8.256229e-09,-0.0047246795,-4.561884e-10
681,4.141681e-11,4.12925e-11,0.0012103579,0.036984008,6.0129013,-0.0138549805,2.3887132e-09,0.0008048117,-4.1010603e-10
682,8.390184e-12,-6.80302e-12,1.0312301e-10,0.03334945,5.9234276,-0.13627625,-4.161116e-12,-0.0028405339,-4.955142e-10
683,0.018408116,0.035543814,0.054499086,0.047045145,6.2528133,-0.30561447,8.277458e-09,-0.0013770871,-6.8709e-10
686,2.9991048e-11,2.2783882e-11,9.5104306e-11,0.050252542,4.7482758,-0.5022392,3.1384157e-09,0.004807811,-4.2802725e-10
687,7.243787e-11,6.2047145e-11,0.0013711036,0.05212217,7.364048,-0.8657875,7.538836e-09,-0.0026480202,-3.7330208e-10
688,3.542441e-11,1.8207751e-11,1.12891155e-10,0.053801626,7.648098,-0.8875046,4.170507e-09,-0.0071940087,-3.546661e-10
689,3.1895053e-11,2.5240346e-11,9.9998496e-11,0.045553505,7.25803,-0.9790306,3.4986822e-09,-0.006847212,-3.314198e-10
690,2.9608524e-11,3.6596306e-11,1.1562601e-10,0.03116038,6.914303,-0.99048996,2.5987683e-09,-0.0038152412,-3.0649366e-10
691,3.288563e-11,2.75888e-11,4.9418177e-05,0.025059473,6.6511326,-0.7153473,1.1260521e-09,-0.0043217577,-2.783697e-10
692,7.2686454e-11,5.56101e-11,0.028869685,0.025365828,6.5164833,-0.57707214,4.4709125e-11,-0.007743664,-2.5865726e-10
693,0.005372341,-0.0029882938,0.002904877,0.025748443,6.3403645,-0.48924255,-2.2213307e-09,-0.015228815,-2.3790064e-10
694,-0.021753993,-0.032760896,-0.015577987,0.024401465,6.2213306,-0.39070892,-7.1989827e-09,-0.02762451,-2.21869e-10
695,-0.03581699,-0.047225013,-0.025440056,0.024227656,6.174122,-0.30336,-1.1171908e-08,-0.03812378,-2.1226651e-10
696,-0.048140757,-0.058949746,-0.03371838,0.024213232,6.275852,-0.2808876,-1.4715281e-08,-0.051139303,-2.1148916e-10
697,-0.044647433,-0.052418828,-0.030716829,0.024942422,6.3693485,-0.3384323,-1.2950823e-08,-0.053480484,-2.1492579e-10
698,-0.024778066,-0.031455,-0.01696578,0.025803056,6.4764366,-0.5334244,-7.652636e-09,-0.041135393,-2.2482136e-10
699,0.0050902525,0.015024749,0.013661025,0.028454104,6.356594,-0.61151505,-6.147687e-10,-0.01620885,-2.3110219e-10
700,0.009120406,0.01584485,0.029038599,0.03068983,5.7202873,-0.51795197,2.6433415e-09,0.0022297353,-1.9608618e-10
701,-0.0440797,-0.091353156,-0.03718153,0.008453516,4.797243,-0.30346298,-8.554663e-09,0.016913168,-1.01221184e-10
705,6.184974e-11,6.652043e-11,0.0036906353,0.016333595,4.7330265,0.36567307,3.6621977e-09,0.014477428,-3.7769834e-10
706,2.4631247e-10,8.730008e-08,0.03745351,0.022633448,4.977604,0.59012985,4.2759467e-09,0.009664692,-3.1171776e-10
707,1.9908071e-10,0.012535128,0.036280405,0.029639995,4.7516785,0.43948746,4.614618e-09,0.0057883337,-2.7302224e-10
708,1.2924331e-10,3.781087e-10,0.02865772,0.030393051,5.5931587,0.48735428,4.2656385e-09,-0.012169909,-1.5426638e-10
715,2.1138334e-10,4.135798e-10,0.032831956,0.036135793,5.2280045,0.42914963,8.9922185e-09,0.015659053,-6.342673e-10
716,-2.1543656e-10,-0.023634136,-0.035179313,0.01644823,4.611149,0.21713638,-7.708969e-09,-0.0017925352,-3.390232e-10
717,-7.993684e-12,-2.2611598e-11,1.0210888e-11,0.011757161,5.0757465,0.0345459,-8.725034e-10,-0.002120819,-3.654328e-10
719,0.03894888,0.06345507,0.06915354,0.04808137,5.8873825,-0.45532608,1.2063115e-08,6.489828e-05,-7.4880924e-10
726,1.9206045e-11,1.7006849e-11,6.217014e-11,0.0065687327,6.64003,-0.79768753,2.0923436e-09,0.0037696622,-2.8660946e-10
727,1.8624668e-11,2.3932209e-11,7.827211e-11,0.011355573,6.487959,-0.6225357,1.4920358e-09,0.00022765622,-2.6671657e-10
728,4.7172877e-11,4.6099465e-11,0.004114959,0.014215666,6.3390675,-0.5532265,1.7860557e-09,0.0011501983,-2.5089375e-10
729,9.815039e-11,9.4857046e-11,0.02542037,0.015666857,6.124834,-0.5058098,2.0324284e-09,0.0027240962,-2.3287958e-10
730,0.0028882993,0.010003585,0.04236995,0.017601939,5.7891293,-0.4595604,3.9391406e-09,0.009754933,-2.1206142e-10
731,0.008722392,0.017256713,0.04622145,0.017755726,5.5387535,-0.4269066,5.948209e-09,0.01672291,-1.9330634e-10
732,0.011985831,0.020793376,0.048338816,0.019036034,5.3548756,-0.43590546,8.447336e-09,0.025551349,-1.8225986e-10
733,0.0051448587,0.017896727,0.04428855,0.022315636,5.3697624,-0.5014343,8.931022e-09,0.01897753,-1.8881667e-10
734,0.0057283808,0.02970587,0.045860592,0.030300144,5.869215,-0.69062424,1.0238713e-08,0.0023366772,-2.1515732e-10
735,0.016278977,0.040468168,0.053073768,0.03573438,6.108198,-0.71032333,1.2866153e-08,0.009566247,-2.4671384e-10
736,0.07498576,0.12002004,0.096690476,0.047973294,5.4015236,-0.5997963,2.081137e-08,0.0008591488,-2.0939411e-10
737,-0.018082522,-0.046435922,-0.019335546,0.011419522,4.777212,-0.37189865,-2.370733e-09,0.013038248,-1.2209145e-10
740,4.3858705e-11,5.8051043e-11,1.426882e-10,0.006708719,5.478672,-0.079322815,3.5899745e-09,0.0077420063,-3.103524e-10
741,4.4500924e-11,5.856991e-11,1.5881174e-10,0.006115474,5.601383,0.50955963,3.3381795e-09,0.0064028874,-3.192578e-10
742,2.9713416e-11,4.134109e-11,1.0209012e-10,0.002082107,5.150036,0.6068497,2.3206868e-09,0.002860602,-2.577566e-10
743,4.667043e-11,4.141916e-11,0.0008400738,0.014712333,4.345381,0.4292755,2.4011104e-09,0.015228465,-1.6777174e-10
744,0.011396518,0.04495534,0.05122494,0.034717407,4.1777744,-0.07880783,4.682585e-09,-0.009381592,-1.5712154e-11
751,1.4504284e-10,1.5202466e-10,0.019412685,0.02395889,4.8064003,0.3155861,9.857109e-09,0.03714219,-7.136708e-10
752,-7.6240785e-12,-1.5617509e-11,5.9186267e-12,0.0027719215,4.3470764,0.16960144,-8.176406e-10,-0.0025287792,-4.5308007e-10
753,1.5280123e-11,1.6493255e-11,4.8007584e-11,4.046135e-10,4.399027,-0.18346405,1.6500596e-09,0.005517654,-4.2749476e-10
755,5.267961e-11,4.3605747e-11,1.6607782e-10,0.04000592,6.1461506,-0.56124496,5.112211e-09,0.009005498,-8.500474e-10
764,-1.0775726e-11,-1.0255271e-11,2.7650937e-12,9.038492e-11,6.2391357,-0.5246086,-1.3723249e-09,-0.009110134,-2.4379843e-10
765,-2.117389e-11,-2.998352e-11,-1.2829522e-11,7.762148e-11,6.1542854,-0.49108505,-2.718279e-09,-0.014588837,-2.3322122e-10
766,-2.4162356e-11,-3.807738e-11,-1.6281927e-11,8.5238316e-11,5.989973,-0.46482086,-3.1598857e-09,-0.015929185,-2.2361929e-10
767,-3.3014605e-11,-5.1866834e-11,-3.161251e-11,7.741051e-11,5.936964,-0.45664597,-4.14229e-09,-0.019456819,-2.1869848e-10
768,-1.7440605e-11,-2.8924956e-11,-2.763026e-12,1.111911e-10,5.7132053,-0.48733902,-2.4419977e-09,-0.012916114,-2.1187327e-10
769,2.2231238e-11,3.0379463e-11,8.870962e-11,2.849843e-10,5.364422,-0.5560074,1.4154535e-09,0.0012777485,-2.090152e-10
770,2.4369038e-11,3.1957853e-11,8.3712016e-11,0.005775043,5.2480316,-0.6818199,2.1225146e-09,0.007997394,-2.3158109e-10
771,5.4054726e-11,6.93351e-11,2.7374703e-10,0.024388228,5.298561,-0.7014847,3.9654777e-09,0.00882373,-2.7472158e-10
772,0.012368664,0.028096884,0.049180347,0.03083345,4.1196175,-0.8031807,8.21522e-09,0.023920588,-2.4930913e-10
773,1.6765034e-11,8.908166e-12,1.3886965e-10,0.0050213775,5.273058,-0.2855606,-1.5780266e-11,-0.0032005012,-1.6159689e-10
775,1.1927394e-10,1.3524133e-10,0.0050770557,0.0042911787,4.4501915,0.2105484,9.93265e-09,0.035759386,-2.861491e-10
776,3.1747455e-11,4.3473006e-11,9.0771515e-11,2.6847843e-10,6.148529,0.18659592,2.9735618e-09,0.0067930147,-2.820319e-10
777,-8.561901e-12,-1.5932651e-11,6.603551e-12,9.118088e-11,5.999117,0.54408264,-1.1941634e-09,-0.008296125,-2.7708374e-10
778,-4.8128238e-12,-1.00936395e-11,1.3804832e-11,1.03238904e-10,5.592354,0.6369972,-8.3285645e-10,-0.006922137,-1.7798074e-10
779,-3.09341e-11,-4.8865804e-11,-3.076902e-11,8.64816e-11,5.4252644,0.54491806,-3.7190864e-09,-0.017888237,-2.4537872e-11
787,6.068482e-11,7.658613e-11,1.7550651e-10,0.010444448,4.0631485,0.13716507,5.543579e-09,0.024381079,-7.337451e-10
789,-2.8583826e-11,-5.2865903e-11,-2.5873664e-11,0.010636987,5.3530006,-0.59298706,-3.1263117e-09,-0.014120523,-4.8069554e-10
790,4.3248342e-11,5.516891e-11,1.5374955e-10,0.024416963,6.221401,-0.2783661,3.5354208e-09,0.0021034256,-6.347709e-10
803,-6.8177833e-12,-2.518616e-12,4.5769916e-12,5.7696403e-11,5.5935173,-0.4565773,-9.891692e-10,-0.0064276867,-2.0736825e-10
804,-4.5248492e-12,-4.53497e-12,8.243295e-12,6.1281556e-11,5.4629097,-0.4908104,-7.2906925e-10,-0.005110573,-2.1097459e-10
805,-3.1349576e-13,-3.752186e-12,1.4934283e-11,6.993809e-11,5.278841,-0.54881287,-2.0623814e-10,-0.0027965605,-2.1953775e-10
806,-2.465944e-13,-1.1364589e-11,1.7963915e-11,9.7127334e-11,5.1667023,-0.63435745,-1.6574164e-10,-0.003196735,-2.4438362e-10
807,6.625374e-11,8.502846e-11,0.0029071264,0.023472985,5.0658207,-0.590744,4.457216e-09,0.008765705,-2.8990432e-10
808,2.8668965e-11,3.6252275e-11,6.155843e-11,1.0748147e-10,2.095705,-0.83283615,3.1055887e-09,0.01881057,-2.9308442e-10
810,2.197113e-11,3.1429335e-11,8.7534445e-11,2.1950491e-10,5.6780815,0.26067352,1.3129604e-09,0.00095244497,-2.3143287e-10
811,-4.57337e-11,-7.0660935e-11,-5.222773e-11,6.3890254e-11,6.4063663,0.2513199,-5.595809e-09,-0.025059815,-2.5555302e-10
815,-2.615951e-11,-2.5225955e-11,-2.2882328e-11,4.893927e-11,5.8372173,0.6848259,-3.3082719e-09,-0.016721662,8.7879204e-11
823,2.1828206e-11,1.3478406e-11,1.1956165e-10,0.008641351,3.2772484,-0.017528534,1.0556729e-09,0.012349591,-5.3967925e-10
824,-1.1059613e-11,-1.7496634e-11,-1.1513707e-13,1.1331866e-10,4.971861,-0.13998032,-3.4747853e-09,-0.011979811,-4.4979598e-10
826,-3.0437288e-11,-5.3512784e-11,-2.4291957e-11,0.0066220043,6.2125816,0.2268219,-3.4913494e-09,-0.017292507,-5.864901e-10
845,5.6157808e-11,5.6511882e-11,1.0831274e-10,1.3110138e-10,3.8446503,0.16666031,6.4962915e-09,0.028655805,-2.7007313e-10
859,-3.0495224e-11,-5.952029e-11,-4.205418e-11,8.759654e-11,3.727728,-0.06698227,-3.327691e-09,-0.0061058067,-2.4976426e-10
860,-1.7875597e-12,-1.7691907e-12,2.9218232e-11,1.3620284e-10,5.3271427,-0.05770111,-4.2309107e-09,-0.015753653,-2.595073e-10
862,-3.6527645e-11,-6.481326e-11,-3.9648757e-11,1.1223983e-10,5.6709824,0.46110153,-3.794316e-09,-0.015408352,-5.87698e-10
863,5.853157e-11,7.149641e-11,1.8493101e-10,0.020215617,6.1587543,-0.44462967,5.3717866e-09,0.012125064,-9.1485486e-10
954,8.9384776e-12,2.192369e-12,2.8350267e-11,7.970175e-11,5.32823,0.4389,-1.4238588e-09,-0.006721787,-2.665918e-10
975,5.1005682e-11,1.239582e-11,1.03206235e-10,7.8726775e-11,5.2627716,-0.45367813,1.3074261e-08,0.03499853,-4.367796e-10
976,4.586712e-11,1.1724914e-11,8.899102e-11,6.817064e-11,4.376726,-0.5499611,1.0745269e-08,0.044787552,-3.4997638e-10
977,3.0094642e-11,1.4466749e-11,5.844346e-11,6.758283e-11,3.8339996,-0.6508522,3.7558223e-09,0.014947988,-3.2638567e-10
978,2.4465902e-11,2.1809075e-11,5.0552253e-11,6.148029e-11,4.0805073,-0.7082939,2.5906983e-09,0.009914573,-3.4132855e-10
979,1.5438838e-11,1.6664545e-11,3.6421678e-11,5.1747273e-11,4.424308,-0.73745346,1.4200197e-09,0.0034027174,-3.6321868e-10
980,9.527381e-12,1.079472e-11,2.6493318e-11,4.6301747e-11,4.6956377,-0.76763916,4.846621e-10,-0.0029904544,-3.8130157e-10
990,5.4177322e-11,8.5609624e-11,1.2220913e-10,1.2372518e-10,4.993618,0.57232285,-8.0433704e-10,0.009586386,-2.9982355e-10
991,4.1346482e-11,4.58417e-11,9.736927e-11,9.606007e-11,5.805238,0.54536057,4.0996353e-09,0.0025064647,-2.3415903e-10
992,1.4783688e-11,1.731648e-11,4.3763243e-11,7.2595256e-11,5.7690945,0.5811157,1.1783348e-09,-0.007064767,-2.0700641e-10
995,-1.5568095e-11,-1.903903e-12,-6.8826854e-12,3.703675e-11,6.7493763,0.5971985,-6.1398984e-09,-0.02664208,-1.8620583e-10
996,-1.7522808e-11,-4.704402e-12,-1.0243691e-11,3.0545615e-11,6.330041,0.4124527,-7.953843e-09,-0.029129367,-1.6949714e-10
1012,1.0507747e-09,2.818698e-10,0.015182007,7.801365e-11,3.6878014,-0.49843216,3.7695067e-08,0.064441636,-3.6097597e-10
1013,1.4234798e-09,3.9043116e-10,0.019485869,7.830599e-11,3.3870668,-0.632061,2.899032e-08,0.043951757,-3.506472e-10
1014,1.4732557e-09,4.2390147e-10,0.019090647,6.510924e-11,3.8215303,-0.6672287,1.825957e-08,0.022646561,-3.5914127e-10
1015,1.189774e-09,4.459037e-10,0.016686343,6.154463e-11,4.164873,-0.68915176,1.31355655e-08,0.017477825,-3.7282946e-10
1016,4.281051e-10,2.7598723e-10,2.189543e-09,5.5739656e-11,4.47149,-0.714283,3.4318859e-09,0.005153984,-3.9115222e-10
1017,3.333532e-11,5.933902e-11,1.3018138e-10,4.7892766e-11,4.825099,-0.7437935,-8.321601e-09,-0.013635516,-4.1179404e-10
1018,6.548158e-12,1.34423375e-11,3.3228503e-11,3.976574e-11,4.9992304,-0.7841873,-4.3846224e-09,-0.008995965,-4.2270817e-10
1019,6.798808e-12,1.1563639e-11,2.6361947e-11,3.7759906e-11,5.0809546,-0.82930374,-3.4398377e-09,-0.009320319,-4.3651438e-10
1020,1.6063956e-12,8.185546e-12,1.6835033e-11,3.6950797e-11,5.470154,-0.8330002,-5.7641847e-09,-0.02168487,-4.6743964e-10
1021,8.235367e-12,1.2390199e-11,2.1660007e-11,3.071514e-11,4.7988176,-0.8487663,-2.345879e-09,-0.007474698,-4.8806703e-10
1026,0.03557647,0.019415196,0.054152135,1.2725676e-10,3.4361258,0.71630096,5.7410478e-08,0.09482523,-3.3643194e-10
1027,0.013473198,7.97087e-10,0.034815677,9.3434815e-11,4.388732,0.63407516,4.642967e-08,0.063957416,-2.7465086e-10
1028,0.00046479207,5.465893e-10,0.026711363,8.022179e-11,4.6592913,0.6079445,2.9414103e-08,0.043325834,-2.438008e-10
1029,4.397584e-10,3.1335784e-10,0.0029254141,7.650399e-11,4.998926,0.6068268,6.837439e-09,0.011958927,-2.4021224e-10
1030,2.1402866e-11,4.3047853e-11,6.940219e-11,5.948873e-11,5.7571373,0.5914612,-5.8113248e-09,-0.018052056,-2.388098e-10
1031,-2.5509997e-11,-2.0853114e-11,-1.3263578e-11,3.874978e-11,6.840539,0.57653046,-1.3272169e-08,-0.04562457,-2.1723562e-10
1032,-5.682222e-12,-6.837607e-12,1.4008579e-11,3.8261012e-11,6.462682,0.5154686,-4.497787e-09,-0.01844585,-1.9204383e-10
1033,2.5274227e-13,-9.55536e-13,1.3253516e-11,3.2322797e-11,5.3138447,0.4164467,-3.855946e-09,-0.008074537,-1.8974311e-10
1034,-1.0487385e-11,-1.8959153e-12,-3.4680904e-12,2.483276e-11,4.882497,1.0994873,-1.0832512e-08,-0.022759572,-3.1610448e-10
1047,0.084655814,0.048998848,0.04698607,9.477841e-11,5.541831,-0.20484543,1.5737709e-07,0.11299774,-5.397545e-10
1048,0.046502978,0.010162224,0.047517896,6.187884e-11,3.4342775,-0.579834,6.591936e-08,0.0417746,-3.695319e-10
1049,0.043265853,0.011537657,0.030769942,6.0789145e-11,3.5996466,-0.65983963,3.1820093e-08,0.018090189,-3.6899492e-10
1050,0.042990934,0.010420218,0.042640932,6.190227e-11,3.943777,-0.68392944,2.3423041e-08,0.01552099,-3.8017492e-10
1051,0.035520982,0.0010349106,0.046788253,5.6031547e-11,4.15166,-0.7003403,1.5263346e-08,0.014092341,-3.921597e-10
1052,0.026520325,2.1819524e-09,0.041020922,5.1851523e-11,4.395772,-0.72003937,-3.791314e-09,0.0046578795,-4.0943235e-10
1053,0.00927384,6.64571e-10,0.030165205,4.417089e-11,4.6568975,-0.7416878,-1.7010038e-08,-0.0056331307,-4.2578266e-10
1054,3.3562692e-10,3.283573e-10,0.01414261,4.1965e-11,4.8946915,-0.7607956,-2.500298e-08,-0.01856342,-4.4585444e-10
1055,8.2457305e-11,1.1130992e-10,2.2060517e-10,3.82257e-11,4.9278946,-0.77985,-1.2608503e-08,-0.013316572,-4.641746e-10
1056,5.2728228e-11,6.8815974e-11,8.6540636e-11,4.207515e-11,5.314563,-0.63214874,2.103576e-09,0.007032886,-5.164992e-10
1057,6.906732e-12,1.5847849e-11,2.4208635e-11,3.065497e-11,5.1370726,-0.74147797,-1.1411657e-08,-0.01922208,-5.054065e-10
1063,0.052489594,0.019163024,0.06267704,6.4515254e-11,3.7932072,0.6932564,7.015167e-08,0.07559022,-2.574313e-10
1064,0.058435097,0.022619568,0.06670974,7.170018e-11,4.1238527,0.6116638,6.845538e-08,0.06609915,-2.4604774e-10
1065,0.039489694,0.002543321,0.050887123,6.1929045e-11,4.685834,0.5781784,4.1638273e-08,0.030926198,-2.3718555e-10
1066,0.0238152,2.1942228e-09,0.039912056,5.6136366e-11,5.1933928,0.5587311,1.5853814e-08,0.009579718,-2.3052904e-10
1067,3.4883624e-10,3.9726739e-10,0.0048102206,5.4032244e-11,5.85021,0.5434265,-1.8275188e-08,-0.02408266,-2.2982383e-10
1068,-1.9789406e-11,-8.748911e-12,1.3173171e-11,3.435517e-11,6.355056,0.48949432,-1.926859e-08,-0.03182128,-2.0261753e-10
1083,0.09598711,0.051881336,0.08716057,6.9817103e-11,4.5968924,-0.27253723,1.7129537e-07,0.113753945,-6.3056527e-10
1084,0.0362647,0.0014217937,0.04745126,5.1095655e-11,4.6261635,-0.5218239,3.3014643e-08,0.0122021735,-4.7807885e-10
1085,0.032118835,0.008897523,0.028200047,4.130097e-11,3.903699,-0.6902695,2.0356772e-08,0.010751814,-4.330339e-10
1086,0.04426091,0.011337951,0.036379483,3.9375107e-11,3.64015,-0.7390175,2.9760727e-08,0.018485487,-4.202256e-10
1087,0.04213401,0.01275132,0.036852174,3.9876775e-11,3.827839,-0.7604523,1.2188373e-08,0.012942657,-4.254698e-10
1088,0.025718236,0.010125163,0.026507318,3.8487068e-11,4.1123505,-0.7775612,-8.543708e-09,0.0022577047,-4.351316e-10
1089,0.022790775,0.009318233,0.02613972,3.7690434e-11,4.4071507,-0.7775078,-1.659265e-08,-0.00029589236,-4.4704213e-10
1090,0.041660883,0.0018477953,0.048581406,3.755571e-11,4.6034036,-0.7592468,-3.8044377e-09,0.008771896,-4.635273e-10
1091,0.019998036,1.2490213e-09,0.034749374,4.063439e-11,4.671682,-0.68828964,1.692554e-08,0.025514677,-4.978387e-10
1092,5.558504e-10,3.6159548e-10,7.3954054e-10,5.5332586e-11,5.2144313,-0.09441757,5.2657022e-08,0.10057857,-5.923245e-10
1100,0.015811358,0.004721446,0.011979431,3.8959558e-11,4.68643,0.68686295,6.3125526e-08,0.03228548,-1.9364105e-10
1101,0.04384459,0.04518484,0.04067192,5.059586e-11,4.860882,0.5767822,6.516859e-08,0.030696213,-1.995526e-10
1102,0.032715928,0.02148678,0.03464817,4.3738284e-11,5.1667557,0.5452881,5.3307943e-08,0.019498482,-1.9092344e-10
1103,0.03825001,0.0144826835,0.04019218,4.388479e-11,5.19097,0.4976616,6.5405885e-09,0.005686477,-2.0401214e-10
1104,1.980667e-09,6.790816e-10,0.01998522,4.0238583e-11,5.5091643,0.4745865,-2.4346775e-08,-0.01355505,-2.0691754e-10
1120,0.017845882,2.3042514e-10,0.039280888,4.13555e-11,5.231957,-0.61021805,2.716942e-08,0.057381094,-6.0250455e-10
1121,0.061161526,0.026573814,0.050599054,2.9730572e-11,3.566105,-0.90382767,-4.8618958e-09,0.03249964,-4.9608706e-10
1122,0.07040879,0.041324805,0.04126853,2.0736197e-11,2.4665332,-0.86507416,4.8344393e-08,0.08122532,-4.4155815e-10
1123,0.040889904,0.029213045,0.027603488,1.9371713e-11,2.6792808,-0.8931351,2.0903975e-08,0.05113858,-4.411349e-10
1124,0.027353175,0.047575586,0.02565002,2.8059749e-11,3.3774047,-0.8871269,4.4271076e-09,0.022178143,-4.5100987e-10
1125,0.044207953,0.03932385,0.041366022,3.3741503e-11,3.968227,-0.80382156,3.3105167e-08,0.028527617,-4.68491e-10
1126,0.09291669,0.036156386,0.07734988,3.3752105e-11,4.3415713,-0.64575577,8.7369884e-08,0.055213407,-4.980983e-10
1127,0.0671671,0.006963571,0.060629264,4.767487e-11,4.8061013,-0.33514786,1.2438608e-07,0.13079503,-5.711235e-10
1128,0.017734291,7.3272066e-10,0.030104782,5.4202674e-11,4.482791,0.15478897,7.913078e-08,0.14723706,-6.7379696e-10
1137,0.03461373,0.012281001,0.028176188,2.9013833e-11,5.0384827,0.65690994,2.0422677e-07,0.05986333,-1.2486057e-10
1138,0.027924098,0.022314098,0.03184554,2.7418172e-11,5.300521,0.5651169,1.4836677e-07,0.03759125,-1.356984e-10
1139,0.011472024,0.0032950111,0.022896975,2.853593e-11,4.7141867,0.38072205,2.5041643e-08,-0.0008317232,-1.8184709e-10
1140,-0.0031180703,2.7898256e-10,0.018435394,2.6400028e-11,4.068327,0.07923508,-7.187564e-08,-0.03738478,-2.1549967e-10
1156,0.053986095,3.3783643e-10,0.051995546,3.8782616e-11,4.9545493,-0.90506744,-1.1393752e-08,-0.028041795,-4.5421306e-10
1157,0.06956373,0.069212034,0.07389785,3.735357e-11,4.8979616,-0.90190506,3.64586e-08,0.00049862266,-5.1873866e-10
1158,-0.05936762,0.024472166,-0.008089103,2.7716947e-11,4.632327,-1.0851173,-1.9739423e-07,-0.09104182,-5.4474e-10
1159,-0.029491715,0.059264336,0.020255804,4.26182e-11,5.6879644,-1.112587,-1.7023459e-07,-0.103548825,-5.632893e-10
1160,0.014222458,0.06334445,0.034511436,3.632479e-11,4.0795693,-1.0334282,-9.3076395e-08,-0.031700104,-5.395181e-10
1161,0.1446284,0.079847336,0.108087964,4.6788524e-11,3.6571825,-0.6346626,2.0547989e-07,0.15188749,-5.2940397e-10
1162,0.11567997,0.03388163,0.085325435,4.9779944e-11,4.736719,-0.13027954,1.8171322e-07,0.1847504,-6.1478483e-10
1163,0.086367786,2.1371505e-09,0.06345287,5.3491e-11,5.3963804,0.12592697,1.7042059e-07,0.1796521,-6.566446e-10
1164,9.994833e-11,7.492631e-11,1.0642366e-10,4.13767e-11,5.375328,0.35934448,4.0611393e-08,0.09976416,-7.8137885e-10
1172,0.15580365,0.0016763762,0.106552504,4.481732e-11,7.1747394,0.6444435,5.454989e-07,0.09825742,-2.0677349e-11
1173,0.087239325,0.0047188736,0.104161866,2.9242313e-11,6.569397,0.5392418,2.842029e-07,0.06524202,-1.0793022e-10
1174,0.017969131,9.388344e-09,0.031678982,5.075898e-12,5.6027455,0.44694138,1.940896e-07,0.012008429,-1.251686e-10
1175,-0.0963134,-9.189838e-10,-0.054915328,1.0675294e-11,3.0863612,-0.3762207,-1.667565e-07,-0.092801824,-2.7376812e-10
1176,-0.03858422,-7.3438083e-10,-0.017236874,-1.4632563e-11,1.5227146,-1.3232346,-1.7060036e-07,-0.16909304,-2.7015673e-10
1195,0.11330525,1.0647797e-09,0.05670542,4.524028e-11,3.6516197,-0.60821533,1.6580445e-07,-0.032034308,-4.5095463e-10
1196,0.121539205,1.0369456e-09,0.06314828,3.6409126e-11,3.5055768,-0.8790169,2.2740949e-08,-0.06525692,-4.764337e-10
1208,0.10215785,4.6109023e-09,0.051801216,4.2922405e-11,5.9607506,0.4170227,2.7722604e-07,0.0047515035,-1.3587703e-10
1209,0.121860825,3.8464805e-09,0.07882359,4.775344e-11,6.285121,0.27518845,1.0358664e-07,-0.061286986,-1.716483e-10
1210,0.018835451,2.602905e-10,0.001964123,4.2487805e-11,3.9648302,-0.40715408,-8.148821e-08,-0.08207473,-2.5305358e-10
1211,-7.553458e-10,-4.779812e-11,-2.701622e-10,2.1139205e-11,1.4658185,-1.3915558,-2.581777e-07,-0.25614113,-3.9502657e-10
1212,-0.08580213,-3.041795e-10,-0.018949216,-2.2130874e-12,0.89103174,-1.3151512,-2.6506186e-07,-0.18577625,-3.6599807e-10
1247,-8.2304934e-11,-1.0669285e-11,-4.2874253e-11,-9.015219e-13,0.5719748,-1.7097855,-1.0383771e-07,-0.17374319,-4.329753e-10
1248,-2.7999478e-11,1.3538858e-12,-5.0829063e-12,2.989397e-12,0.5651834,-1.4460869,-7.386279e-08,-0.038588434,-4.0239484e-10
1249,-7.480576e-11,-7.19581e-12,-2.9342757e-11,1.8172842e-12,0.76816463,-1.3038406,-1.07547855e-07,-0.057985187,-3.985584e-10
1250,-1.2139575e-10,-1.4700829e-11,-4.5212778e-11,7.061808e-13,0.8454945,-1.1300888,-1.1746423e-07,-0.06473136,-3.970747e-10
1284,3.071199e-11,4.192563e-12,1.1695596e-11,8.0259286e-13,0.296893,-1.1789589,7.242985e-08,0.0342398,-3.3249592e-10
1285,1.6440022e-10,1.5772262e-11,8.150939e-11,7.1887774e-12,0.43179238,-1.0968704,9.0393286e-08,0.11843604,-3.062045e-10
1286,8.5765756e-11,8.4391105e-12,4.0633837e-11,3.0798506e-12,0.42419434,-1.3441086,3.816939e-08,0.13121888,-3.4242614e-10
