,bn,bs,sn,ss,sst,sal,po4,chl,fe
40,0.73470837,0.030161494,0.23463875,0.0004914728,-1.4910755,34.726734,1.8899345e-06,0.43646443,6.318424e-10
51,0.7848753,0.014502089,0.2005549,6.768777e-05,-1.6135899,34.642075,1.8304704e-06,0.511365,6.2434125e-10
53,0.75912195,0.030080834,0.20974594,0.0010512784,-1.3341299,34.66873,1.7563344e-06,0.482012,5.980899e-10
54,0.75613344,0.028916864,0.21405268,0.0008970026,-1.3567905,34.68392,1.7730764e-06,0.6254502,5.970112e-10
72,0.8136878,7.110023e-09,0.18631221,6.797324e-11,0.40836927,34.666958,1.6197909e-06,0.38843855,5.7982125e-10
73,0.97777206,2.073094e-08,0.022227975,1.0867455e-10,-0.10120174,34.43131,1.3306079e-06,0.50681365,4.919728e-10
74,0.80329007,8.216337e-09,0.19670993,7.26156e-11,1.2111019,34.626167,1.4770857e-06,0.37736323,5.4680277e-10
75,0.82091945,1.1507473e-08,0.17908056,7.765548e-11,1.6068125,34.68072,1.5141126e-06,0.3780434,5.612019e-10
76,0.8278614,1.18545875e-08,0.17213853,8.184854e-11,2.0928366,34.70905,1.5038514e-06,0.37097365,5.6403937e-10
77,0.8538801,1.0352279e-08,0.14611995,8.9206795e-11,2.5790288,34.734398,1.4928207e-06,0.3924063,5.6715904e-10
78,0.90590537,1.9251422e-08,0.094094664,1.0470281e-10,2.2933028,34.739254,1.506832e-06,0.49409342,5.6714894e-10
79,0.9328505,1.6462646e-08,0.067149535,1.0927151e-10,2.1039934,34.741432,1.5141999e-06,0.46633378,5.667104e-10
80,0.84547275,9.93678e-09,0.15452722,8.186127e-11,1.5695174,34.729465,1.5599372e-06,0.37201118,5.723331e-10
81,0.8349222,9.986058e-09,0.16507784,7.8838054e-11,1.302334,34.717594,1.5598029e-06,0.38066554,5.683286e-10
82,0.8463813,1.7409384e-08,0.15361871,8.538832e-11,1.0899868,34.702938,1.5401039e-06,0.43082762,5.5842725e-10
83,0.85157084,1.68462e-08,0.14842916,8.611835e-11,1.0287359,34.693455,1.5270672e-06,0.43114734,5.537582e-10
84,0.8612046,1.6704874e-08,0.13879536,8.781495e-11,0.96939915,34.689384,1.5273482e-06,0.42371982,5.538932e-10
85,0.86090463,1.721322e-08,0.13909543,8.769245e-11,0.97432154,34.686047,1.5270742e-06,0.4210086,5.537805e-10
86,0.8603966,1.8851082e-08,0.1396034,8.9563586e-11,1.2122344,34.690544,1.5077895e-06,0.40650657,5.500183e-10
87,0.8769221,2.004796e-08,0.1230779,9.684422e-11,1.6915374,34.707325,1.4802988e-06,0.44232896,5.4712557e-10
88,0.8896363,2.2761384e-08,0.11036369,1.0535823e-10,2.290024,34.728344,1.4328921e-06,0.5122597,5.405389e-10
89,0.91732377,2.1562938e-08,0.08267619,1.14459255e-10,2.9263427,34.752403,1.3743773e-06,0.3738495,5.3343835e-10
90,0.99999976,3.224609e-08,2.350098e-07,1.5691329e-10,2.9892218,34.76085,1.3423626e-06,0.386734,5.267056e-10
91,0.9022824,2.699153e-08,0.0977176,1.11093156e-10,1.8961754,34.72603,1.3684964e-06,0.40344715,5.181179e-10
92,0.87534475,1.6404547e-08,0.12465524,9.5847545e-11,1.3374149,34.716366,1.4015607e-06,0.46398905,5.206429e-10
93,0.99898493,2.1144723e-08,0.0010150241,1.1781262e-10,0.34904015,34.700603,1.4655919e-06,0.5555144,5.2528054e-10
94,0.85809684,0.06648498,0.075009964,0.0004081613,-0.6140478,34.627464,1.3647059e-06,0.48716688,4.8937854e-10
95,0.77654314,0.080272466,0.14234914,0.0008352487,-1.0184014,34.567986,1.339906e-06,0.63557196,4.795594e-10
96,0.7544469,0.08185157,0.16277444,0.00092707574,-1.1705295,34.550568,1.3794308e-06,0.63760275,4.902287e-10
97,0.7627107,0.07053322,0.16547072,0.0012853728,-1.2404727,34.553757,1.4131037e-06,0.60425633,5.0026466e-10
98,0.77966195,0.068305954,0.15086427,0.0011678709,-1.1685323,34.571896,1.4269076e-06,0.5079954,5.076419e-10
99,0.76225424,0.094678104,0.14233239,0.0007352019,-0.9871104,34.597755,1.4256077e-06,0.43358445,5.1327426e-10
100,0.78506476,0.09155216,0.122741185,0.00064187974,-0.85278,34.620235,1.4226761e-06,0.43980345,5.172484e-10
101,0.8149129,0.062285934,0.12197533,0.00082590815,-0.9713041,34.573605,1.3941932e-06,0.6263999,5.0986143e-10
102,0.8024068,0.058330525,0.13824168,0.0010208982,-1.0878913,34.506313,1.3902792e-06,0.5658076,5.070469e-10
103,0.8292688,0.07435827,0.095897004,0.00047593054,-0.7776165,34.59392,1.453603e-06,0.44199023,5.274351e-10
104,0.9999978,9.94406e-07,1.1224314e-06,4.2593737e-09,-0.3332779,34.735844,1.6465314e-06,0.6035626,5.8155186e-10
105,0.99999994,3.183023e-08,5.1962097e-08,1.9104901e-10,-0.46114278,34.72717,1.6022834e-06,0.44798282,5.647072e-10
106,0.9999999,4.9374776e-08,7.4226534e-08,2.2988073e-10,-0.14920229,34.76199,1.7164032e-06,0.44743726,5.9744465e-10
107,0.78686386,4.3885016e-09,0.2131361,6.1373615e-11,0.12987752,34.69567,1.6749926e-06,0.40408897,5.9138483e-10
108,0.5758374,0.16569373,0.25846887,9.316125e-11,6.0544953,34.735226,1.1011507e-06,0.37656704,4.5680643e-10
109,0.5817326,0.15590152,0.2623659,9.7939226e-11,6.4007254,34.712864,1.0297405e-06,0.3731253,4.3925363e-10
110,0.60464334,0.12056022,0.27479643,1.04335304e-10,7.051747,34.744934,1.0253168e-06,0.37227976,4.475962e-10
111,0.5789941,0.15149333,0.2695126,1.0596942e-10,7.479477,34.754444,9.709008e-07,0.3707839,4.3637874e-10
112,0.5803409,0.14606741,0.27359167,1.12656794e-10,7.9964595,34.77173,8.9754144e-07,0.3677529,4.22528e-10
113,0.61109143,0.101619996,0.28728858,1.1994374e-10,8.3771715,34.79412,8.6660924e-07,0.36553538,4.23116e-10
114,0.6530806,0.046347316,0.30057213,1.1598972e-10,8.105548,34.79471,9.359474e-07,0.36382672,4.4423767e-10
115,0.6179699,0.0950993,0.2869308,1.1206734e-10,7.989045,34.79307,9.539932e-07,0.36904207,4.4896067e-10
116,0.5714478,0.16023685,0.26831532,1.0384722e-10,7.583796,34.778973,9.731459e-07,0.3716012,4.471834e-10
117,0.54921323,0.1908766,0.25991023,1.0330546e-10,7.4669495,34.76655,9.482868e-07,0.37222546,4.34622e-10
118,0.54224086,0.2001717,0.2575874,1.0526073e-10,7.5192213,34.760952,9.012066e-07,0.3705218,4.186144e-10
119,0.5455602,0.19499977,0.25944015,1.083367e-10,7.647287,34.764725,8.5630586e-07,0.36811075,4.066637e-10
120,0.552871,0.18554777,0.26158124,1.08677345e-10,7.595432,34.76786,8.5271034e-07,0.3674132,4.0583306e-10
121,0.5584506,0.17861664,0.26293275,1.0792647e-10,7.516397,34.76729,8.641586e-07,0.3674943,4.0862067e-10
122,0.56547344,0.1686736,0.26585293,1.0952384e-10,7.6014414,34.77374,8.5130154e-07,0.36641264,4.0624917e-10
123,0.5802063,0.14720187,0.27259192,1.131967e-10,7.843613,34.789818,8.24123e-07,0.364185,4.0315068e-10
124,0.6051515,0.11191328,0.2829352,1.1820267e-10,8.086297,34.806343,8.1402146e-07,0.3627431,4.064731e-10
125,0.6580327,0.038026255,0.303941,1.2298049e-10,8.340997,34.82551,7.7734546e-07,0.35413057,4.02898e-10
126,0.6965534,1.6039898e-08,0.3034466,1.09490944e-10,8.124617,34.853813,7.7984475e-07,0.33865815,4.13592e-10
127,0.6983675,2.6823402e-08,0.30163255,1.1346333e-10,7.388815,34.84292,8.0994135e-07,0.35227877,4.1295858e-10
128,0.642508,0.072015435,0.28547665,1.10769546e-10,6.9225283,34.82165,8.24581e-07,0.36204013,4.092755e-10
129,0.5691622,0.18032974,0.25050807,9.338279e-11,5.4864864,34.770813,9.1940456e-07,0.37080947,4.1474088e-10
130,0.5570913,0.20327412,0.23963454,8.7025956e-11,4.640023,34.717014,9.385956e-07,0.37216184,4.0878187e-10
131,0.55856687,0.20744228,0.23399085,8.429277e-11,4.0531225,34.655952,9.33594e-07,0.37133056,4.0029008e-10
132,0.56485146,0.20226692,0.2328816,8.2219384e-11,3.6941981,34.616383,9.587195e-07,0.3725517,4.0292242e-10
133,0.56974214,0.1983413,0.23191655,8.0312944e-11,3.4190972,34.588734,9.942491e-07,0.3739479,4.0883819e-10
134,0.596401,0.16270743,0.24089162,8.327797e-11,3.6261253,34.62311,1.0614779e-06,0.37557268,4.3395865e-10
135,0.63205546,0.11302979,0.2549147,8.804363e-11,4.0427494,34.661877,1.0767835e-06,0.3761239,4.465171e-10
136,0.63465554,0.106465526,0.2588789,8.83413e-11,4.3203783,34.68361,1.0787081e-06,0.37589788,4.5165163e-10
137,0.6111878,0.13588947,0.25292268,8.6227775e-11,4.338924,34.66253,1.0675891e-06,0.37554294,4.4743922e-10
138,0.5799587,0.17819259,0.24184878,8.268273e-11,4.0523195,34.599224,1.0647865e-06,0.37644565,4.4000828e-10
139,0.5842233,0.1700586,0.24571814,8.565173e-11,4.3624454,34.615894,1.0617798e-06,0.37623057,4.3862217e-10
140,0.59390086,0.15407658,0.25202256,8.673575e-11,4.68559,34.67006,1.1180872e-06,0.37749472,4.5572043e-10
141,0.57604223,0.17632948,0.24762838,8.341479e-11,4.639349,34.69269,1.1728434e-06,0.37997994,4.674784e-10
142,0.5869304,0.15802535,0.25504425,8.695197e-11,5.160602,34.721146,1.1780365e-06,0.37926626,4.7249316e-10
143,0.58079904,0.16255535,0.25664556,8.963844e-11,5.5936546,34.729774,1.1469036e-06,0.37824866,4.664977e-10
144,0.5223465,0.22045541,0.25719813,1.194513e-10,8.8330765,34.790154,7.601146e-07,0.36236688,3.8865092e-10
145,0.5211248,0.21983932,0.2590359,1.2526301e-10,9.235708,34.799576,7.1501927e-07,0.359652,3.7914108e-10
146,0.5350862,0.1970789,0.26783496,1.3544735e-10,9.75964,34.814983,6.569689e-07,0.35337123,3.6840453e-10
147,0.50865,0.23236027,0.25898966,1.3762012e-10,10.090027,34.820747,5.940769e-07,0.35260752,3.547062e-10
148,0.5070135,0.23099767,0.26198885,1.4758414e-10,10.571451,34.83689,5.049861e-07,0.34613472,3.368577e-10
149,0.5115151,0.21811882,0.270366,1.6138318e-10,11.182964,34.865536,4.0463564e-07,0.33517298,3.2034525e-10
150,0.5143846,0.2095078,0.27610758,1.6819661e-10,11.444762,34.877193,3.5034068e-07,0.32807595,3.1364172e-10
151,0.5148993,0.2095952,0.27550545,1.6660745e-10,11.465074,34.884365,3.600699e-07,0.33079693,3.1784048e-10
152,0.49930906,0.23787564,0.2628153,1.5377322e-10,11.04297,34.862232,4.293556e-07,0.34077388,3.2917077e-10
153,0.47310084,0.2755704,0.25132877,1.4984491e-10,11.032815,34.855286,3.9842183e-07,0.3392297,3.1577208e-10
154,0.47519776,0.27136728,0.25343502,1.5298751e-10,11.0266485,34.854088,3.7072215e-07,0.334576,3.0528188e-10
155,0.5020184,0.23096974,0.26701182,1.6101061e-10,11.00099,34.860363,3.6725095e-07,0.3299081,3.0462038e-10
156,0.51165915,0.21748398,0.27085686,1.6108379e-10,10.905558,34.866497,3.7569598e-07,0.33043486,3.0728942e-10
157,0.51436245,0.2148696,0.27076793,1.5827481e-10,10.766489,34.868443,3.8733617e-07,0.33195347,3.099484e-10
158,0.5180522,0.21032321,0.2716245,1.5681652e-10,10.647541,34.872803,3.9259936e-07,0.3323261,3.108289e-10
159,0.5299432,0.19161321,0.2784436,1.6160599e-10,10.641557,34.883297,3.7736024e-07,0.32915246,3.077193e-10
160,0.54788166,0.16536479,0.28675357,1.6512523e-10,10.571668,34.886524,3.8215464e-07,0.32670426,3.0904185e-10
161,0.5550969,0.15103178,0.29387128,1.7177337e-10,10.658191,34.897167,3.4808772e-07,0.31854004,3.0082845e-10
162,0.65308064,3.2744552e-08,0.34691936,2.1101053e-10,10.443337,34.8929,2.9381627e-07,0.29565597,2.9137096e-10
164,0.45810905,0.31011236,0.23177864,1.14447694e-10,8.552629,34.81428,4.8400415e-07,0.35062584,3.201595e-10
165,0.4583943,0.3133129,0.2282929,1.0705086e-10,7.849428,34.77537,5.158082e-07,0.35246876,3.211734e-10
166,0.45950952,0.31424263,0.22624783,1.0209542e-10,7.3575916,34.740234,5.4430717e-07,0.35407645,3.2465874e-10
167,0.46469322,0.30867624,0.22663051,1.0162433e-10,7.101471,34.713783,5.366288e-07,0.35294044,3.2133876e-10
168,0.47087264,0.30168954,0.22743781,1.0006818e-10,6.8804955,34.693596,5.6639095e-07,0.35469568,3.2849803e-10
169,0.49373633,0.2716298,0.23463388,1.01960156e-10,6.762803,34.693863,6.1622285e-07,0.3565496,3.4309125e-10
170,0.52362233,0.23003669,0.24634093,1.05944774e-10,6.947623,34.729828,6.5758917e-07,0.35902175,3.631413e-10
171,0.52612466,0.22407141,0.24980398,1.082597e-10,7.3078794,34.765797,6.4772655e-07,0.35872704,3.6839506e-10
172,0.527026,0.22002886,0.2529451,1.11282115e-10,7.731861,34.7896,6.5364225e-07,0.35878775,3.7304698e-10
173,0.51881325,0.22974415,0.25144258,1.1077606e-10,8.007512,34.782738,6.894231e-07,0.36034986,3.8026043e-10
174,0.50697076,0.24734944,0.24567986,1.0683366e-10,7.8129473,34.737217,7.328205e-07,0.36262882,3.8255077e-10
175,0.5074209,0.24663402,0.2459451,1.08168405e-10,7.845987,34.72166,7.3144736e-07,0.36207238,3.774316e-10
176,0.5265079,0.21824089,0.2552511,1.1422645e-10,8.198619,34.748024,7.3649096e-07,0.36161056,3.8119014e-10
177,0.5195112,0.22882302,0.2516658,1.0997474e-10,8.057979,34.754128,7.8829106e-07,0.36412242,3.919228e-10
178,0.53318757,0.20879896,0.2580135,1.1307759e-10,8.258376,34.77317,8.121211e-07,0.36458078,4.0057818e-10
179,0.526063,0.21741994,0.25651705,1.14927554e-10,8.461534,34.779514,7.9589137e-07,0.36426145,3.9649803e-10
180,0.49261203,0.2476509,0.2597371,1.5542605e-10,11.351671,34.871407,4.7159807e-07,0.33751237,3.2722033e-10
181,0.48634192,0.25331336,0.26034465,1.6566958e-10,11.707577,34.876846,4.134867e-07,0.3304812,3.1025607e-10
182,0.46441093,0.27865908,0.25693002,1.8061935e-10,12.311456,34.901558,3.1578327e-07,0.3167827,2.8551178e-10
183,0.4655242,0.26908907,0.26538676,2.0139955e-10,12.780738,34.9317,2.5276617e-07,0.3000204,2.7556396e-10
184,0.46235314,0.25223762,0.28540924,2.5739696e-10,13.358143,34.953526,1.7810943e-07,0.2656041,2.6157937e-10
185,0.49954084,0.12305477,0.37740436,4.6934767e-10,14.115457,34.96789,1.1904005e-07,0.22498828,2.53261e-10
186,0.50516015,3.395736e-08,0.49483985,7.7787643e-10,14.40414,34.974743,8.4890395e-08,0.20114644,2.5114275e-10
187,1.619567e-07,2.8982427e-08,0.9999998,2.7520421e-09,14.955047,35.006783,6.6743326e-08,0.17899016,2.4781274e-10
188,0.49475932,0.0753413,0.4298994,6.204745e-10,14.961103,34.995697,8.544294e-08,0.20752092,2.4137378e-10
189,0.4842841,0.12966727,0.3860486,5.178015e-10,14.796233,35.00425,1.00333004e-07,0.2169779,2.4088606e-10
190,0.5263869,0.07192977,0.40168327,5.218783e-10,14.467881,35.000004,1.2658904e-07,0.22694571,2.469677e-10
191,0.53588647,0.063901976,0.40021154,5.108452e-10,14.229071,35.003376,1.3556905e-07,0.2301187,2.484413e-10
192,0.52262497,0.10342781,0.37394723,4.4520343e-10,13.942392,35.00147,1.435821e-07,0.23547038,2.4915686e-10
193,0.51210845,0.13584985,0.35204175,3.880428e-10,13.606399,34.993534,1.5306121e-07,0.24150339,2.499283e-10
194,0.5081099,0.15163378,0.3402563,3.5432343e-10,13.274376,34.986416,1.6097822e-07,0.2458506,2.5026792e-10
195,0.51546234,0.13756917,0.34696853,3.6264186e-10,13.024079,34.982685,1.6196813e-07,0.24417318,2.4865923e-10
196,0.5054368,0.15343225,0.34113094,3.5359515e-10,12.786353,34.97286,1.5762586e-07,0.24197741,2.440039e-10
197,0.53951997,0.05959017,0.40088987,4.821197e-10,12.760202,34.97048,1.3439376e-07,0.22755623,2.3227681e-10
198,0.3325644,3.2631075e-08,0.6674355,1.3385215e-09,12.238591,34.964466,1.2879912e-07,0.21208994,2.3627317e-10
200,0.42483807,0.3258628,0.2492992,1.6998647e-10,11.243016,34.864204,1.3487333e-07,0.27940765,2.3457028e-10
201,0.42419714,0.33425286,0.24154998,1.5288831e-10,10.717386,34.83312,1.6270128e-07,0.2923323,2.4629954e-10
202,0.424623,0.33729443,0.23808253,1.4476263e-10,10.451826,34.82367,1.858482e-07,0.2998052,2.5437685e-10
203,0.42994025,0.3301194,0.23994033,1.441406e-10,10.286745,34.832077,2.0228325e-07,0.30010483,2.6236524e-10
204,0.4439653,0.31164047,0.2443943,1.4230156e-10,10.071274,34.8407,2.303829e-07,0.30567348,2.7319308e-10
205,0.46752074,0.280093,0.25238627,1.422613e-10,9.916717,34.86202,2.7338461e-07,0.3141743,2.901116e-10
206,0.4726915,0.27329507,0.25401342,1.4153513e-10,9.989814,34.90129,2.8958948e-07,0.31722984,3.0119376e-10
207,0.4710804,0.2753441,0.2535755,1.4334785e-10,10.169763,34.91878,2.914604e-07,0.3182368,3.014707e-10
208,0.4687292,0.2782352,0.25303558,1.5216868e-10,11.008029,34.935535,3.3951832e-07,0.3247151,3.0772096e-10
209,0.48174828,0.25832388,0.2599278,1.6924055e-10,12.181483,34.944878,4.0488652e-07,0.3369913,3.2536784e-10
210,0.48037076,0.2614944,0.25813478,1.6741754e-10,12.204858,34.92392,4.3166074e-07,0.34119236,3.3146036e-10
211,0.47618586,0.27094665,0.25286746,1.5539851e-10,11.590054,34.884842,4.622715e-07,0.34393585,3.3298392e-10
212,0.49164915,0.24671133,0.26163957,1.6222422e-10,11.710664,34.895496,4.4458923e-07,0.34120175,3.295181e-10
213,0.5110724,0.22060509,0.2683226,1.6001386e-10,11.370859,34.87941,4.9207125e-07,0.34274957,3.3890327e-10
214,0.5195132,0.20976172,0.2707251,1.5489655e-10,11.199488,34.87266,5.140209e-07,0.34204054,3.4261408e-10
215,0.5076834,0.22725631,0.2650603,1.5282343e-10,11.1534,34.86732,5.089565e-07,0.34122446,3.3880038e-10
216,0.43499002,0.30628142,0.25872853,2.3485897e-10,13.766342,34.948917,2.1971036e-07,0.2793781,2.5529537e-10
217,0.42785513,0.29496416,0.27718064,2.9736724e-10,14.216834,34.962914,1.5960411e-07,0.24868552,2.3087032e-10
218,0.46804103,0.12608834,0.4058706,6.377931e-10,15.042186,35.043713,1.0135362e-07,0.20615397,2.2129665e-10
219,1.3285357e-07,4.2218492e-08,0.9999998,3.297258e-09,15.774606,35.160038,6.571556e-08,0.17001067,2.391794e-10
220,0.3275157,0.21295083,0.40729058,0.052242924,16.11031,35.08774,4.4527923e-08,0.14150587,2.4923763e-10
221,1.2669172e-07,9.4170055e-08,0.9999998,1.44284105e-08,17.06763,35.009884,3.975507e-08,0.13958023,2.4531696e-10
222,0.26871356,0.24286939,0.41506648,0.07335054,17.75043,34.969097,2.8754817e-08,0.122828975,2.3451507e-10
223,0.1927569,0.13552766,0.63799226,0.033723112,18.19697,34.992176,3.5417763e-08,0.13217552,2.2889866e-10
224,0.28991553,0.19111297,0.45953128,0.059440237,18.581863,35.05307,3.802286e-08,0.13103722,2.1553503e-10
225,1.3623082e-06,7.344777e-07,0.99999774,1.8172506e-07,18.35994,35.10744,4.4411077e-08,0.14094992,2.1358987e-10
226,1.2695034e-07,6.800105e-08,0.9999998,1.1989966e-08,17.812548,35.125164,4.769742e-08,0.14604776,2.1244319e-10
227,1.5850046e-07,9.346108e-08,0.9999998,1.4729916e-08,17.304562,35.12953,4.7812026e-08,0.14632902,2.1004803e-10
228,1.4747481e-07,7.357721e-08,0.99999976,9.4259995e-09,16.731565,35.117947,5.8873887e-08,0.15842253,2.1386938e-10
229,1.3097744e-07,6.417781e-08,0.9999998,6.4368924e-09,16.205051,35.103058,6.176556e-08,0.16297884,2.1403364e-10
230,1.2736493e-07,6.246912e-08,0.9999998,5.4881917e-09,15.684709,35.08452,6.398793e-08,0.16596287,2.1302661e-10
231,1.3735202e-07,7.587763e-08,0.9999998,5.9634817e-09,15.253534,35.068474,6.3127686e-08,0.1649836,2.1012554e-10
232,1.8010631e-07,1.1444085e-07,0.99999976,9.844919e-09,14.885688,35.04473,5.995856e-08,0.16217038,2.0430753e-10
233,0.31174445,0.26570696,0.3777797,0.044768907,14.930184,35.037746,4.1644654e-08,0.1420641,1.8944978e-10
234,0.37001795,0.22255342,0.35289472,0.054533914,14.295599,35.04516,5.2414055e-08,0.14964625,2.0242867e-10
236,2.0549844e-08,1.8143696e-08,1.0,3.59284e-09,15.023577,35.13869,2.8346754e-08,0.13668717,2.2143407e-10
237,0.4022246,0.15539666,0.44237876,7.253389e-10,14.588995,35.213707,5.795878e-08,0.1801084,2.6755526e-10
238,0.43781167,0.1515331,0.4106552,6.070507e-10,14.219003,35.22498,8.152545e-08,0.19428664,2.8178446e-10
239,0.47972152,0.11168292,0.4085956,5.440165e-10,13.566212,35.17562,1.0071213e-07,0.20724049,2.8389172e-10
240,0.4782846,0.12915386,0.3925615,4.945671e-10,13.183402,35.151882,1.02817644e-07,0.21035102,2.8197764e-10
241,0.47582585,0.15405153,0.37012264,4.3481366e-10,12.894902,35.15278,1.08417744e-07,0.21576688,2.8146963e-10
242,0.47286087,0.17406017,0.35307902,3.92473e-10,12.707906,35.141586,1.1375105e-07,0.2207751,2.7527908e-10
243,0.4420129,0.24899001,0.3089971,3.1094852e-10,12.764904,35.084038,1.189288e-07,0.22907493,2.5590888e-10
244,0.4015995,0.33376023,0.26464018,3.0412733e-10,14.586248,35.047436,1.6063943e-07,0.24130742,2.2590105e-10
245,0.48169783,0.2040808,0.31422135,4.272455e-10,16.830265,35.027603,1.8755495e-07,0.25955513,2.453877e-10
246,0.4836854,0.22058423,0.29573038,3.532298e-10,16.651676,34.990517,1.970622e-07,0.28480044,2.594388e-10
247,0.4747306,0.24790436,0.277365,2.7879388e-10,15.650029,34.979385,2.2998113e-07,0.30556554,2.7426622e-10
248,0.509871,0.19210914,0.29801983,2.729118e-10,15.040306,34.97863,2.4403298e-07,0.3012735,2.7949595e-10
249,0.50632024,0.19878705,0.29489267,2.498533e-10,14.403706,34.97032,2.6296698e-07,0.2971003,2.8317695e-10
250,0.48419085,0.23677367,0.2790355,2.2753857e-10,13.872228,34.95692,2.7670222e-07,0.29854158,2.8347402e-10
251,0.46576878,0.26486984,0.26936138,2.2068292e-10,13.601811,34.943405,2.677434e-07,0.2939524,2.7552963e-10
252,0.369121,5.748114e-08,0.6308789,1.5814201e-09,16.398943,35.039173,5.4151748e-08,0.16505349,1.8109299e-10
253,1.0821637e-07,1.0633066e-07,0.99999976,1.5841348e-08,16.952602,35.078526,3.5242007e-08,0.13233633,1.772335e-10
254,0.23115292,0.2158019,0.34541875,0.2076264,18.262299,35.334465,2.2776339e-08,0.096170664,2.2835989e-10
255,0.22369422,0.0886117,0.37409142,0.31360272,17.898327,35.434315,2.21398e-08,0.0957844,2.7712435e-10
257,0.3385628,5.8847114e-08,0.66143715,2.3360975e-09,19.176167,34.83718,4.2182286e-08,0.15126844,2.1105905e-10
258,0.17878376,0.25018877,0.3400851,0.23094237,20.661404,34.856525,1.584038e-08,0.08407357,1.9008639e-10
259,0.1671621,0.18794203,0.33087036,0.31402546,21.122408,34.947563,1.411337e-08,0.07774274,1.8594204e-10
260,0.18757413,0.20210874,0.35026416,0.260053,21.244373,35.060375,1.7233235e-08,0.085044764,1.8318931e-10
261,0.1907729,0.15170194,0.35796472,0.29956046,21.293985,35.158348,1.8415793e-08,0.084352605,1.8529264e-10
262,0.18890876,0.1588376,0.34991008,0.30234355,20.774,35.20097,1.7426034e-08,0.0836247,1.8610007e-10
263,0.18316856,0.16953042,0.33832583,0.3089752,20.17776,35.209442,1.5868665e-08,0.08182242,1.8545164e-10
264,0.19149667,0.18282226,0.3378078,0.28787327,19.520802,35.206673,1.6382177e-08,0.08372523,1.8572105e-10
265,0.20057885,0.19127858,0.337474,0.27066863,18.864113,35.19583,1.7265338e-08,0.08639588,1.8640887e-10
266,0.20962809,0.20532855,0.3353422,0.24970122,18.18362,35.173836,1.8106158e-08,0.08938189,1.8645803e-10
267,0.21586001,0.21115372,0.33459476,0.2383915,17.598475,35.15157,1.8258616e-08,0.09104793,1.8479772e-10
268,0.21650037,0.21635588,0.33346978,0.233674,17.212276,35.129494,1.7233683e-08,0.08963867,1.7955334e-10
269,0.19433935,0.15225437,0.34361753,0.3097887,17.311214,35.122097,1.3111294e-08,0.07596009,1.6915744e-10
270,0.17810136,0.08854973,0.35390392,0.37944496,16.69176,35.095734,1.0461636e-08,0.07162844,1.7757691e-10
272,0.27774543,0.4444505,0.27780408,8.170439e-10,18.55463,35.2087,3.8970846e-08,0.12948842,2.1772577e-10
273,0.1895678,0.22516121,0.33037058,0.25490046,18.859915,35.616848,1.411132e-08,0.08333172,2.915025e-10
274,1.11780466e-07,7.720867e-08,0.99999976,9.481531e-09,18.106468,35.68369,4.6330012e-08,0.1375504,3.1101913e-10
275,1.2260229e-07,5.866787e-08,0.99999976,7.157335e-09,16.806046,35.60443,5.7015477e-08,0.15515977,3.1394315e-10
276,1.4276394e-07,8.4006714e-08,0.9999998,8.590824e-09,15.882829,35.51002,5.3734833e-08,0.15371774,3.045606e-10
277,1.4067808e-06,9.915632e-07,0.9999975,1.068339e-07,15.393182,35.43911,4.895577e-08,0.14870635,2.8996022e-10
278,0.26660693,0.279735,0.41183877,0.041819327,15.370124,35.344604,3.458504e-08,0.1323293,2.5280905e-10
279,4.534195e-08,4.469711e-08,0.9999999,3.5067826e-09,15.423041,35.18153,3.346955e-08,0.14064142,1.9817825e-10
280,0.34175825,0.41025546,0.24798627,4.78313e-10,17.276339,34.99103,6.485479e-08,0.19343513,1.6987532e-10
281,1.0798093e-07,5.3852162e-08,0.9999998,6.0168137e-09,20.015041,34.998135,4.7942915e-08,0.14155695,1.816874e-10
282,0.27961794,0.1607483,0.4485122,0.11112154,20.233982,34.904743,3.267563e-08,0.12071614,1.8544657e-10
283,1.3670116e-07,1.7835541e-08,0.9999998,4.132753e-09,19.251598,34.951584,5.2264173e-08,0.16412371,2.018599e-10
284,0.4826054,2.8199318e-08,0.5173945,1.2315952e-09,18.203842,34.97614,6.679711e-08,0.18740302,2.107658e-10
285,0.39795378,0.25275567,0.3492905,6.7744016e-10,17.215199,34.99017,7.070822e-08,0.19153495,2.0850562e-10
286,0.3847986,0.29510957,0.3200918,5.523317e-10,16.466125,34.99364,7.669669e-08,0.1955844,2.043813e-10
287,0.3779159,0.28382102,0.3382631,6.002233e-10,16.191328,35.002125,7.042486e-08,0.18824852,1.9436855e-10
288,0.18640174,0.18222855,0.33202824,0.2993414,19.075949,35.16554,1.48734705e-08,0.07945169,1.5441301e-10
289,0.13359834,0.065389745,0.32830074,0.4727112,19.161888,35.223553,8.910299e-09,0.061358184,1.762262e-10
293,0.15564638,0.19732064,0.41455662,0.23247628,21.900105,34.663372,1.565139e-08,0.08393484,1.7083028e-10
309,0.1336753,0.16643777,0.30048254,0.39940438,21.540691,35.6255,1.1297489e-08,0.059359126,2.7248823e-10
310,0.0964427,0.029270995,0.30326325,0.57102305,20.926847,35.730938,7.990071e-09,0.051812198,2.820824e-10
311,0.18145655,0.12843469,0.3462039,0.34390488,19.818003,35.822067,1.6257125e-08,0.07844172,3.0177888e-10
312,0.19106941,0.17678866,0.33747214,0.29466975,18.654976,35.706253,1.5005085e-08,0.07874014,2.980287e-10
313,0.16925618,0.1398319,0.33570844,0.35520348,18.264809,35.57407,1.12367395e-08,0.06607328,2.7368743e-10
314,0.12961045,0.0714575,0.3229246,0.4760074,18.285746,35.38901,8.4629574e-09,0.05359587,2.2078632e-10
315,0.1901045,0.18296291,0.33360127,0.29333133,17.36087,35.070053,1.1859464e-08,0.07680625,1.6579099e-10
317,0.13611136,0.15321292,0.30661625,0.4040595,21.497438,34.99397,1.106913e-08,0.06295316,1.5663876e-10
318,0.15914468,0.116973594,0.3319023,0.39197946,21.559181,34.850822,1.8342062e-08,0.07505354,1.69158e-10
321,0.124349676,0.09940627,0.31150627,0.4647378,20.656305,34.95098,9.491811e-09,0.05379827,1.6358295e-10
322,0.1622025,0.18614689,0.3208106,0.33084,19.625858,34.991566,1.19496875e-08,0.06568963,1.5610696e-10
323,0.16919397,0.183695,0.32523707,0.32187396,19.361525,35.05434,1.2251244e-08,0.06943651,1.4922004e-10
324,0.12810217,0.020734726,0.3369456,0.5142175,20.318865,35.321274,1.1922983e-08,0.06667144,1.7006475e-10
325,0.10605272,0.01397916,0.31923518,0.56073296,19.724297,35.214764,8.33048e-09,0.057285003,2.1143298e-10
345,0.11032837,0.075452745,0.29870772,0.51551116,21.188814,35.754673,8.75536e-09,0.055043586,2.540366e-10
351,2.0894466e-07,2.626995e-07,0.99999946,1.3390674e-07,18.383085,35.08632,1.8568864e-08,0.10167332,1.6270559e-10
353,0.08202412,0.02058374,0.28367165,0.61372054,21.690477,35.015934,7.531194e-09,0.05143929,1.5411199e-10
354,0.09811115,0.027827876,0.30172175,0.5723392,21.817356,34.838203,8.388609e-09,0.05882594,1.5705015e-10
355,0.16129138,0.05757707,0.34971312,0.43141842,21.503662,34.955036,1.802762e-08,0.08367888,1.73203e-10
356,0.1371352,0.02351218,0.3418445,0.49750817,21.361458,34.988625,1.4348466e-08,0.07593587,1.7249482e-10
381,0.12807871,0.26778242,0.60413885,4.679773e-09,21.155764,35.735477,2.2680418e-08,0.10676548,2.2092402e-10
382,0.060049087,0.003949146,0.2572549,0.6787469,22.366974,35.790154,6.887974e-09,0.045166165,2.4126726e-10
387,0.17141801,0.2247676,0.32070038,0.28311405,19.65095,35.233055,1.3229609e-08,0.07776333,1.5745281e-10
389,0.083357066,0.021474091,0.28379452,0.6113743,21.94868,35.03245,7.67081e-09,0.053974517,1.4644769e-10
390,0.08431498,0.035470895,0.27645946,0.60375464,22.81045,34.77666,8.0810425e-09,0.054931603,1.5181865e-10
391,0.101195246,0.035824694,0.3016928,0.5612872,22.154438,34.894463,9.075574e-09,0.059032727,1.5853778e-10
392,0.14433116,0.081732266,0.32733047,0.4466061,21.839819,34.903854,1.4538901e-08,0.07664269,1.6285222e-10
393,0.1140176,0.050009392,0.31179118,0.5241818,21.540949,34.94762,9.5083665e-09,0.061754204,1.5428925e-10
394,0.09624676,0.028506275,0.29962432,0.5756227,21.38958,34.996613,8.155319e-09,0.056350537,1.4621863e-10
395,0.09576288,0.023573894,0.30131847,0.5793448,21.364346,35.08383,8.239231e-09,0.056369174,1.4583397e-10
422,0.16514869,0.23433293,0.3177143,0.28280407,20.157051,35.4403,1.3503301e-08,0.076292016,1.6908781e-10
425,0.14531569,0.20313787,0.32861295,0.3229335,22.245092,35.04999,1.3819512e-08,0.07688725,1.4263656e-10
426,7.974454e-09,1.1299468e-08,0.7803917,0.21960828,23.562874,34.732536,1.7952289e-08,0.08508916,1.5586206e-10
428,0.078586295,0.02463825,0.27412796,0.62264746,22.576698,34.80086,7.718496e-09,0.05252149,1.519128e-10
429,0.09298214,0.04667009,0.28544265,0.5749051,22.312183,34.792786,8.308898e-09,0.055496205,1.469157e-10
430,0.09439704,0.04991411,0.28618926,0.5694996,22.203033,34.79431,8.336847e-09,0.055486,1.3916733e-10
431,0.08592122,0.035223357,0.28066722,0.5981882,22.219378,34.823006,7.922188e-09,0.05343597,1.3385616e-10
432,0.07494706,0.040147025,0.2567056,0.62820035,23.668598,34.625103,8.16259e-09,0.051647216,1.3043144e-10
437,0.059790123,0.030017436,0.22435382,0.68583864,24.988949,34.478474,8.168518e-09,0.05092046,9.9336636e-11
450,0.06824215,0.038137667,0.25044858,0.6431716,23.199575,35.4598,7.718934e-09,0.042731836,2.0275799e-10
455,0.112187386,0.031669058,0.3118169,0.5443266,22.496395,36.29071,1.3047535e-08,0.065991186,2.2404206e-10
456,0.08460816,0.005350103,0.29251295,0.61752886,21.88491,36.173973,9.590001e-09,0.054716256,2.1001276e-10
458,1.1341146e-08,1.665582e-08,1.0,7.974412e-09,20.966486,35.498898,1.962342e-08,0.09732846,1.5645964e-10
462,0.09183724,0.119541734,0.24582809,0.542793,24.190556,34.6866,1.0937687e-08,0.059053004,1.5937651e-10
464,0.06825451,0.0223787,0.2564961,0.6528707,23.303787,34.732388,7.582126e-09,0.049569316,1.525596e-10
465,0.08348218,0.048952367,0.26843953,0.59912586,23.15366,34.69613,8.330381e-09,0.053053714,1.4759821e-10
466,0.09169705,0.06680073,0.27334073,0.5681615,23.114542,34.66624,8.824688e-09,0.05518056,1.3723002e-10
467,0.091218896,0.067776695,0.27189517,0.56910926,23.203875,34.639507,8.870095e-09,0.05523567,1.2476908e-10
468,2.5553426e-08,3.379767e-08,6.9360624e-08,0.9999999,24.717695,34.49053,1.1760994e-08,0.06384785,1.15989426e-10
469,3.180968e-09,3.877407e-09,1.01723465e-08,1.0,26.160969,34.269176,1.0477797e-08,0.055455107,1.1081432e-10
472,1.1104623e-08,1.0974307e-08,3.569087e-08,1.0,25.720766,34.248142,9.757124e-09,0.05543942,1.1345784e-10
473,4.9269753e-09,4.8288507e-09,1.6168668e-08,1.0,26.02541,34.29665,9.801882e-09,0.05600626,8.959697e-11
485,0.115577646,0.124427214,0.2886835,0.47131166,22.289858,35.88705,1.00811235e-08,0.05876441,1.742934e-10
491,0.05919949,0.0047148652,0.25327495,0.6828107,22.84458,36.27469,7.0096506e-09,0.04661618,2.069333e-10
492,0.06794453,0.015320469,0.26323837,0.6534966,22.383673,36.223938,7.227507e-09,0.047620904,1.9322079e-10
493,0.08223993,0.040588193,0.27336094,0.60381097,22.257372,36.111713,7.852482e-09,0.04993151,1.6947103e-10
494,0.1597754,0.3266107,0.46968925,0.04392465,22.002144,35.670124,2.2739592e-08,0.10594253,1.4832219e-10
500,0.08828324,0.087437324,0.2552509,0.5690285,24.044146,34.691917,9.625119e-09,0.05575426,1.560932e-10
501,0.09619751,0.11828583,0.2557937,0.5297229,24.04159,34.644028,1.0777598e-08,0.06019962,1.5278394e-10
502,0.09688973,0.1275734,0.25269088,0.522846,24.068775,34.59246,1.12790275e-08,0.062193274,1.424525e-10
503,2.9303235e-08,3.836512e-08,1.00724236e-07,0.9999998,24.134731,34.535763,1.3787103e-08,0.07228764,1.2316814e-10
504,0.22664061,0.33098423,0.32623565,0.11613945,25.437088,34.440636,2.5150616e-08,0.111611776,1.1737292e-10
505,3.91125e-09,4.502414e-09,0.31295055,0.68704945,27.025127,34.311077,1.3756853e-08,0.068811856,9.781713e-11
509,2.9960499e-09,3.4352121e-09,1.0673734e-08,1.0,27.184912,34.114502,1.1662876e-08,0.060453463,8.2089134e-11
510,1.3426911e-09,6.305382e-10,6.091463e-09,1.0,27.366352,34.29751,8.214693e-09,0.04784115,8.914703e-11
519,0.063621424,0.01817148,0.25203434,0.6661728,23.133158,35.5902,7.33286e-09,0.04670975,1.2863911e-10
520,0.07765203,0.044471476,0.26203033,0.61584616,23.106247,35.678307,8.058702e-09,0.049636252,1.2738251e-10
521,0.10732312,0.15280719,0.4735042,0.2663655,22.895857,35.913063,1.4643084e-08,0.07455183,1.4241362e-10
527,0.0718755,0.03413679,0.2574719,0.63651586,23.176645,36.129204,7.774994e-09,0.048151907,2.1144245e-10
528,0.105871305,0.110831276,0.2796291,0.50366837,22.724096,36.06486,9.728282e-09,0.055968683,2.0538408e-10
529,0.12342643,0.19039223,0.28901634,0.397165,22.792086,36.025192,1.247549e-08,0.065855235,1.8799813e-10
530,6.183787e-05,0.17702982,0.6749606,0.14794776,23.15696,35.85859,2.0161977e-08,0.094961576,1.5396523e-10
535,0.072984375,0.08469063,0.21332891,0.6289961,24.846914,34.70716,1.017913e-08,0.055945985,1.5678518e-10
536,1.005247e-08,1.3292581e-08,2.8402487e-08,1.0,25.059786,34.67637,1.1822452e-08,0.06227135,1.6171393e-10
537,6.5442953e-09,8.509852e-09,0.66141057,0.33858937,24.96945,34.634453,1.7397886e-08,0.08396664,1.6317189e-10
538,8.685535e-09,1.1998734e-08,0.6883747,0.31162527,24.994017,34.567787,1.8641513e-08,0.08867926,1.5655517e-10
539,0.14497913,0.23586272,0.4481934,0.17096472,24.998028,34.46348,2.1324151e-08,0.09885998,1.2672155e-10
540,0.30585817,0.41977325,0.2186736,0.05569494,26.014969,34.394188,5.1101203e-08,0.1634447,1.2899493e-10
541,0.19228795,0.45915693,0.23093978,0.117615335,27.78494,34.214966,2.6152009e-08,0.06509961,9.745697e-11
545,2.4902191e-09,3.0987723e-09,1.2192698e-08,1.0,28.197075,33.972157,1.178696e-08,0.053274557,7.711479e-11
546,1.5229726e-09,1.7551381e-09,6.1391616e-09,1.0,28.30032,34.1101,1.0351559e-08,0.046168387,8.3126e-11
547,9.316887e-10,9.937774e-10,3.97015e-09,1.0,27.980705,34.481968,9.1584536e-09,0.04209658,9.7196126e-11
552,0.051266316,0.014898124,0.22250964,0.7113259,24.63661,35.533455,7.39787e-09,0.04504649,1.3934257e-10
553,0.09672808,0.12428629,0.2567794,0.5222062,23.874517,35.524998,1.0674577e-08,0.057911314,1.4033452e-10
554,1.3249559e-08,1.8866423e-08,0.76268804,0.2373119,23.413187,35.47773,1.5223469e-08,0.07545914,1.4072647e-10
555,8.5854595e-09,1.3605733e-08,0.8048714,0.19512859,23.27299,35.411137,1.8431253e-08,0.08800706,1.3755441e-10
556,7.834529e-09,1.1159204e-08,0.7718623,0.22813764,23.521744,35.382324,1.7065947e-08,0.08305459,1.2703975e-10
557,7.675021e-09,1.0838952e-08,0.7520137,0.24798633,23.723349,35.63777,1.737521e-08,0.084584385,1.1553299e-10
562,0.06208128,0.02472208,0.24289724,0.6702994,23.76697,35.53751,7.564222e-09,0.046120573,2.2575973e-10
563,0.10931288,0.16202824,0.33174086,0.3969181,23.333086,35.964916,1.3909751e-08,0.069424376,2.242145e-10
564,0.24974485,0.41546896,0.28270733,0.052078906,22.636732,35.876198,2.8456245e-08,0.11862571,2.3505553e-10
565,0.26272252,0.41981244,0.26483226,0.05263276,22.920269,35.826912,3.0830623e-08,0.1251326,2.3602736e-10
566,0.22294214,0.37877652,0.31280974,0.085471556,24.003208,35.74853,2.5266978e-08,0.10847069,2.1082733e-10
571,5.240778e-09,6.681492e-09,0.44733256,0.55266744,25.615221,34.709236,1.45918495e-08,0.07192221,1.5673626e-10
572,4.8191877e-09,5.936913e-09,0.53615886,0.4638411,26.365082,34.68432,1.584574e-08,0.076030515,1.6894607e-10
573,0.10433059,0.17335658,0.4752731,0.24703978,26.31416,34.64103,1.9918476e-08,0.090268634,1.7570491e-10
574,0.15396114,0.25085545,0.40564874,0.18953472,26.112024,34.570415,2.1153065e-08,0.09463527,1.7425317e-10
575,0.25388527,0.3604514,0.2871329,0.09853047,25.867147,34.395447,2.801182e-08,0.11792321,1.3387723e-10
576,0.2144253,0.5135927,0.19180878,0.08017327,27.444199,34.3575,3.390127e-08,0.06478461,9.622296e-11
577,0.075487755,0.28447458,0.36723757,0.27280015,28.023294,34.128906,1.9142208e-08,0.064342394,9.025208e-11
581,1.312424e-09,1.4525999e-09,5.8432246e-09,1.0,29.07409,33.880127,1.0303862e-08,0.0440919,7.6547414e-11
582,2.0669413e-09,3.1096172e-09,0.020409804,0.9795902,28.82261,34.014088,1.1687414e-08,0.04179711,8.550372e-11
583,1.0234293e-09,1.0895699e-09,4.2803183e-09,1.0,28.144018,34.443596,9.410266e-09,0.043211248,1.003452e-10
584,1.0579653e-09,5.9324773e-10,4.9721014e-09,1.0,27.517067,34.912327,8.147221e-09,0.043185756,1.12427165e-10
585,2.371828e-09,1.7040016e-09,9.526211e-09,1.0,26.730644,35.19189,8.604106e-09,0.047764417,1.2288141e-10
586,5.9765317e-09,5.8638956e-09,2.042365e-08,1.0,25.970806,35.37172,9.370511e-09,0.051305026,1.3079743e-10
587,1.866551e-08,2.2687832e-08,5.6241547e-08,0.99999994,25.273085,35.470158,1.0233377e-08,0.054710425,1.3629561e-10
588,1.3782828e-08,1.9212802e-08,4.517146e-08,0.9999999,24.599585,35.487255,1.32671065e-08,0.066613935,1.4019463e-10
589,6.9601933e-09,1.00718465e-08,0.7091729,0.29082713,24.101913,35.466515,1.7176903e-08,0.08193445,1.440647e-10
590,0.09169167,0.26446825,0.49651694,0.1473232,23.832365,35.38287,2.0626208e-08,0.094448745,1.4526622e-10
591,0.20893031,0.36711055,0.3341018,0.089857355,23.847107,35.233074,2.4306347e-08,0.10668634,1.4265561e-10
592,0.24774979,0.39234796,0.28357112,0.07633115,24.187134,35.084087,2.814786e-08,0.11881438,1.341607e-10
593,1.0540889e-08,0.0445365,0.6748162,0.28064728,24.727676,35.176476,1.9176259e-08,0.09026898,1.0828025e-10
598,0.08417918,0.12491377,0.22105548,0.56985164,24.085276,35.200542,1.2234174e-08,0.061993223,2.3367258e-10
599,9.860387e-09,0.1582005,0.6446891,0.19711041,23.73792,35.87982,1.9315221e-08,0.088334374,2.4906102e-10
600,0.23573868,0.4093404,0.28898895,0.06593193,23.308105,35.824257,2.6873888e-08,0.111963205,2.8528832e-10
601,0.29719993,0.41428667,0.23994482,0.048568625,23.51047,35.764767,3.8660136e-08,0.14302394,3.0535086e-10
602,0.2855165,0.42120445,0.23559685,0.057682157,24.569172,35.475895,3.7064353e-08,0.13242126,2.9244537e-10
606,3.5073477e-09,3.8221177e-09,1.1699903e-08,1.0,26.15149,34.829903,9.790571e-09,0.052720387,1.8065689e-10
607,3.9711026e-09,7.0552537e-09,0.47172785,0.52827215,26.717093,34.72859,1.5220394e-08,0.05728581,1.5451501e-10
608,0.08167897,0.42146578,0.2783237,0.2185315,28.04227,34.69121,1.8989205e-08,0.039269563,1.7540161e-10
609,0.1584808,0.483732,0.2246885,0.13309866,27.893755,34.65601,2.334104e-08,0.04299373,1.8572305e-10
610,0.21250933,0.45502344,0.23065116,0.10181609,27.24933,34.58751,2.7522434e-08,0.077355966,1.9285017e-10
611,0.27895224,0.37679484,0.255796,0.08845687,27.209793,34.287186,3.2858427e-08,0.12622558,1.3730865e-10
615,1.4231424e-09,2.537297e-09,0.21496771,0.78503233,30.939363,34.01161,1.1944091e-08,0.025854869,7.7691215e-11
616,0.007067267,0.18982255,0.36531156,0.4377986,30.903574,33.904964,1.643368e-08,0.028701765,7.577954e-11
617,1.4601751e-09,2.4917113e-09,0.09168033,0.90831965,29.96361,33.85397,1.1288286e-08,0.028276207,8.1971235e-11
618,1.3287994e-09,1.8232456e-09,6.246004e-09,1.0,29.03794,33.944473,1.0360841e-08,0.035540946,9.245775e-11
619,8.0454576e-10,4.4294413e-10,3.8674615e-09,1.0,28.026009,34.43633,8.275845e-09,0.044437323,1.10377915e-10
621,4.366223e-09,1.7030433e-09,2.040056e-08,1.0,26.746208,35.109875,7.794361e-09,0.04466193,1.218218e-10
622,0.036002766,0.02006277,0.15037374,0.7935607,26.140413,35.289047,8.080729e-09,0.045871023,1.2593711e-10
623,0.049924422,0.03630788,0.18671058,0.7270571,25.618423,35.405323,8.4771274e-09,0.04772766,1.2921678e-10
624,0.04934222,0.05831097,0.14986244,0.74248433,25.179539,35.41683,1.0021662e-08,0.053622395,1.3083082e-10
625,1.1368249e-08,1.5726856e-08,3.1852533e-08,0.99999994,24.930704,35.370625,1.1738581e-08,0.060416345,1.3104333e-10
626,8.302612e-09,1.1294891e-08,0.28832883,0.7116711,24.85567,35.21634,1.3996322e-08,0.0692376,1.2976394e-10
627,9.3643555e-09,0.017126117,0.6760542,0.30681965,24.973366,34.96642,1.8820794e-08,0.087533705,1.260564e-10
628,0.22535136,0.39368328,0.28339428,0.09757104,25.20976,34.742153,2.6328035e-08,0.10740632,1.1972198e-10
629,0.2348299,0.36566722,0.29682773,0.10267504,25.420238,34.76549,2.6443486e-08,0.11350357,1.1071595e-10
634,0.060726624,0.054872595,0.20592913,0.6784717,25.19046,35.277344,8.937849e-09,0.04924634,2.5843208e-10
635,0.067627475,0.06756115,0.21708582,0.6477256,24.927244,35.776386,9.237002e-09,0.050420277,3.1691663e-10
636,2.1100119e-08,3.038862e-08,5.8326986e-08,0.9999999,24.713314,35.687782,1.1417793e-08,0.058116592,4.2863926e-10
637,6.4695143e-09,9.8269215e-09,0.6598633,0.34013674,24.875586,35.852848,1.7279518e-08,0.079353146,4.2645534e-10
638,0.2569077,0.42154202,0.24701992,0.074530266,25.259829,35.393116,3.0793945e-08,0.111716084,3.7960127e-10
642,3.99149e-09,5.02902e-09,1.2362059e-08,1.0,26.000732,34.926285,1.0967906e-08,0.05683919,2.0033498e-10
643,3.180211e-09,8.284596e-09,0.42582464,0.57417536,27.79925,34.801918,1.484221e-08,0.038362574,1.6925766e-10
644,0.17962502,0.48951057,0.20732342,0.123541005,29.545437,34.737495,2.6813364e-08,0.036509674,2.1894667e-10
645,0.13223559,0.45065483,0.24375711,0.17335238,28.6329,34.751427,2.101898e-08,0.037586045,2.4004243e-10
646,0.15762803,0.4727579,0.2292992,0.14031486,28.196106,34.639565,2.3029655e-08,0.04417094,2.2738592e-10
647,0.19918948,0.5064705,0.19726515,0.09707487,28.47518,34.173622,3.0465806e-08,0.05233952,1.2178153e-10
650,1.4676328e-09,2.6384568e-09,0.08220608,0.91779387,29.769236,33.64988,1.1206715e-08,0.025465267,9.582898e-11
651,1.7690301e-09,3.3040415e-09,0.31756422,0.6824358,31.546759,33.9848,1.3018208e-08,0.02421518,9.559766e-11
652,1.5511089e-09,2.8736746e-09,0.2689378,0.7310622,31.15477,33.941147,1.2393981e-08,0.024331821,8.98857e-11
653,1.0327447e-09,1.5069485e-09,5.868843e-09,1.0,29.95142,33.883938,9.998764e-09,0.02527882,1.0035338e-10
654,8.567258e-10,9.824336e-10,3.889413e-09,1.0,28.64362,33.960533,9.225472e-09,0.035767425,1.11493155e-10
655,1.1921829e-09,1.148833e-09,4.7439768e-09,1.0,27.60915,34.40264,9.315085e-09,0.048373587,1.2884165e-10
656,2.1902882e-09,2.4524296e-09,7.499995e-09,1.0,26.929401,34.71133,1.0359545e-08,0.054554984,1.3231606e-10
657,3.5575283e-09,4.3453188e-09,1.1361007e-08,1.0,26.349014,34.909393,1.12257545e-08,0.058064714,1.3519673e-10
658,4.382912e-09,5.5644334e-09,1.3374856e-08,1.0,25.86008,35.083073,1.09987965e-08,0.057377953,1.3553483e-10
659,6.3726917e-09,8.372121e-09,1.9032903e-08,1.0,25.45953,35.217857,1.0682181e-08,0.056225818,1.3429981e-10
660,8.266502e-09,1.12025305e-08,2.3680217e-08,1.0,25.19222,35.243645,1.1418956e-08,0.05907566,1.3417321e-10
661,8.936216e-09,1.2363346e-08,2.7208188e-08,0.99999994,25.072205,35.1776,1.2646358e-08,0.06375565,1.3360031e-10
662,6.166287e-09,8.264432e-09,0.436817,0.563183,25.112507,34.960068,1.4494511e-08,0.0710066,1.3289397e-10
663,1.2268573e-08,0.08156193,0.62258226,0.29585585,25.3001,34.66666,1.9043997e-08,0.08799431,1.2536354e-10
664,0.20150922,0.33241293,0.33572164,0.13035612,25.557713,34.40476,2.3580414e-08,0.10344009,1.14845015e-10
665,0.14582956,0.24926949,0.41490483,0.18999617,25.879713,34.3481,2.1130143e-08,0.09569126,1.068005e-10
669,5.5193796e-09,7.48548e-09,0.39962393,0.6003761,25.442524,34.216015,1.42235015e-08,0.06827029,3.5303135e-10
670,5.9193233e-09,7.627385e-09,1.803014e-08,1.0,25.551962,35.278305,1.0465794e-08,0.054678064,2.937439e-10
671,5.5706066e-09,7.458674e-09,1.66099e-08,1.0,25.535557,35.553715,1.10201235e-08,0.05630909,3.7379327e-10
672,6.5161543e-09,8.90987e-09,1.9626258e-08,0.99999994,25.430439,35.25972,1.1949499e-08,0.05974364,5.5502747e-10
673,5.128277e-09,7.2958652e-09,0.5559334,0.44406655,25.555445,35.785305,1.5696797e-08,0.071848996,5.952231e-10
674,0.22997433,0.44883603,0.2380897,0.08309988,25.627378,35.369583,2.865895e-08,0.09249682,4.936018e-10
678,0.1999351,0.35364723,0.33033535,0.116082296,24.978178,35.067287,2.354046e-08,0.10098747,2.4551297e-10
679,0.09567579,0.4429209,0.2611686,0.20023471,28.100836,34.902733,1.9511694e-08,0.03704116,2.0107686e-10
680,3.8316017e-09,0.20101732,0.3742048,0.4247779,29.394697,34.949192,1.6155973e-08,0.030559914,3.0984984e-10
681,2.4764455e-09,3.634875e-09,0.035562735,0.96443725,28.246328,34.929718,1.1966095e-08,0.04687508,3.6079803e-10
682,2.0039814e-09,2.3974815e-09,7.84092e-09,1.0,27.95649,34.791332,1.090124e-08,0.050495833,3.3798245e-10
683,0.12675177,0.38886127,0.2771174,0.20726961,29.075352,34.299946,2.0358272e-08,0.049617145,1.3345704e-10
685,1.1447084e-09,1.68492e-09,7.934796e-09,1.0,30.34038,34.16436,1.0407216e-08,0.0276844,7.0309286e-11
686,4.6566062e-10,4.754362e-10,2.6635953e-09,1.0,29.581242,34.025333,8.422492e-09,0.025133235,1.0092518e-10
687,1.1320518e-09,1.732697e-09,0.02659798,0.973402,30.748833,34.028473,1.0491899e-08,0.023196584,1.1230897e-10
688,3.9526e-10,3.3530784e-10,2.4237927e-09,1.0,29.9727,33.992985,8.233036e-09,0.025226913,1.0861014e-10
689,5.443469e-10,5.9188215e-10,2.8079055e-09,1.0,28.865103,33.964413,8.558031e-09,0.030511694,1.2489654e-10
690,1.6392065e-09,2.0255508e-09,6.187198e-09,1.0,27.630848,34.078457,1.0193511e-08,0.04541066,1.402386e-10
691,4.652398e-09,6.064611e-09,0.002321535,0.99767846,26.590853,34.40152,1.2713942e-08,0.060898963,1.5793478e-10
692,5.469527e-09,7.73811e-09,0.588439,0.411561,25.841156,34.561714,1.6650716e-08,0.07596545,1.6595601e-10
693,0.11121657,0.26549503,0.43695197,0.18633637,25.197472,34.66498,2.0396387e-08,0.08982755,1.7374567e-10
694,0.16935319,0.3229538,0.37443736,0.13325568,24.756151,34.776337,2.2088383e-08,0.09743304,1.761716e-10
695,0.19257289,0.35586482,0.34043163,0.1111306,24.52416,34.875492,2.3253756e-08,0.10076045,1.7295818e-10
696,0.16635707,0.3581938,0.35267583,0.12277326,24.549301,34.909832,2.2241762e-08,0.09415244,1.6519636e-10
697,0.10672116,0.3488963,0.38662145,0.15776114,24.765537,34.85993,2.053297e-08,0.08294713,1.5647057e-10
698,1.0196267e-08,0.2538143,0.49754825,0.24863738,25.170273,34.62653,1.8823867e-08,0.07596224,1.4809204e-10
699,0.071474254,0.2738693,0.43567804,0.21897838,25.626963,34.33415,1.9654175e-08,0.080977745,1.2730064e-10
700,0.11682302,0.2586446,0.41416556,0.21036685,26.135855,34.07902,2.0403714e-08,0.08768676,1.1131027e-10
701,0.11796586,0.26808113,0.4000414,0.21391165,26.439953,33.98611,2.035185e-08,0.085312046,1.1436589e-10
704,4.039262e-08,4.7766324e-08,1.2544001e-07,0.9999998,25.320894,34.34278,9.903022e-09,0.052322578,5.508234e-10
705,7.0096666e-09,9.588038e-09,0.21381804,0.7861819,25.273588,34.71065,1.36241844e-08,0.06623759,4.0356632e-10
706,8.492216e-09,2.8245095e-06,0.6809602,0.31903702,24.981812,35.341885,1.83957e-08,0.083580285,3.616722e-10
707,4.251372e-09,0.28741345,0.4222643,0.2903222,25.602955,35.38306,1.7276967e-08,0.05201087,4.291257e-10
708,4.39998e-09,1.5992162e-08,0.5235728,0.4764272,26.034916,34.791348,1.5951505e-08,0.04759292,6.473933e-10
709,0.052671447,0.033949044,0.20293419,0.71044534,25.352978,35.739594,8.186716e-09,0.04632891,8.271821e-10
710,0.052335527,0.058253903,0.16545327,0.7239573,25.289995,35.56865,9.656011e-09,0.05149766,7.9271933e-10
714,0.13572635,0.09255242,0.32493356,0.4467877,24.785273,35.1622,1.740063e-08,0.07720106,2.7095035e-10
715,4.805729e-09,1.2913513e-08,0.51775765,0.48224238,27.260695,35.054985,1.6436982e-08,0.055255868,2.543907e-10
716,1.2101264e-09,1.5031976e-09,5.1546984e-09,1.0,28.467909,35.12355,9.84864e-09,0.037989233,4.3668164e-10
719,0.17362753,0.46664375,0.2242734,0.13545534,28.97386,34.27077,2.4539936e-08,0.04644735,1.5681838e-10
726,3.7748653e-09,2.3368643e-09,1.5556147e-08,1.0,26.570755,34.262318,8.345265e-09,0.047254622,1.606555e-10
727,4.863285e-09,6.1827365e-09,1.4861833e-08,1.0,25.697802,34.47053,1.05848175e-08,0.056209452,1.7417409e-10
728,7.924406e-09,1.0631625e-08,0.2598892,0.7401108,25.004347,34.55383,1.3860083e-08,0.06876489,1.8245956e-10
729,6.495237e-09,9.147981e-09,0.6728503,0.3271497,24.42725,34.609158,1.6741334e-08,0.07991939,1.9015664e-10
730,0.053219322,0.22706446,0.5475357,0.17218052,23.944735,34.65947,2.0018417e-08,0.09180609,1.9563756e-10
731,0.12236689,0.29642648,0.4513998,0.12980683,23.792753,34.693295,2.1079288e-08,0.09548325,1.9398536e-10
732,0.14844148,0.3147118,0.41515964,0.12168704,23.917057,34.681263,2.1642546e-08,0.09739358,1.8734071e-10
733,0.07210673,0.32139665,0.43693063,0.16956604,24.444538,34.60141,2.0006949e-08,0.082764596,1.7385283e-10
734,0.05779425,0.42843464,0.33326343,0.18050765,25.356726,34.354237,1.9316253e-08,0.058174923,1.5424191e-10
735,0.12165803,0.43920583,0.283297,0.15583916,26.200394,34.09515,2.0989859e-08,0.060951184,1.1959825e-10
736,0.21142289,0.53031784,0.1850286,0.07323069,26.702234,33.977478,3.5142666e-08,0.059185363,1.1104994e-10
737,0.23193802,0.48545694,0.20844096,0.07416408,26.15114,33.90104,3.3154762e-08,0.08665889,1.15825384e-10
740,1.3069813e-08,1.8510448e-08,3.670788e-08,0.99999994,24.770903,34.585655,1.2066051e-08,0.060970724,5.803563e-10
741,1.617216e-08,2.3355419e-08,4.5656822e-08,0.99999994,24.54889,35.138344,1.2517251e-08,0.06276659,4.8907733e-10
742,3.6942495e-08,5.3199862e-08,1.0029471e-07,0.99999976,24.527552,35.401203,1.1686442e-08,0.059739094,4.7369636e-10
743,8.7296455e-09,1.1964718e-08,0.06416219,0.9358378,25.130154,35.234497,1.3426046e-08,0.0657038,5.901847e-10
744,0.080430605,0.4980842,0.26584774,0.15563743,25.63374,34.16477,1.9667835e-08,0.04107381,7.7898693e-10
751,4.7944404e-09,6.254829e-09,0.5001034,0.4998966,26.011887,35.034645,1.518849e-08,0.07259494,3.1651715e-10
753,0.03611251,0.023885893,0.14308198,0.79691964,26.045927,35.01754,8.330422e-09,0.046778593,5.861284e-10
755,1.1933731e-09,1.4169558e-09,5.295119e-09,1.0,28.834124,34.416206,9.9342e-09,0.03839961,2.3537855e-10
766,0.07104255,0.040248804,0.25100273,0.6377059,23.659716,34.662865,8.002831e-09,0.048368573,1.9886276e-10
767,0.073894806,0.04492658,0.25408182,0.6270968,23.551426,34.65738,8.110497e-09,0.048840746,1.9621332e-10
768,0.092590705,0.094629295,0.26296404,0.54981595,23.575977,34.602936,9.521594e-09,0.05412369,1.9236268e-10
769,0.09930003,0.14474574,0.25440595,0.50154835,23.910872,34.49097,1.2069854e-08,0.063048914,1.8644608e-10
770,1.0636521e-08,1.4837345e-08,3.0538466e-08,0.99999994,25.081758,34.27439,1.0975656e-08,0.056666855,1.6750776e-10
771,4.1526134e-09,6.633977e-09,1.6931846e-08,1.0,26.353031,34.098118,1.2414329e-08,0.050321314,1.2696712e-10
772,0.12130119,0.3704655,0.34074846,0.16748482,25.715672,33.990837,2.0923485e-08,0.07602483,1.2073237e-10
773,2.3596694e-08,3.26652e-08,6.930412e-08,0.99999994,24.28063,33.986958,1.3201654e-08,0.06793301,1.3073433e-10
775,1.6485307e-08,2.4042178e-08,0.59186494,0.40813503,23.649754,35.26668,1.45871235e-08,0.071522884,6.8461603e-10
776,0.087700665,0.11776675,0.23806669,0.55646586,24.285389,35.044273,1.0826262e-08,0.057438646,6.255279e-10
777,0.047363773,0.0031175616,0.22707315,0.7224455,24.085123,35.361046,6.909191e-09,0.04342971,5.731839e-10
778,0.0696884,0.04186171,0.24681373,0.64163613,23.886057,35.507397,8.068017e-09,0.047999177,6.2823685e-10
779,0.059580818,0.027402332,0.23311915,0.6798977,24.357197,35.24473,7.737559e-09,0.04635108,7.90851e-10
780,0.042191677,0.007672466,0.20833571,0.7418002,24.802471,34.03239,7.016586e-09,0.039429985,1.1369968e-09
787,8.745726e-09,1.1964191e-08,2.5546512e-08,0.99999994,25.106941,35.124805,1.2187784e-08,0.06250627,3.9622e-10
789,3.3507548e-09,3.7069674e-09,1.1948651e-08,1.0,26.159931,34.837997,9.2585335e-09,0.044981442,6.1533506e-10
790,2.88986e-09,3.939481e-09,9.905449e-09,1.0,26.71402,34.939377,1.1161296e-08,0.049415793,4.5902812e-10
807,4.730873e-09,7.629797e-09,0.12592366,0.8740763,26.072876,34.37431,1.318346e-08,0.052193608,1.5084005e-10
808,0.09936644,0.10775442,0.26836398,0.52451515,23.50292,34.243225,1.0013384e-08,0.05738954,1.4709339e-10
810,0.111119255,0.16684416,0.27519268,0.44684386,23.477768,35.34742,1.2208435e-08,0.063924305,7.3336137e-10
811,0.05464526,0.0099103525,0.23828354,0.69716084,23.745466,35.392834,7.130997e-09,0.045161236,7.100467e-10
823,1.2137476e-08,1.8089239e-08,3.5874553e-08,0.9999999,24.65532,35.201035,1.2760185e-08,0.061898034,5.57477e-10
825,0.17420655,0.40485713,0.30000758,0.1209287,25.238674,34.57311,2.2979034e-08,0.08330688,5.9325783e-10
826,4.2756425e-09,3.792571e-09,1.6488366e-08,1.0,26.24991,34.946365,8.684919e-09,0.04282249,4.623503e-10
845,0.12407164,0.15654382,0.2921472,0.42723733,22.315386,35.230335,1.100016e-08,0.06195964,7.453001e-10
859,0.0784978,0.08258604,0.24020612,0.59871006,24.170406,35.2189,9.303479e-09,0.049488127,8.959193e-10
860,0.09334182,0.06519565,0.2758651,0.56559736,24.4452,35.592487,1.1466307e-08,0.053452488,1.0397375e-09
862,0.067178175,0.042049862,0.23511085,0.6556611,24.864887,34.77028,8.77867e-09,0.048049577,4.6068516e-10
863,3.794675e-09,5.469589e-09,1.2786494e-08,1.0,26.19466,33.76422,1.14095995e-08,0.049842197,2.5848432e-10
895,5.886093e-09,1.1442954e-08,0.5791722,0.42082778,24.545593,35.19429,1.5820994e-08,0.06231137,1.0553878e-09
896,0.11630503,0.06295841,0.30605456,0.514682,23.764418,35.681908,1.4735586e-08,0.06369265,1.1855249e-09
924,0.124591835,0.017737953,0.33441204,0.52325815,19.165438,36.27118,1.1391804e-08,0.06120075,1.0383732e-09
931,0.093054615,0.1314287,0.2501102,0.5254065,23.732368,35.118603,1.0674363e-08,0.051407047,1.3895782e-09
932,0.20256864,0.1170917,0.3739383,0.30640134,21.964783,35.60992,2.0503979e-08,0.08678204,1.3081566e-09
938,3.4536388e-08,2.540023e-08,0.9999999,8.830238e-09,21.717936,34.168446,3.0687776e-08,0.118574515,2.1062702e-10
954,0.05491768,0.0059297453,0.24706917,0.6920834,22.792786,35.602352,6.8556187e-09,0.03961113,8.195686e-10
974,0.13136117,0.09583571,0.3143472,0.45845592,20.632744,34.191906,9.676466e-09,0.06288497,2.1382546e-10
975,0.2089701,0.03569771,0.41194513,0.34338698,21.924555,34.307377,2.149519e-08,0.09232655,2.3162594e-10
976,0.19593398,0.033291463,0.3995366,0.3712379,21.96957,34.39557,1.867841e-08,0.09349504,2.4803276e-10
977,0.14746267,0.0510987,0.34814996,0.4532887,21.396341,34.395943,1.255978e-08,0.07564663,2.539495e-10
978,0.1491367,0.08370198,0.3387123,0.42844895,20.677715,34.37074,1.1239334e-08,0.07148115,2.5422e-10
979,0.14450823,0.074910134,0.3373494,0.44323224,19.960175,34.347687,1.041671e-08,0.06609122,2.5172076e-10
980,0.12190148,0.047823265,0.32557628,0.504699,19.521463,34.320457,8.814476e-09,0.056349073,2.4775845e-10
986,0.15908204,0.101631604,0.33542535,0.40386102,17.639505,34.35193,9.98785e-09,0.063376844,4.52705e-10
990,0.15259527,0.22728358,0.31468353,0.3054376,21.294325,35.64208,1.3483833e-08,0.0729768,7.997399e-10
991,0.18173411,0.1523355,0.35335577,0.31257463,21.409763,35.723328,1.7058856e-08,0.08104355,8.439863e-10
992,0.15077497,0.07284476,0.34402063,0.43235958,21.146635,35.78425,1.3286425e-08,0.06968383,8.680857e-10
1011,0.37169677,2.4235652e-08,0.6283032,2.2754865e-09,19.803991,34.301094,6.2317326e-08,0.16200435,2.4701977e-10
1012,1.0369097e-07,3.3982673e-08,0.9999998,7.4420896e-09,19.477554,34.36198,5.6914015e-08,0.15390256,2.5896235e-10
1013,1.07773346e-07,3.4775237e-08,0.9999999,5.4848894e-09,18.82475,34.368176,5.4624035e-08,0.15692028,2.6343663e-10
1014,1.2193176e-07,4.3486168e-08,0.9999998,5.188916e-09,18.089848,34.36987,5.397349e-08,0.15858163,2.656636e-10
1015,1.17999505e-07,5.3809547e-08,0.9999998,5.618471e-09,17.391861,34.357426,5.1208627e-08,0.15539323,2.6477256e-10
1016,0.22064012,0.16208373,0.5952403,0.022035852,16.84597,34.327736,4.1964864e-08,0.14073768,2.5948438e-10
1017,0.254789,0.29703248,0.35340056,0.09477793,16.600197,34.284336,2.5793208e-08,0.11285046,2.4918118e-10
1018,0.2224026,0.26858753,0.32298294,0.18602692,16.487661,34.23057,1.7563375e-08,0.09386002,2.43742e-10
1019,0.20526846,0.19271916,0.33803853,0.26397383,16.523788,34.184757,1.3023311e-08,0.07882959,2.4283708e-10
1020,0.16894795,0.10720264,0.34304714,0.38080227,16.663795,34.157936,9.911443e-09,0.063732706,2.462356e-10
1021,0.20840235,0.122852705,0.35420805,0.3145369,15.235989,34.112522,1.3815476e-08,0.078265235,2.8527714e-10
1026,0.3870263,0.21625356,0.3967201,9.522345e-10,18.237324,35.71765,7.850672e-08,0.1751102,7.9007795e-10
1027,0.35349658,2.2967596e-08,0.6465034,1.9333928e-09,18.237505,35.75399,7.4883545e-08,0.17259303,8.2335416e-10
1028,0.023112444,3.3807257e-08,0.9768875,3.560909e-09,17.960537,35.77962,5.8898394e-08,0.16272712,8.328566e-10
1029,2.6800643e-07,2.1364659e-07,0.9999995,3.5391377e-08,17.806639,35.796764,3.452528e-08,0.12837352,8.2236157e-10
1030,0.21176256,0.27538067,0.3283699,0.18448685,17.89213,35.800957,1.8048379e-08,0.08886216,8.037045e-10
1031,0.13379255,0.067207195,0.33044106,0.4685592,18.04816,35.84508,8.656235e-09,0.05417919,7.9562273e-10
1032,0.2206995,0.15019365,0.35403147,0.27507538,17.001469,35.89542,2.0463958e-08,0.0852488,8.122586e-10
1033,0.17113669,0.061654393,0.3558514,0.4113575,16.926302,36.112705,1.2766761e-08,0.06636807,9.675086e-10
1047,0.4412653,0.27326244,0.28547224,3.8007808e-10,16.425877,34.325302,1.9106783e-07,0.25479457,2.8948793e-10
1048,0.5034631,0.102929175,0.3936077,6.4248273e-10,16.34814,34.373848,1.4041402e-07,0.22218934,2.8322306e-10
1049,0.47889376,0.12206955,0.39903674,6.678566e-10,16.223372,34.347744,1.1227686e-07,0.21099965,2.7963068e-10
1050,0.4836419,0.112457745,0.40390038,6.439684e-10,15.719239,34.3276,1.0911054e-07,0.21060243,2.8122518e-10
1051,0.51912534,0.014342314,0.46653238,7.809704e-10,15.159658,34.301952,1.0357921e-07,0.20507082,2.81281e-10
1052,0.4849379,4.7905747e-08,0.51506203,9.404497e-10,14.655044,34.266273,9.038694e-08,0.19463632,2.7707694e-10
1053,0.30230048,4.042894e-08,0.69769955,1.6423923e-09,14.258263,34.223457,7.492473e-08,0.18011867,2.7119537e-10
1054,1.0012219e-07,7.823491e-08,0.9999998,5.0336135e-09,13.976825,34.17328,5.111991e-08,0.15658669,2.6023314e-10
1055,0.29807118,0.31546178,0.3379199,0.048547182,13.81963,34.120586,3.6658523e-08,0.13571815,2.5479774e-10
1056,0.26144826,0.30151784,0.31313,0.12390382,14.0891285,34.086918,2.460815e-08,0.10975636,2.526761e-10
1057,0.24110909,0.20682688,0.33910108,0.21296291,14.028473,34.068863,1.6064819e-08,0.08879178,2.800917e-10
1062,0.46367502,0.18273677,0.3535882,4.517695e-10,15.097262,35.666187,1.3320832e-07,0.21781506,7.7334245e-10
1063,0.470269,0.16225608,0.3674749,5.0146187e-10,15.640276,35.719223,1.1983032e-07,0.21315199,7.848485e-10
1064,0.47529155,0.17226024,0.35244817,4.435772e-10,15.477927,35.724743,1.2314291e-07,0.21999902,7.920288e-10
1065,0.5220155,0.030674985,0.4473095,6.877144e-10,15.261951,35.734474,1.0813557e-07,0.20386404,7.871935e-10
1066,0.46359375,4.9586184e-08,0.5364062,1.022878e-09,14.958792,35.74349,8.492108e-08,0.18657319,7.7251894e-10
1067,2.0919067e-07,2.093886e-07,0.9999996,1.6590281e-08,15.046294,35.764072,4.167226e-08,0.13824378,7.469917e-10
1068,0.28285268,0.23594525,0.3427649,0.13843718,15.216536,35.73297,2.9630947e-08,0.109470755,7.6470447e-10
1070,0.19330744,0.02452822,0.38249484,0.39966947,15.00964,37.34496,1.4143017e-08,0.0753869,1.4503814e-09
1083,0.46449965,0.25604746,0.27945292,2.4773159e-10,13.379627,34.333656,2.3535097e-07,0.27688658,3.222108e-10
1084,0.52231956,0.01949392,0.45818654,6.986944e-10,14.203372,34.26149,1.2359446e-07,0.20806979,2.9232577e-10
1085,0.50948143,0.0922034,0.3983152,4.99878e-10,13.656131,34.1983,1.2407695e-07,0.22092648,2.965267e-10
1086,0.5078028,0.1104861,0.38171113,4.4677087e-10,13.102458,34.15788,1.2891766e-07,0.22497237,2.9944788e-10
1087,0.50772184,0.11925057,0.37302756,4.1207976e-10,12.660978,34.128685,1.2957348e-07,0.22739309,2.9799105e-10
1088,0.5166375,0.10027752,0.38308498,4.2232115e-10,12.292082,34.10864,1.2456321e-07,0.22562015,2.9464403e-10
1089,0.5187974,0.095204666,0.38599798,4.2370207e-10,11.9505415,34.089924,1.221447e-07,0.22437228,2.9313846e-10
1090,0.54509443,0.023368137,0.4315374,5.092497e-10,11.595069,34.05438,1.1202708e-07,0.21748951,2.8907574e-10
1091,0.45246834,3.334885e-08,0.54753166,8.6988056e-10,11.348001,34.00695,8.89016e-08,0.19877009,2.8238828e-10
1092,0.372909,0.25478318,0.34916374,0.023144089,11.535938,33.97435,6.009058e-08,0.1684689,2.7505553e-10
1093,0.35815412,0.24952023,0.3282674,0.06405828,11.645804,34.002155,4.718659e-08,0.1479662,2.967775e-10
1099,0.47041106,0.24546368,0.2841253,2.1093924e-10,12.909771,35.559254,2.0081379e-07,0.26996413,7.494859e-10
1100,0.48242363,0.19445297,0.32312343,3.0074113e-10,13.423833,35.63713,1.5813936e-07,0.23993571,7.4565004e-10
1101,0.485039,0.21869196,0.29626906,2.23056e-10,12.9146185,35.653816,2.0062453e-07,0.26516575,7.551406e-10
1102,0.5356816,0.13014653,0.33417183,2.6045988e-10,12.459856,35.663876,2.0340809e-07,0.25796,7.546725e-10
1103,0.5194784,0.12011048,0.3604111,3.5114464e-10,12.2145195,35.655087,1.4359344e-07,0.23080273,7.3299e-10
1104,1.8161084e-07,7.220043e-08,0.99999976,2.919928e-09,12.576604,35.639275,7.667315e-08,0.17995927,7.3042866e-10
1105,0.4008409,0.20005845,0.34859765,0.05050299,12.269539,35.59511,5.9286094e-08,0.15368442,7.538544e-10
1120,0.3925139,6.566513e-09,0.6074861,7.4444095e-10,10.111975,33.211933,5.03893e-08,0.19471163,3.1813424e-10
1121,0.49458534,0.17412286,0.33129188,2.437786e-10,10.513887,33.676243,8.752208e-08,0.23924674,3.0643862e-10
1122,0.48431584,0.21677715,0.29890704,1.9242188e-10,10.104828,33.79717,1.0726299e-07,0.25905776,3.0509764e-10
1123,0.49171144,0.2021008,0.30618778,2.0041785e-10,9.895602,33.825134,1.0574266e-07,0.25564057,2.9531572e-10
1124,0.48314986,0.23400219,0.2828479,1.7486547e-10,9.6958275,33.87885,1.5074889e-07,0.27295288,3.0639732e-10
1125,0.5089027,0.20238821,0.28870904,1.7683416e-10,9.436468,33.914646,1.9297966e-07,0.28114656,3.2027894e-10
1126,0.5170498,0.19126572,0.2916845,1.7619932e-10,9.096211,33.907085,1.8920747e-07,0.28005767,3.2079944e-10
1127,0.58512354,0.057706416,0.3571701,2.6671543e-10,8.918794,33.873066,1.4366944e-07,0.2525658,3.1030478e-10
1128,0.45726317,1.9772067e-08,0.5427369,7.8218376e-10,8.939575,33.79454,8.559072e-08,0.21282771,2.9949448e-10
1129,0.4693878,0.17509983,0.32670513,0.028807174,8.740608,33.91812,9.309623e-08,0.19098014,3.3149555e-10
1136,0.50442934,0.21703702,0.27853355,1.4637423e-10,10.994566,35.45004,2.7610417e-07,0.31268063,7.3730994e-10
1137,0.5499995,0.15662262,0.29337788,1.3422048e-10,10.055281,35.54061,3.33329e-07,0.3216787,7.4671774e-10
1138,0.597355,0.08938882,0.3132561,1.320132e-10,9.889033,35.579605,3.552756e-07,0.31876445,7.644414e-10
1139,0.62469375,0.02086404,0.35444215,2.0880939e-10,9.499292,35.464016,2.3289775e-07,0.2716034,7.2993966e-10
1140,0.28837368,4.2638508e-08,0.71162623,1.420145e-09,9.270519,35.171917,8.496301e-08,0.20279223,7.002905e-10
1141,0.5030453,0.14561825,0.33361384,0.017722525,9.862625,35.46507,1.0368537e-07,0.18981172,7.594551e-10
1156,0.5966396,5.001679e-09,0.40336037,2.7010214e-10,6.4348865,32.686802,7.6226556e-08,0.23985596,4.130783e-10
1157,0.4571907,0.2817495,0.26105982,1.243168e-10,7.749975,33.437176,1.4143804e-07,0.25632858,3.179466e-10
1158,0.5221529,0.15362783,0.3242193,1.8278745e-10,7.665723,33.5633,1.0284003e-07,0.23955192,2.9945785e-10
1159,0.42271528,0.29733562,0.2799491,1.6343554e-10,8.700213,33.54379,9.905039e-08,0.21445563,2.7055153e-10
1160,0.46241882,0.2722775,0.26530364,1.3164662e-10,7.867348,33.63008,1.3665405e-07,0.25587887,2.8474567e-10
1161,0.4794947,0.27654082,0.24396448,1.0144732e-10,7.060323,33.722183,2.4297245e-07,0.3153658,3.3328046e-10
1162,0.5578575,0.15918918,0.28295335,1.2941942e-10,6.748457,33.733322,1.9830377e-07,0.3052905,3.3460829e-10
1163,0.66574246,1.55284e-08,0.3342576,1.8385968e-10,6.6077776,33.696587,1.8299211e-07,0.28604594,3.426772e-10
1164,0.3938623,0.2223091,0.32377476,0.06005382,6.359259,33.3552,4.8357933e-08,0.1718481,3.134659e-10
1172,0.6787022,0.0058503184,0.3154475,8.594298e-11,7.57725,35.433014,6.461573e-07,0.36273488,8.0594e-10
1173,0.66438454,0.017579958,0.31803542,8.81634e-11,7.3413815,35.42819,4.817974e-07,0.39379922,7.638031e-10
1174,0.670552,4.8793243e-08,0.32944798,9.6686964e-11,7.3691316,35.374115,3.864841e-07,0.31274822,7.5159395e-10
1175,0.47271633,0.18173689,0.33113587,0.014410988,5.743312,34.63321,6.1702494e-08,0.2101961,6.228788e-10
1176,0.32359332,0.07444453,0.40826756,0.19369455,5.100052,33.68714,1.20446595e-08,0.10488539,6.299958e-10
1194,0.749033,6.878028e-09,0.25096706,1.1075895e-10,2.9423666,33.66677,2.7038976e-07,0.33210674,4.0177547e-10
1195,0.74116707,6.8398895e-09,0.25883287,1.02847626e-10,3.247647,33.670788,3.027442e-07,0.3382088,3.9752937e-10
1196,0.7331485,7.2330337e-09,0.26685148,9.714585e-11,3.6249745,33.68429,3.3680666e-07,0.34094122,4.0094095e-10
1197,0.7204479,8.136072e-09,0.2795521,9.582227e-11,3.9335356,33.679283,3.3928018e-07,0.34272096,3.9708056e-10
1198,0.7573035,6.70795e-09,0.24269655,1.0958485e-10,2.7315688,33.593494,2.737073e-07,0.33250758,3.9263365e-10
1199,0.8372218,8.954861e-09,0.16277815,2.3695995e-10,2.934176,33.52631,1.8789906e-07,0.29910803,3.5859335e-10
1208,0.7410203,3.162711e-08,0.25897962,9.799767e-11,5.103425,35.224865,5.1084123e-07,0.45716274,7.441241e-10
1209,0.6952692,1.989116e-08,0.30473074,8.8613714e-11,5.5006857,35.109108,3.30975e-07,0.34808055,7.0856393e-10
1210,0.93207204,1.4848293e-08,0.06792796,7.6593787e-10,3.2572505,34.39991,9.709366e-08,0.26159397,6.0774275e-10
1211,0.41752973,0.20119439,0.334856,0.04641989,1.6556195,33.617104,3.9568263e-08,0.1959076,5.240914e-10
1212,0.41815332,0.17431383,0.35198137,0.05555153,1.7254645,33.711487,3.263661e-08,0.18004645,5.71367e-10
1213,0.47241974,0.021943873,0.4643409,0.041295473,1.2741512,33.291622,2.1891164e-08,0.13722259,5.8604777e-10
1233,0.6494235,0.07163286,0.2753806,0.0035630025,-0.46788925,33.252586,1.6101457e-07,0.38723925,4.5028783e-10
1243,0.59671336,0.058767892,0.33930594,0.0052128253,-0.35039455,33.70024,1.0924789e-07,0.30552083,3.921515e-10
1244,0.62343454,0.076352514,0.29534924,0.0048637055,-0.2350972,34.097145,1.6347407e-07,0.40057278,4.811561e-10
1247,0.58030015,0.04859442,0.36625692,0.0048485715,-0.508987,33.056618,7.9808366e-08,0.25003535,4.2770412e-10
1248,0.59531903,0.061713777,0.3374207,0.0055464944,-0.4326213,33.300213,1.05234164e-07,0.28871787,4.5747134e-10
1249,0.5813841,0.056649104,0.3555375,0.0064292764,-0.3134605,33.424324,9.177041e-08,0.28091717,4.689483e-10
1250,0.5972168,0.05894162,0.33881477,0.0050268346,-0.24162222,33.587776,1.0964006e-07,0.32317382,4.8242266e-10
1251,0.5895886,0.051697202,0.35345322,0.0052610226,-0.1609314,33.569023,9.8770606e-08,0.30074272,4.7668275e-10
1260,0.6206248,0.02785858,0.35134834,0.00016827327,-1.1591887,32.01746,8.4316284e-08,0.26049185,3.8329107e-10
1261,0.61989015,0.027831493,0.35203215,0.00024622507,-1.1840397,32.102463,8.454084e-08,0.2621714,3.7518208e-10
1262,0.62220633,0.028269775,0.34921882,0.00030508905,-1.2128694,32.190884,8.958493e-08,0.27673757,3.5855227e-10
1263,0.62297547,0.027412217,0.34921613,0.00039615153,-1.2501625,32.238304,9.141069e-08,0.28704605,3.3599584e-10
1264,0.6318197,0.024866465,0.34307602,0.00023780836,-1.287415,32.245533,1.0852158e-07,0.3034688,3.250835e-10
1265,0.63626456,0.027713506,0.33581498,0.0002069896,-1.3247933,32.256462,1.1060005e-07,0.28930128,3.1381542e-10
1266,0.64391667,0.022068864,0.33382785,0.00018663895,-1.3713055,32.2643,1.0672688e-07,0.2955603,3.010379e-10
1267,0.63734764,0.020630317,0.34185353,0.00016850303,-1.4121366,32.268032,1.0342223e-07,0.32762867,2.887866e-10
1268,0.6310804,0.020433415,0.3482317,0.0002545895,-1.4383236,32.26703,9.808586e-08,0.30538076,2.7519736e-10
1269,0.6311522,0.023041008,0.34580672,1.2633842e-07,-1.4498774,32.27582,9.7964296e-08,0.27218747,2.6513416e-10
1272,0.6254516,0.020007437,0.35454082,9.951711e-08,-1.449767,32.2477,7.453668e-08,0.22639821,2.3895144e-10
1274,0.63809824,0.021167599,0.34072325,1.0937414e-05,-1.4088252,32.306305,1.05542924e-07,0.31810477,2.5909944e-10
1275,0.6439567,0.027292259,0.32839546,0.00035551295,-1.3785795,32.497547,1.377466e-07,0.347736,2.9868688e-10
1276,0.65529853,0.02615392,0.31813362,0.00041398642,-1.3680328,32.709187,1.6800927e-07,0.42478192,3.438438e-10
1277,0.66692764,0.025793355,0.307043,0.00023606204,-1.3676265,32.8965,1.8845732e-07,0.45310166,3.808244e-10
1278,0.6759399,0.028676393,0.29476756,0.0006161068,-1.3678871,33.06598,2.1609324e-07,0.3917071,4.159628e-10
1279,0.6734769,0.026544506,0.29971924,0.00025935756,-1.3768328,33.04489,1.9330788e-07,0.482153,4.088117e-10
1284,0.66605216,0.02437817,0.30948463,8.504206e-05,-1.3572557,32.96833,1.8229512e-07,0.3382276,4.876285e-10
1285,0.67567843,0.03449883,0.28852782,0.0012949606,-1.1973108,33.188274,2.2077066e-07,0.4404798,5.2032806e-10
1286,0.6782574,0.035682704,0.28541481,0.0006450888,-1.1695726,33.08087,2.102699e-07,0.4626773,5.0858734e-10
1287,0.663908,0.03798852,0.2976089,0.00049457717,-1.1883057,32.735394,1.8011443e-07,0.376991,4.732858e-10
1288,0.65786994,0.02850341,0.31335902,0.00026767186,-1.1957248,32.32661,1.5544636e-07,0.35456833,4.4555454e-10
1289,0.65780264,0.037556905,0.3040647,0.0005757763,-1.1427673,32.29212,1.681668e-07,0.3771873,4.5531912e-10
1290,0.66591305,0.035353173,0.29778033,0.00095348334,-1.0739378,32.2688,1.9031552e-07,0.4419639,4.6900234e-10
1291,0.6548673,0.036346942,0.3081187,0.00066705915,-1.0863601,32.166855,1.6277134e-07,0.37966695,4.4163362e-10
1292,0.63976276,0.03795513,0.32183775,0.00044434125,-1.102033,32.073612,1.3435618e-07,0.3224331,4.135906e-10
1293,0.63604563,0.038078986,0.3252932,0.00058213883,-1.0952054,32.11839,1.3228083e-07,0.32100046,4.0744338e-10
1294,0.6291298,0.038454365,0.331729,0.00068678265,-1.0997891,32.095047,1.2401189e-07,0.30594406,4.006801e-10
1295,0.62972015,0.029292773,0.3407435,0.00024359979,-1.130381,32.01751,9.6681106e-08,0.26733482,3.893476e-10
