Year,Group,pCO2 (mol),pCO2 (ppm),Temperature
2022.5,1p5,7.43831919028e+16,420.434,13.549789
2023.5,1p5,7.45597610671e+16,421.432,13.566555
2024.5,1p5,7.46280950632e+16,421.81800000000004,13.58283
2025.5,1p5,7.46956846229e+16,422.2,13.594938
2026.5,1p5,7.47629465842e+16,422.581,13.60844
2027.5,1p5,7.48298959058e+16,422.959,13.619418
2028.5,1p5,7.48967267774e+16,423.337,13.631797
2029.5,1p5,7.496341212e+16,423.714,13.641268
2030.5,1p5,7.5030015065e+16,424.09000000000003,13.650868
2031.5,1p5,7.50964322409e+16,424.46500000000003,13.66142
2032.5,1p5,7.51627732838e+16,424.84000000000003,13.669626
2033.5,1p5,7.52292728269e+16,425.216,13.678965
2034.5,1p5,7.52954006091e+16,425.59,13.688603
2035.5,1p5,7.53617258391e+16,425.965,13.696121
2036.5,1p5,7.54279785287e+16,426.339,13.703524
2037.5,1p5,7.54943158137e+16,426.714,13.711207
2038.5,1p5,7.55603799795e+16,427.088,13.719478
2039.5,1p5,7.56265678382e+16,427.462,13.726743
2040.5,1p5,7.5692783626e+16,427.836,13.733408
2041.5,1p5,7.57588265853e+16,428.21,13.741182
2042.5,1p5,7.58249492526e+16,428.583,13.747734
2043.5,1p5,7.58910737661e+16,428.957,13.75482
2044.5,1p5,7.59572147941e+16,429.331,13.761116
2045.5,1p5,7.60231998682e+16,429.704,13.767805
2046.5,1p5,7.60893604724e+16,430.07800000000003,13.773536
2047.5,1p5,7.61553844271e+16,430.45099999999996,13.780513
2048.5,1p5,7.62214456639e+16,430.824,13.787371
2049.5,1p5,7.62874872536e+16,431.198,13.792867
2050.5,1p5,7.63535271953e+16,431.571,13.799899
2051.5,1p5,7.641956995e+16,431.944,13.805344
2052.5,1p5,7.64856496464e+16,432.318,13.811621
2053.5,1p5,7.65515797177e+16,432.69,13.817166
2054.5,1p5,7.66176578051e+16,433.06399999999996,13.823009
2055.5,1p5,7.6683585405e+16,433.436,13.829712
2056.5,1p5,7.6749660299e+16,433.81,13.834487
2057.5,1p5,7.68157660871e+16,434.184,13.84156
2058.5,1p5,7.68817718197e+16,434.557,13.847858
2059.5,1p5,7.69477713727e+16,434.93,13.854013
2060.5,1p5,7.70136446364e+16,435.30199999999996,13.860932
2061.5,1p5,7.70796854594e+16,435.675,13.86689
2062.5,1p5,7.71457163069e+16,436.049,13.870842
2063.5,1p5,7.72115500902e+16,436.421,13.877115
2064.5,1p5,7.72775148825e+16,436.794,13.883542
2065.5,1p5,7.73435201397e+16,437.16700000000003,13.886804
2066.5,1p5,7.7409485415e+16,437.53900000000004,13.891931
2067.5,1p5,7.74754552594e+16,437.912,13.897443
2068.5,1p5,7.75414542163e+16,438.285,13.901422
2069.5,1p5,7.76075225901e+16,438.659,13.907368
2070.5,1p5,7.76734561123e+16,439.032,13.911773
2071.5,1p5,7.77393863631e+16,439.404,13.918641
2072.5,1p5,7.78052888216e+16,439.777,13.923203
2073.5,1p5,7.78713774731e+16,440.15,13.928388
2074.5,1p5,7.79371848894e+16,440.522,13.934125
2075.5,1p5,7.80031167471e+16,440.89500000000004,13.939221
2076.5,1p5,7.80689578053e+16,441.267,13.94459
2077.5,1p5,7.81348895946e+16,441.64,13.949064
2078.5,1p5,7.8200880057e+16,442.013,13.954081
2079.5,1p5,7.82668040165e+16,442.385,13.959516
2080.5,1p5,7.83328820899e+16,442.75899999999996,13.963487
2081.5,1p5,7.83988420246e+16,443.132,13.968571
2082.5,1p5,7.84647421214e+16,443.504,13.973352
2083.5,1p5,7.8530521978e+16,443.876,13.978785
2084.5,1p5,7.85965743092e+16,444.249,13.982946
2085.5,1p5,7.86625621915e+16,444.622,13.987156
2086.5,1p5,7.87283610455e+16,444.99399999999997,13.993172
2087.5,1p5,7.87943429676e+16,445.367,13.99781
2088.5,1p5,7.88602615372e+16,445.74,14.003276
2089.5,1p5,7.89261482661e+16,446.11199999999997,14.007915
2090.5,1p5,7.89920761131e+16,446.485,14.012627
2091.5,1p5,7.90579979143e+16,446.85699999999997,14.01796
2092.5,1p5,7.91239192793e+16,447.23,14.021794
2093.5,1p5,7.91898332568e+16,447.60200000000003,14.026435
2094.5,1p5,7.92558067237e+16,447.97499999999997,14.031258
2095.5,1p5,7.93217920026e+16,448.348,14.035369
2096.5,1p5,7.93876501751e+16,448.721,14.040118
2097.5,1p5,7.94535380793e+16,449.093,14.045084
2098.5,1p5,7.95194422312e+16,449.466,14.049438
2099.5,1p5,7.95805581497e+16,449.811,14.054219
2022.5,2,7.44015448349e+16,420.53799999999995,13.549879
2023.5,2,7.47745003143e+16,422.646,13.568337
2024.5,2,7.50937740035e+16,424.45,13.587908
2025.5,2,7.54129487973e+16,426.255,13.605328
2026.5,2,7.57320226102e+16,428.058,13.621653
2027.5,2,7.60510109393e+16,429.86100000000005,13.639487
2028.5,2,7.63698514532e+16,431.663,13.65558
2029.5,2,7.66887190818e+16,433.466,13.672415
2030.5,2,7.70074990388e+16,435.267,13.68971
2031.5,2,7.73261800359e+16,437.069,13.706681
2032.5,2,7.7644848917e+16,438.87,13.722828
2033.5,2,7.79636298389e+16,440.672,13.738081
2034.5,2,7.82823217123e+16,442.47299999999996,13.755086
2035.5,2,7.8601015078e+16,444.274,13.770277
2036.5,2,7.89196466808e+16,446.075,13.78477
2037.5,2,7.92383444336e+16,447.877,13.800516
2038.5,2,7.95569938556e+16,449.678,13.815757
2039.5,2,7.98756817188e+16,451.47900000000004,13.830061
2040.5,2,8.01943238398e+16,453.28000000000003,13.845757
2041.5,2,8.0512945112e+16,455.08099999999996,13.861643
2042.5,2,8.08316463897e+16,456.882,13.878386
2043.5,2,8.11502500358e+16,458.683,13.893019
2044.5,2,8.14688813441e+16,460.484,13.909244
2045.5,2,8.17874931605e+16,462.28499999999997,13.923701
2046.5,2,8.21061437415e+16,464.086,13.938751
2047.5,2,8.24247007664e+16,465.887,13.955173
2048.5,2,8.27433573466e+16,467.688,13.969214
2049.5,2,8.30619733077e+16,469.48900000000003,13.983433
2050.5,2,8.33807065027e+16,471.29,13.997997
2051.5,2,8.36992727463e+16,473.09099999999995,14.01365
2052.5,2,8.40179903547e+16,474.893,14.028418
2053.5,2,8.43366371801e+16,476.694,14.043221
2054.5,2,8.46551652981e+16,478.49399999999997,14.057684
2055.5,2,8.49737293567e+16,480.295,14.072179
2056.5,2,8.52923884873e+16,482.096,14.085779
2057.5,2,8.56110269043e+16,483.897,14.100924
2058.5,2,8.59296618753e+16,485.69800000000004,14.114839
2059.5,2,8.62482598843e+16,487.499,14.129004
2060.5,2,8.65668850025e+16,489.3,14.14441
2061.5,2,8.68855247523e+16,491.101,14.159451
2062.5,2,8.72042048893e+16,492.90200000000004,14.173432
2063.5,2,8.75227328416e+16,494.70199999999994,14.18901
2064.5,2,8.78413110558e+16,496.50300000000004,14.202461
2065.5,2,8.8159968201e+16,498.304,14.217098
2066.5,2,8.84787044504e+16,500.10600000000005,14.230557
2067.5,2,8.87973446277e+16,501.907,14.244782
2068.5,2,8.91159801839e+16,503.70799999999997,14.25828
2069.5,2,8.943446976e+16,505.508,14.273126
2070.5,2,8.97531917205e+16,507.30899999999997,14.287433
2071.5,2,9.00718583115e+16,509.11100000000005,14.300261
2072.5,2,9.03904616714e+16,510.91099999999994,14.314155
2073.5,2,9.07091453146e+16,512.7130000000001,14.326861
2074.5,2,9.10277712056e+16,514.514,14.341496
2075.5,2,9.13463736666e+16,516.315,14.355313
2076.5,2,9.16650378715e+16,518.116,14.369153
2077.5,2,9.19836343436e+16,519.9169999999999,14.38311
2078.5,2,9.23022499956e+16,521.717,14.397413
2079.5,2,9.26208850272e+16,523.518,14.410775
2080.5,2,9.2939538152e+16,525.32,14.423859
2081.5,2,9.32581744852e+16,527.121,14.437292
2082.5,2,9.357680573e+16,528.922,14.451034
2083.5,2,9.38954555524e+16,530.723,14.465154
2084.5,2,9.42140758585e+16,532.524,14.479016
2085.5,2,9.45327235951e+16,534.325,14.492853
2086.5,2,9.48512980789e+16,536.125,14.507094
2087.5,2,9.5169888829e+16,537.9259999999999,14.521219
2088.5,2,9.54886174955e+16,539.728,14.535124
2089.5,2,9.58072073224e+16,541.528,14.549233
2090.5,2,9.61259574959e+16,543.3299999999999,14.563514
2091.5,2,9.64448024258e+16,545.1320000000001,14.576244
2092.5,2,9.67633314837e+16,546.933,14.591767
2093.5,2,9.70819434589e+16,548.734,14.605356
2094.5,2,9.74006261549e+16,550.535,14.618293
2095.5,2,9.77192197527e+16,552.3359999999999,14.632526
2096.5,2,9.80379246605e+16,554.1370000000001,14.646835
2097.5,2,9.83565327628e+16,555.938,14.660866
2098.5,2,9.86752121801e+16,557.739,14.676732
2099.5,2,9.89707114792e+16,559.409,14.692553
2022.5,3,7.44440903187e+16,420.778,13.55009
2023.5,3,7.52723011464e+16,425.46000000000004,13.572344
2024.5,3,7.61733077616e+16,430.552,13.59979
2025.5,3,7.70758600305e+16,435.654,13.626632
2026.5,3,7.79788760033e+16,440.75800000000004,13.6567
2027.5,3,7.88819418728e+16,445.86199999999997,13.685515
2028.5,3,7.97854768944e+16,450.969,13.715707
2029.5,3,8.06889572874e+16,456.07599999999996,13.745515
2030.5,3,8.15927973201e+16,461.185,13.776492
2031.5,3,8.24964888144e+16,466.293,13.806506
2032.5,3,8.34003090712e+16,471.40099999999995,13.837752
2033.5,3,8.43042239951e+16,476.51,13.870389
2034.5,3,8.52082878111e+16,481.62,13.90037
2035.5,3,8.61122839697e+16,486.73,13.933921
2036.5,3,8.70164107241e+16,491.84000000000003,13.965105
2037.5,3,8.79205762827e+16,496.951,13.997753
2038.5,3,8.88247577221e+16,502.06199999999995,14.028905
2039.5,3,8.97289570279e+16,507.17199999999997,14.062368
2040.5,3,9.06332300878e+16,512.284,14.093892
2041.5,3,9.15374589153e+16,517.395,14.127461
2042.5,3,9.24418935775e+16,522.507,14.158192
2043.5,3,9.33461274824e+16,527.6179999999999,14.191474
2044.5,3,9.42504102326e+16,532.729,14.223581
2045.5,3,9.51548095332e+16,537.8409999999999,14.255047
2046.5,3,9.60592059733e+16,542.953,14.286214
2047.5,3,9.69636707101e+16,548.065,14.317923
2048.5,3,9.78681880725e+16,553.178,14.349907
2049.5,3,9.87725262313e+16,558.289,14.38198
2050.5,3,9.96771316456e+16,563.4019999999999,14.412446
2051.5,3,1.0058166144e+17,568.515,14.443078
2052.5,3,1.01486064405e+17,573.627,14.475484
2053.5,3,1.02390535227e+17,578.739,14.505686
2054.5,3,1.03295031763e+17,583.8520000000001,14.536586
2055.5,3,1.04199620033e+17,588.965,14.567813
2056.5,3,1.05104206827e+17,594.0780000000001,14.598276
2057.5,3,1.06008903938e+17,599.191,14.627304
2058.5,3,1.06913527942e+17,604.304,14.656592
2059.5,3,1.0781796273e+17,609.4159999999999,14.687309
2060.5,3,1.08722518555e+17,614.529,14.717714
2061.5,3,1.09627176985e+17,619.643,14.747406
2062.5,3,1.10531670471e+17,624.755,14.778096
2063.5,3,1.11436205799e+17,629.868,14.808331
2064.5,3,1.12340842611e+17,634.981,14.838444
2065.5,3,1.13245531292e+17,640.095,14.868469
2066.5,3,1.14150122329e+17,645.208,14.898355
2067.5,3,1.15054615022e+17,650.32,14.928962
2068.5,3,1.15959154099e+17,655.433,14.958239
2069.5,3,1.16863848603e+17,660.546,14.988839
2070.5,3,1.1776835587e+17,665.659,15.018939
2071.5,3,1.18673051195e+17,670.772,15.048989
2072.5,3,1.19577643107e+17,675.885,15.079406
2073.5,3,1.20482312903e+17,680.9989999999999,15.108611
2074.5,3,1.21386902687e+17,686.112,15.138669
2075.5,3,1.22291533785e+17,691.2249999999999,15.167996
2076.5,3,1.23196126804e+17,696.338,15.1989
2077.5,3,1.24100876473e+17,701.452,15.229485
2078.5,3,1.25005515698e+17,706.565,15.26019
2079.5,3,1.25910099772e+17,711.678,15.290796
2080.5,3,1.26814707854e+17,716.791,15.320024
2081.5,3,1.27719357554e+17,721.905,15.348757
2082.5,3,1.28624075554e+17,727.0179999999999,15.376797
2083.5,3,1.29528692271e+17,732.131,15.405311
2084.5,3,1.30433307713e+17,737.245,15.433714
2085.5,3,1.31337995893e+17,742.3580000000001,15.462619
2086.5,3,1.32242619335e+17,747.471,15.491388
2087.5,3,1.33147279323e+17,752.5849999999999,15.521085
2088.5,3,1.34052062292e+17,757.6990000000001,15.549682
2089.5,3,1.34956707042e+17,762.812,15.576648
2090.5,3,1.35861291242e+17,767.9250000000001,15.604111
2091.5,3,1.36765954948e+17,773.038,15.630638
2092.5,3,1.37670583111e+17,778.152,15.65841
2093.5,3,1.385752226e+17,783.265,15.685333
2094.5,3,1.39479901526e+17,788.3779999999999,15.713043
2095.5,3,1.40384542699e+17,793.4920000000001,15.739858
2096.5,3,1.41289140055e+17,798.605,15.766517
2097.5,3,1.42193726885e+17,803.7180000000001,15.792679
2098.5,3,1.43098510196e+17,808.832,15.818948
2099.5,3,1.43937490543e+17,813.574,15.845233
2022.5,4,7.44999833484e+16,421.094,13.550366
2023.5,4,7.59262906211e+16,429.156,13.577421
2024.5,4,7.75916763123e+16,438.56899999999996,13.615193
2025.5,4,7.92605761637e+16,448.002,13.655942
2026.5,4,8.09309444079e+16,457.444,13.698839
2027.5,4,8.26020221168e+16,466.889,13.742752
2028.5,4,8.42737415792e+16,476.33799999999997,13.789734
2029.5,4,8.59458468463e+16,485.789,13.835949
2030.5,4,8.76182675551e+16,495.242,13.884371
2031.5,4,8.92910064448e+16,504.697,13.932512
2032.5,4,9.09639931137e+16,514.153,13.984129
2033.5,4,9.26370170094e+16,523.61,14.034143
2034.5,4,9.43104593765e+16,533.068,14.08427
2035.5,4,9.59839633417e+16,542.527,14.134855
2036.5,4,9.76575049064e+16,551.987,14.185905
2037.5,4,9.93313562762e+16,561.448,14.235214
2038.5,4,1.01005153747e+17,570.909,14.284226
2039.5,4,1.02679034781e+17,580.37,14.334106
2040.5,4,1.04353110189e+17,589.832,14.383864
2041.5,4,1.06027176546e+17,599.294,14.433728
2042.5,4,1.07701380698e+17,608.758,14.484128
2043.5,4,1.09375508075e+17,618.22,14.533466
2044.5,4,1.11049701969e+17,627.683,14.583465
2045.5,4,1.12723971088e+17,637.147,14.631787
2046.5,4,1.14398327805e+17,646.61,14.68023
2047.5,4,1.1607273283e+17,656.075,14.727757
2048.5,4,1.17747127216e+17,665.539,14.774686
2049.5,4,1.19421552531e+17,675.0029999999999,14.821926
2050.5,4,1.210959e+17,684.467,14.869416
2051.5,4,1.22770325143e+17,693.9309999999999,14.916812
2052.5,4,1.24444772362e+17,703.396,14.963242
2053.5,4,1.26119169925e+17,712.8599999999999,15.010721
2054.5,4,1.27793729919e+17,722.325,15.058305
2055.5,4,1.29468050221e+17,731.7890000000001,15.106158
2056.5,4,1.31142613666e+17,741.254,15.152964
2057.5,4,1.3281706509e+17,750.7180000000001,15.199508
2058.5,4,1.34491642558e+17,760.183,15.245483
2059.5,4,1.36166183199e+17,769.6479999999999,15.29135
2060.5,4,1.37840690492e+17,779.113,15.337542
2061.5,4,1.39515301689e+17,788.578,15.382216
2062.5,4,1.41189779125e+17,798.043,15.42692
2063.5,4,1.42864344231e+17,807.5079999999999,15.471535
2064.5,4,1.44538926611e+17,816.9730000000001,15.5158
2065.5,4,1.46213455649e+17,826.438,15.561497
2066.5,4,1.47888111172e+17,835.904,15.608758
2067.5,4,1.49562583566e+17,845.3679999999999,15.653067
2068.5,4,1.51237057871e+17,854.8330000000001,15.697453
2069.5,4,1.52911816961e+17,864.299,15.741539
2070.5,4,1.54586408026e+17,873.764,15.785203
2071.5,4,1.56260914921e+17,883.229,15.828663
2072.5,4,1.57935460936e+17,892.694,15.871761
2073.5,4,1.59610043969e+17,902.159,15.916229
2074.5,4,1.61284480235e+17,911.624,15.959853
2075.5,4,1.62959080449e+17,921.089,16.003376
2076.5,4,1.6463359101e+17,930.554,16.046428
2077.5,4,1.66308174866e+17,940.019,16.089329
2078.5,4,1.67982759299e+17,949.484,16.132467
2079.5,4,1.69657282565e+17,958.949,16.174789
2080.5,4,1.7133187602e+17,968.414,16.217042
2081.5,4,1.73006474652e+17,977.88,16.258321
2082.5,4,1.7468103784e+17,987.3449999999999,16.299399
2083.5,4,1.76355560031e+17,996.8100000000001,16.340453
2084.5,4,1.78029993797e+17,1006.2700000000001,16.381363
2085.5,4,1.79704362963e+17,1015.74,16.421383
2086.5,4,1.81378885451e+17,1025.2,16.460462
2087.5,4,1.83053452382e+17,1034.6699999999998,16.499111
2088.5,4,1.84728021896e+17,1044.13,16.537114
2089.5,4,1.86402669563e+17,1053.6,16.574774
2090.5,4,1.8807709207e+17,1063.06,16.612288
2091.5,4,1.89751507409e+17,1072.53,16.649163
2092.5,4,1.91426030446e+17,1081.99,16.685832
2093.5,4,1.93100647553e+17,1091.46,16.721662
2094.5,4,1.94775145181e+17,1100.92,16.758388
2095.5,4,1.9644959044e+17,1110.3899999999999,16.795131
2096.5,4,1.98124115147e+17,1119.85,16.831007
2097.5,4,1.99798580891e+17,1129.3200000000002,16.867142
2098.5,4,2.01473034404e+17,1138.78,16.902997
2099.5,4,2.03025710201e+17,1147.56,16.938619
1765.5,PI,4.91737574511e+16,277.943,12.374538
1766.5,PI,4.91763347839e+16,277.958,12.373763
1767.5,PI,4.91858153179e+16,278.012,12.374963
1768.5,PI,4.91961323938e+16,278.07,12.374648
1769.5,PI,4.92065294659e+16,278.129,12.374091
1770.5,PI,4.92161776526e+16,278.183,12.376041
1771.5,PI,4.92287661232e+16,278.254,12.374838
1772.5,PI,4.92403997488e+16,278.32,12.376146
1773.5,PI,4.92536806992e+16,278.39500000000004,12.376871
1774.5,PI,4.92681109567e+16,278.47700000000003,12.376282
1775.5,PI,4.92847084378e+16,278.571,12.377295
1776.5,PI,4.93010513062e+16,278.663,12.379238
1777.5,PI,4.9316991484e+16,278.75300000000004,12.379018
1778.5,PI,4.93340975195e+16,278.84999999999997,12.379191
1779.5,PI,4.93503389389e+16,278.942,12.380775
1780.5,PI,4.93661832073e+16,279.031,12.38115
1781.5,PI,4.93822916862e+16,279.12199999999996,12.383068
1782.5,PI,4.939942388e+16,279.219,12.38262
1783.5,PI,4.94170882353e+16,279.31899999999996,12.382663
1784.5,PI,4.94334112818e+16,279.411,12.383456
1785.5,PI,4.94507046928e+16,279.509,12.383992
1786.5,PI,4.94682986351e+16,279.608,12.385157
1787.5,PI,4.94859666864e+16,279.70799999999997,12.386716
1788.5,PI,4.9503582968e+16,279.808,12.386721
1789.5,PI,4.95214061337e+16,279.908,12.38849
1790.5,PI,4.95402482084e+16,280.015,12.388399
1791.5,PI,4.95583178713e+16,280.11699999999996,12.390593
1792.5,PI,4.95758501624e+16,280.216,12.390038
1793.5,PI,4.95921561335e+16,280.308,12.391875
1794.5,PI,4.96077471732e+16,280.39599999999996,12.393361
1795.5,PI,4.9620782724e+16,280.47,12.393415
1796.5,PI,4.96319958484e+16,280.534,12.39436
1797.5,PI,4.9643833537e+16,280.59999999999997,12.394602
1798.5,PI,4.96549599901e+16,280.663,12.396392
1799.5,PI,4.96670860162e+16,280.732,12.397026
1800.5,PI,4.968099591e+16,280.811,12.397414
1801.5,PI,4.96962468287e+16,280.897,12.398977
1802.5,PI,4.97094637097e+16,280.971,12.399491
1803.5,PI,4.97233763075e+16,281.04999999999995,12.399985
1804.5,PI,4.97386692696e+16,281.136,12.400821
1805.5,PI,4.97520435441e+16,281.212,12.402064
1806.5,PI,4.97671441278e+16,281.297,12.403764
1807.5,PI,4.97829763921e+16,281.387,12.402959
1808.5,PI,4.9798688599e+16,281.476,12.404543
1809.5,PI,4.98119902954e+16,281.551,12.406167
1810.5,PI,4.98255643962e+16,281.62800000000004,12.407054
1811.5,PI,4.98383579474e+16,281.7,12.407975
1812.5,PI,4.98506917778e+16,281.77,12.409221
1813.5,PI,4.98631485128e+16,281.84,12.408527
1814.5,PI,4.98753005583e+16,281.909,12.409905
1815.5,PI,4.98865652131e+16,281.97200000000004,12.410661
1816.5,PI,4.98983547097e+16,282.039,12.412449
1817.5,PI,4.99109261174e+16,282.11,12.412106
1818.5,PI,4.99232038823e+16,282.18,12.414044
1819.5,PI,4.99358209643e+16,282.25100000000003,12.414233
1820.5,PI,4.99492461093e+16,282.327,12.415142
1821.5,PI,4.99619384088e+16,282.398,12.416005
1822.5,PI,4.99730586495e+16,282.461,12.415481
1823.5,PI,4.99839613957e+16,282.523,12.416383
1824.5,PI,4.99970144262e+16,282.597,12.417251
1825.5,PI,5.00078200345e+16,282.65799999999996,12.417933
1826.5,PI,5.0011312108e+16,282.678,12.419294
1827.5,PI,5.00120691518e+16,282.68199999999996,12.418434
1828.5,PI,5.0015210153e+16,282.7,12.420551
1829.5,PI,5.00232665891e+16,282.745,12.420309
1830.5,PI,5.00346861116e+16,282.81,12.421298
1831.5,PI,5.00453071228e+16,282.87,12.422186
1832.5,PI,5.00518713542e+16,282.907,12.42436
1833.5,PI,5.00601101136e+16,282.95300000000003,12.423693
1834.5,PI,5.00704067511e+16,283.012,12.424833
1835.5,PI,5.00808171842e+16,283.07,12.426121
1836.5,PI,5.00913163274e+16,283.13,12.425896
1837.5,PI,5.01005598767e+16,283.18199999999996,12.427382
1838.5,PI,5.0109776022e+16,283.234,12.426853
1839.5,PI,5.01199940302e+16,283.292,12.428107
1840.5,PI,5.0132298346e+16,283.361,12.428118
1841.5,PI,5.01469360401e+16,283.444,12.429814
1842.5,PI,5.01583549674e+16,283.50899999999996,12.430814
1843.5,PI,5.01661639693e+16,283.553,12.43145
1844.5,PI,5.01745083813e+16,283.6,12.431181
1845.5,PI,5.01925724136e+16,283.702,12.43223
1846.5,PI,5.02133196045e+16,283.81899999999996,12.432802
1847.5,PI,5.02308501181e+16,283.91799999999995,12.433646
1848.5,PI,5.02523898907e+16,284.04,12.434663
1849.5,PI,5.02762787631e+16,284.175,12.435975
1850.5,PI,5.02970934476e+16,284.293,12.436371
1851.5,PI,5.03195029848e+16,284.42,12.437502
1852.5,PI,5.0344930856e+16,284.563,12.438772
1853.5,PI,5.0368474365e+16,284.696,12.440133
1854.5,PI,5.0389733315e+16,284.81600000000003,12.440988
1855.5,PI,5.0407047413e+16,284.914,12.442433
1856.5,PI,5.04261286097e+16,285.022,12.444634
1857.5,PI,5.04513179938e+16,285.16499999999996,12.444514
1858.5,PI,5.04806715271e+16,285.33,12.44592
1859.5,PI,5.05121507483e+16,285.50800000000004,12.447142
1860.5,PI,5.05453010664e+16,285.69599999999997,12.448401
1861.5,PI,5.05785359296e+16,285.88399999999996,12.450672
1862.5,PI,5.06093238004e+16,286.058,12.451739
1863.5,PI,5.06393245528e+16,286.22700000000003,12.453699
1864.5,PI,5.066932721e+16,286.397,12.455398
1865.5,PI,5.06993605837e+16,286.567,12.456644
1866.5,PI,5.07294768057e+16,286.737,12.45815
1867.5,PI,5.07593412058e+16,286.906,12.459845
1868.5,PI,5.07873108272e+16,287.064,12.463229
1869.5,PI,5.08101101898e+16,287.193,12.463684
1870.5,PI,5.08329055495e+16,287.32099999999997,12.465586
1871.5,PI,5.08564437274e+16,287.45399999999995,12.466861
1872.5,PI,5.08852519961e+16,287.617,12.468634
1873.5,PI,5.09192607592e+16,287.81,12.470916
1874.5,PI,5.0954982963e+16,288.011,12.472762
1875.5,PI,5.0994444577e+16,288.234,12.474363
1876.5,PI,5.10350168338e+16,288.464,12.476224
1877.5,PI,5.10756868347e+16,288.69399999999996,12.478711
1878.5,PI,5.1117670647e+16,288.931,12.480372
1879.5,PI,5.11587898799e+16,289.163,12.482738
1880.5,PI,5.12023979423e+16,289.40999999999997,12.485386
1881.5,PI,5.12494125042e+16,289.676,12.487951
1882.5,PI,5.12979399775e+16,289.95,12.490042
1883.5,PI,5.13419060926e+16,290.198,12.492825
1884.5,PI,5.13862578193e+16,290.449,12.494566
1885.5,PI,5.14359077394e+16,290.73,12.497955
1886.5,PI,5.148858181e+16,291.02700000000004,12.500249
1887.5,PI,5.15435308777e+16,291.33799999999997,12.502459
1888.5,PI,5.16037377013e+16,291.678,12.505174
1889.5,PI,5.16654650828e+16,292.027,12.508242
1890.5,PI,5.17273636555e+16,292.377,12.511022
1891.5,PI,5.17903496839e+16,292.733,12.513951
1892.5,PI,5.18519866674e+16,293.082,12.516852
1893.5,PI,5.19081795352e+16,293.399,12.520255
1894.5,PI,5.19627584677e+16,293.708,12.523008
1895.5,PI,5.20146980749e+16,294.00100000000003,12.526645
1896.5,PI,5.20647524734e+16,294.284,12.529223
1897.5,PI,5.2115765903e+16,294.572,12.532528
1898.5,PI,5.2168949015e+16,294.87300000000005,12.535227
1899.5,PI,5.22290801966e+16,295.213,12.538777
1900.5,PI,5.22932952787e+16,295.57599999999996,12.541776
1901.5,PI,5.23542218664e+16,295.92,12.545169
1902.5,PI,5.24113706061e+16,296.243,12.548895
1903.5,PI,5.24677536335e+16,296.562,12.5514
1904.5,PI,5.25220841479e+16,296.869,12.554944
1905.5,PI,5.25810516989e+16,297.202,12.557969
1906.5,PI,5.2646110677e+16,297.57,12.561333
1907.5,PI,5.27207676266e+16,297.992,12.564936
1908.5,PI,5.27956343661e+16,298.415,12.568559
1909.5,PI,5.28700372606e+16,298.836,12.572947
1910.5,PI,5.29470841372e+16,299.271,12.577168
1911.5,PI,5.30270169365e+16,299.723,12.58162
1912.5,PI,5.31166197301e+16,300.23,12.586
1913.5,PI,5.3213191072e+16,300.775,12.590348
1914.5,PI,5.33052548349e+16,301.296,12.59475
1915.5,PI,5.33969253507e+16,301.814,12.599835
1916.5,PI,5.34913965106e+16,302.348,12.604224
1917.5,PI,5.35841904548e+16,302.87199999999996,12.609167
1918.5,PI,5.36644113476e+16,303.32599999999996,12.613959
1919.5,PI,5.37322584333e+16,303.709,12.618519
1920.5,PI,5.38058580613e+16,304.125,12.623207
1921.5,PI,5.38710783056e+16,304.49399999999997,12.627998
1922.5,PI,5.39316503126e+16,304.836,12.631799
1923.5,PI,5.3990729672e+16,305.17,12.636308
1924.5,PI,5.40509601064e+16,305.511,12.64051
1925.5,PI,5.40893766238e+16,305.728,12.644498
1926.5,PI,5.41171874228e+16,305.885,12.648325
1927.5,PI,5.41535177377e+16,306.09000000000003,12.651238
1928.5,PI,5.41834242169e+16,306.259,12.654134
1929.5,PI,5.42110836779e+16,306.416,12.657578
1930.5,PI,5.42363617188e+16,306.55899999999997,12.659739
1931.5,PI,5.42699773062e+16,306.74899999999997,12.663088
1932.5,PI,5.43154625145e+16,307.00600000000003,12.665869
1933.5,PI,5.43696232344e+16,307.312,12.668551
1934.5,PI,5.44348174887e+16,307.68,12.671139
1935.5,PI,5.45157437388e+16,308.13800000000003,12.674665
1936.5,PI,5.46399825532e+16,308.84000000000003,12.679231
1937.5,PI,5.47702741411e+16,309.57599999999996,12.68371
1938.5,PI,5.48726044917e+16,310.155,12.687494
1939.5,PI,5.49697807408e+16,310.704,12.691245
1940.5,PI,5.50610702984e+16,311.22,12.695526
1941.5,PI,5.51418533338e+16,311.677,12.699522
1942.5,PI,5.52073432889e+16,312.04699999999997,12.703927
1943.5,PI,5.52492734668e+16,312.28400000000005,12.707933
1944.5,PI,5.5260392149e+16,312.347,12.710766
1945.5,PI,5.52580915579e+16,312.334,12.713928
1946.5,PI,5.52598339849e+16,312.344,12.716861
1947.5,PI,5.52733466151e+16,312.42,12.719441
1948.5,PI,5.52825615892e+16,312.472,12.722002
1949.5,PI,5.53002012467e+16,312.572,12.724594
1950.5,PI,5.53306308834e+16,312.74399999999997,12.726653
1951.5,PI,5.53660458582e+16,312.944,12.729492
1952.5,PI,5.54196288203e+16,313.247,12.732307
1953.5,PI,5.54856418598e+16,313.62,12.735716
1954.5,PI,5.55497831624e+16,313.98199999999997,12.73865
1955.5,PI,5.56075011804e+16,314.30899999999997,12.741977
1956.5,PI,5.56599798487e+16,314.60499999999996,12.745812
1957.5,PI,5.57120321444e+16,314.90000000000003,12.748842
1958.5,PI,5.57731472598e+16,315.245,12.751689
1959.5,PI,5.58555935813e+16,315.711,12.755815
1960.5,PI,5.59835682216e+16,316.43399999999997,12.760115
1961.5,PI,5.61089826008e+16,317.143,12.765227
1962.5,PI,5.62356544919e+16,317.859,12.770701
1963.5,PI,5.63491480414e+16,318.50100000000003,12.776186
1964.5,PI,5.64641153362e+16,319.151,12.78192
1965.5,PI,5.65653400871e+16,319.723,12.786753
1966.5,PI,5.67244743383e+16,320.622,12.792138
1967.5,PI,5.68517390659e+16,321.34200000000004,12.79926
1968.5,PI,5.69999369713e+16,322.17900000000003,12.805523
1969.5,PI,5.71621441691e+16,323.096,12.811094
1970.5,PI,5.73941858629e+16,324.408,12.81906
1971.5,PI,5.7555746669e+16,325.32099999999997,12.826862
1972.5,PI,5.78564477698e+16,327.02000000000004,12.835813
1973.5,PI,5.82612556558e+16,329.308,12.847142
1974.5,PI,5.84671081742e+16,330.472,12.858386
1975.5,PI,5.85193765927e+16,330.767,12.865712
1976.5,PI,5.86350743656e+16,331.421,12.874078
1977.5,PI,5.89100182818e+16,332.975,12.883184
1978.5,PI,5.92071510637e+16,334.655,12.893893
1979.5,PI,5.94968413333e+16,336.29200000000003,12.905686
1980.5,PI,5.98380202898e+16,338.221,12.917743
1981.5,PI,6.00966976536e+16,339.683,12.928674
1982.5,PI,6.02436997617e+16,340.514,12.940361
1983.5,PI,6.0492881468e+16,341.92199999999997,12.950632
1984.5,PI,6.0791654581e+16,343.611,12.962803
1985.5,PI,6.10586530576e+16,345.11999999999995,12.974954
1986.5,PI,6.13191243149e+16,346.592,12.986594
1987.5,PI,6.16408776979e+16,348.411,12.999623
1988.5,PI,6.20471461266e+16,350.707,13.014137
1989.5,PI,6.2360369815e+16,352.478,13.029272
1990.5,PI,6.25875705214e+16,353.762,13.043028
1991.5,PI,6.28053972437e+16,354.993,13.055507
1992.5,PI,6.29745503885e+16,355.949,13.067209
1993.5,PI,6.31129727399e+16,356.732,13.078065
1994.5,PI,6.3332081456e+16,357.96999999999997,13.089826
1995.5,PI,6.36545347142e+16,359.793,13.102408
1996.5,PI,6.3967319557e+16,361.561,13.114917
1997.5,PI,6.42263595233e+16,363.025,13.129579
1998.5,PI,6.46342316938e+16,365.33,13.142864
1999.5,PI,6.49925308769e+16,367.35499999999996,13.159012
2000.5,PI,6.52471939586e+16,368.795,13.172882
2001.5,PI,6.55190696887e+16,370.332,13.187124
2002.5,PI,6.58822541605e+16,372.384,13.202342
2003.5,PI,6.6308237099e+16,374.792,13.217637
2004.5,PI,6.66303242932e+16,376.613,13.232773
2005.5,PI,6.69593127636e+16,378.472,13.248756
2006.5,PI,6.73167755457e+16,380.493,13.262649
2007.5,PI,6.76248643917e+16,382.23400000000004,13.277628
2008.5,PI,6.79742277409e+16,384.209,13.293023
2009.5,PI,6.82812680783e+16,385.944,13.308809
2010.5,PI,6.86748565583e+16,388.169,13.324515
2011.5,PI,6.90734422501e+16,390.422,13.341258
2012.5,PI,6.94545212517e+16,392.576,13.356997
2013.5,PI,6.98964239186e+16,395.07399999999996,13.373685
2014.5,PI,7.02607452582e+16,397.133,13.391363
2015.5,PI,7.06731175687e+16,399.464,13.407759
2016.5,PI,7.11963125809e+16,402.421,13.427185
2017.5,PI,7.16909088449e+16,405.217,13.446304
2018.5,PI,7.22049274856e+16,408.122,13.465425
2019.5,PI,7.27386845991e+16,411.13899999999995,13.485963
2020.5,PI,7.32843599063e+16,414.223,13.506728
2021.5,PI,7.38429455728e+16,417.38,13.527009
