,bn,bs,sn,ss,sst,po4,prey,fe,lat,upwelling,stratification
37,0.61659545,0.3112024,0.04806422,0.024137875,-1.8332396,1.4102691e-06,0.26705945,4.4469636e-10,66.44353539051718,0,1.6012687e-06
38,0.6297429,0.28926915,0.054522622,0.02646535,-1.6421207,1.5462041e-06,0.24111977,4.855525e-10,66.44353539051718,0,7.6120796e-07
39,0.64005417,0.2639933,0.06411856,0.031833988,-1.4613494,1.5729819e-06,0.23702644,4.908881e-10,66.44353539051718,0,2.535312e-07
40,0.6407069,0.22245862,0.091152474,0.045682047,-1.2903042,1.707503e-06,0.19828309,5.274732e-10,66.44353539051718,1,4.2482452e-07
41,0.6246928,0.34152767,0.022686021,0.0110934945,-1.1630561,1.8347788e-06,0.31146267,5.662613e-10,66.44353539051718,1,2.6571593e-07
42,0.6250611,0.34085792,0.022789763,0.011291293,-1.1850066,1.8496114e-06,0.31193456,5.6713156e-10,66.44353539051718,1,-1.4017473e-07
43,0.61993706,0.17838928,0.13218695,0.069486745,-0.97378325,1.8184597e-06,0.15863833,5.5376925e-10,66.44353539051718,1,4.2384454e-07
44,0.6326422,0.22353858,0.0962929,0.04752633,-1.3383034,1.7646086e-06,0.1950572,5.3323906e-10,66.44353539051718,1,-9.787427e-07
45,0.6324633,0.28855816,0.053921957,0.025056586,-1.4627293,1.7825681e-06,0.23843844,5.407091e-10,66.44353539051718,1,-8.0742205e-07
46,0.6306577,0.23246624,0.0913452,0.045530915,-1.5340989,1.7165448e-06,0.20614842,5.192553e-10,66.44353539051718,1,-7.212582e-07
47,0.6340325,0.2858109,0.054642867,0.0255138,-1.5818948,1.7254185e-06,0.23977175,5.243886e-10,66.44353539051718,1,-6.5225095e-07
48,0.6287755,0.28805673,0.056128383,0.027039433,-1.5855273,1.7194624e-06,0.2402314,5.245711e-10,66.44353539051718,1,-6.4823604e-07
49,0.6318922,0.28461152,0.056223944,0.027272368,-1.5566355,1.7088893e-06,0.23788795,5.2304866e-10,66.44353539051718,1,-5.006101e-07
50,0.63154614,0.23096158,0.090617895,0.046874408,-1.4730825,1.6507163e-06,0.20947087,5.044979e-10,66.44353539051718,1,-2.1401615e-07
51,0.63211644,0.22040206,0.09775782,0.04972367,-1.2965319,1.6628077e-06,0.19820419,5.0759497e-10,66.44353539051718,1,6.857226e-08
52,0.6186071,0.33949924,0.027655622,0.014238113,-1.1406242,1.7690545e-06,0.30784962,5.404258e-10,66.44353539051718,1,4.098722e-07
53,0.61578155,0.17679559,0.13637562,0.071047366,-0.91161865,1.7648032e-06,0.15168694,5.330071e-10,66.44353539051718,1,5.107071e-07
54,0.62367713,0.17455637,0.13320717,0.06855927,-1.0238272,1.7850343e-06,0.14957723,5.3538984e-10,66.44353539051718,1,2.4640553e-07
55,0.6378188,0.23807906,0.08241494,0.04168722,-1.4396803,1.6946085e-06,0.2125442,5.0508303e-10,66.44353539051718,0,-7.52882e-07
56,0.6277254,0.23631431,0.09019305,0.04576722,-1.630382,1.6597919e-06,0.21019338,4.9448695e-10,66.44353539051718,1,-6.096134e-07
57,0.6336626,0.27201813,0.06361537,0.030703906,-1.7297596,1.6982073e-06,0.22805206,5.066089e-10,66.44353539051718,1,2.4098074e-07
58,0.6339805,0.24063835,0.08333966,0.042041477,-1.7692785,1.701246e-06,0.21156006,5.075146e-10,66.44353539051718,1,1.9043728e-07
59,0.631374,0.2741875,0.06360994,0.030828457,-1.802187,1.749047e-06,0.22772181,5.2493415e-10,66.44353539051718,1,3.3149462e-07
60,0.6353998,0.2695964,0.064249374,0.030754453,-1.8174981,1.7702795e-06,0.22244418,5.363412e-10,66.44353539051718,1,-7.358784e-08
61,0.62687457,0.29158738,0.05543082,0.026107265,-1.8074111,1.787836e-06,0.24050437,5.481503e-10,66.44353539051718,1,-5.016559e-07
62,0.62893087,0.29110205,0.054635752,0.025331274,-1.8031057,1.7776202e-06,0.23949827,5.5050425e-10,66.44353539051718,1,-4.974883e-07
63,0.6321907,0.28781182,0.054540932,0.02545651,-1.797033,1.7507183e-06,0.2349369,5.473819e-10,66.44353539051718,1,-5.433033e-07
64,0.6266424,0.29756415,0.051610507,0.024182936,-1.7990792,1.7056151e-06,0.24031457,5.3673804e-10,66.44353539051718,1,-7.591842e-07
65,0.62936836,0.29623866,0.050362647,0.024030356,-1.8449982,1.631067e-06,0.2439989,5.156234e-10,66.44353539051718,1,-9.962966e-07
66,0.6171271,0.30965376,0.04912907,0.024089996,-1.8708459,1.5060225e-06,0.26039147,4.7742793e-10,66.44353539051718,0,5.5444104e-08
67,0.61796093,0.31806022,0.043091472,0.020887395,-1.8445204,1.5391953e-06,0.26635316,4.870846e-10,66.44353539051718,0,1.1343744e-06
68,0.634785,0.22538403,0.094217286,0.045613684,-1.7531524,1.7169638e-06,0.19649126,5.3794824e-10,66.44353539051718,1,-7.5283043e-07
69,0.63840455,0.242721,0.07977859,0.03909588,-1.768678,1.7243624e-06,0.20686148,5.4176447e-10,66.44353539051718,1,-1.2963517e-06
70,0.6346029,0.28099746,0.05708976,0.02730996,-1.6880895,1.6032947e-06,0.23802401,5.078966e-10,66.44353539051718,0,-1.0606093e-06
72,0.70425016,0.27997205,0.011671673,0.004106129,0.90518826,1.4685571e-06,0.31552735,4.8730875e-10,59.44156799225373,1,-6.777277e-07
73,0.78970563,0.20142692,0.006564164,0.002303222,1.0117646,1.3952781e-06,0.3312716,4.6630255e-10,59.44156799225373,1,-3.6848842e-06
74,0.6764603,0.30054215,0.016891439,0.00610605,1.6432266,1.4229363e-06,0.2960036,4.785598e-10,59.44156799225373,1,-6.794803e-07
75,0.68801236,0.28909656,0.016795749,0.0060952893,2.0603929,1.435136e-06,0.29034683,4.851133e-10,59.44156799225373,1,-6.015189e-07
76,0.6867376,0.28665608,0.019328194,0.007278012,2.5625787,1.4239235e-06,0.29135066,4.871384e-10,59.44156799225373,1,-4.409968e-07
77,0.7169487,0.24388002,0.027538223,0.011633088,3.0259821,1.4224341e-06,0.2606905,4.912678e-10,59.44156799225373,1,1.0033909e-07
78,0.7135859,0.24511746,0.028870234,0.012426458,2.7294965,1.4693453e-06,0.24936017,5.025544e-10,59.44156799225373,1,-1.3063834e-07
79,0.7162593,0.23287177,0.034886014,0.015983019,2.537973,1.487841e-06,0.24145631,5.050148e-10,59.44156799225373,1,-3.971238e-07
80,0.6996772,0.25697485,0.030151667,0.013196211,1.9692936,1.5016421e-06,0.25378308,4.9943766e-10,59.44156799225373,1,-3.082506e-07
81,0.68910563,0.27749485,0.023780696,0.0096188085,1.662685,1.5281798e-06,0.2609264,5.0338206e-10,59.44156799225373,1,-9.66719e-09
82,0.6839889,0.28323156,0.023407288,0.00937225,1.4669137,1.5151226e-06,0.26916787,4.956282e-10,59.44156799225373,1,-1.4375865e-07
83,0.68171084,0.28634298,0.02287552,0.009070678,1.4007833,1.5239192e-06,0.2690394,4.9702115e-10,59.44156799225373,1,-1.1817262e-07
84,0.6809276,0.28458,0.024573548,0.009918797,1.3508795,1.5196201e-06,0.26700434,4.938693e-10,59.44156799225373,1,-2.3445853e-07
85,0.6817661,0.2844701,0.024093017,0.009670821,1.3887119,1.5219118e-06,0.26793545,4.937714e-10,59.44156799225373,1,-2.289155e-07
86,0.6874292,0.27871966,0.024124851,0.009726285,1.6464162,1.4997826e-06,0.26658076,4.884691e-10,59.44156799225373,1,-2.3143252e-07
87,0.7032692,0.25899988,0.026595483,0.011135481,2.1745455,1.4782236e-06,0.25487024,4.875885e-10,59.44156799225373,1,-2.2597266e-07
88,0.7200115,0.23668158,0.03022696,0.013079967,2.792789,1.4541802e-06,0.24855797,4.880478e-10,59.44156799225373,1,-1.1568602e-07
89,0.7418227,0.20114444,0.038653925,0.018378876,3.390537,1.4131389e-06,0.22707224,4.8427906e-10,59.44156799225373,1,-3.627723e-07
90,0.7455528,0.19437836,0.040399812,0.019669103,3.4230278,1.3888869e-06,0.21868433,4.788734e-10,59.44156799225373,1,-1.5012752e-06
91,0.70581746,0.2598666,0.02417318,0.010142763,2.3464324,1.3958675e-06,0.25545502,4.6524756e-10,59.44156799225373,0,-3.3611161e-06
92,0.692995,0.26398325,0.02992434,0.013097323,1.7864308,1.4208872e-06,0.252336,4.6444626e-10,59.44156799225373,1,4.096704e-07
93,0.67619115,0.2688202,0.037495784,0.017492916,0.8830406,1.4704993e-06,0.24787983,4.6693804e-10,59.44156799225373,1,1.4315896e-07
94,0.6441805,0.30900657,0.03115214,0.01566082,0.046853047,1.5837022e-06,0.31412014,4.9425436e-10,59.44156799225373,1,9.2868504e-08
95,0.7454393,0.25456068,2.7633131e-09,1.6188416e-09,-0.48971957,1.629642e-06,0.36097756,5.054983e-10,59.44156799225373,1,8.802306e-08
96,0.6823459,0.31765407,2.2511177e-09,1.3589159e-09,-0.7716187,1.597141e-06,0.36813402,4.9771787e-10,59.44156799225373,1,5.749257e-09
97,0.7350945,0.26490557,2.6415006e-09,1.5490851e-09,-0.9934413,1.5564739e-06,0.37082765,4.878166e-10,59.44156799225373,1,3.9603606e-08
98,0.70893514,0.29106483,2.4017712e-09,1.4628201e-09,-0.9351719,1.5353744e-06,0.36941373,4.870418e-10,59.44156799225373,1,-2.0713162e-07
99,0.7164256,0.28357437,2.4696907e-09,1.5063636e-09,-0.7454725,1.5548956e-06,0.36825618,4.993334e-10,59.44156799225373,1,-8.9582954e-08
100,0.63277745,0.33540708,0.022656774,0.009158718,-0.51423734,1.580123e-06,0.30486813,5.110522e-10,59.44156799225373,1,-1.08119366e-07
101,0.6559299,0.32522938,0.013496354,0.0053443746,-0.6344486,1.5399083e-06,0.3271436,5.006576e-10,59.44156799225373,1,-1.264616e-07
102,0.99999964,3.7240076e-07,1.0546739e-08,5.1228657e-09,-0.88470334,1.4652371e-06,0.3515241,4.796079e-10,59.44156799225373,1,-3.4179516e-07
103,0.6549045,0.32717258,0.013007648,0.004915237,-0.46721518,1.573975e-06,0.32627395,5.134639e-10,59.44156799225373,1,8.4195335e-08
104,0.8331749,0.16682507,3.681412e-09,2.0119526e-09,-0.35218304,1.6751408e-06,0.35548127,5.411077e-10,59.44156799225373,1,-3.3635388e-09
105,0.74671596,0.25328407,2.948984e-09,1.6586894e-09,-0.37855107,1.6706218e-06,0.3564817,5.375683e-10,59.44156799225373,1,-7.63387e-07
106,0.66775507,0.29589173,0.024327947,0.012025195,0.04945404,1.6981428e-06,0.31293246,5.4674126e-10,59.44156799225373,1,9.9367526e-08
107,0.6783012,0.30116773,0.015018511,0.0055125654,0.5394917,1.5378579e-06,0.29861382,5.0339766e-10,59.44156799225373,1,-1.3558354e-06
108,0.60152406,0.398476,6.928309e-09,3.829792e-09,6.522713,1.1401384e-06,0.3089768,4.2454856e-10,53.66394230733816,1,-2.0100913e-07
109,0.6177687,0.38223124,7.85751e-09,4.2390558e-09,6.9141536,1.1159251e-06,0.30399665,4.2111614e-10,53.66394230733816,1,-1.5493731e-07
110,0.6321042,0.36789578,9.8608055e-09,5.096984e-09,7.5217233,1.0803775e-06,0.2971047,4.1792994e-10,53.66394230733816,1,3.674728e-07
111,0.62444407,0.37555587,1.03804085e-08,5.418643e-09,7.8524384,1.047091e-06,0.2956932,4.1185017e-10,53.66394230733816,1,4.1143164e-07
112,0.6395317,0.3604683,1.1861967e-08,6.273057e-09,8.29987,9.968506e-07,0.29080075,4.0393347e-10,53.66394230733816,1,5.514471e-08
113,0.7189889,0.2810111,1.7085412e-08,8.421289e-09,8.662812,9.600797e-07,0.28396004,4.0111356e-10,53.66394230733816,1,-1.3095183e-07
114,0.754659,0.245341,2.12921e-08,9.734153e-09,8.453987,9.954394e-07,0.27956277,4.124318e-10,53.66394230733816,0,-6.203961e-07
115,0.7198612,0.2801388,1.9998321e-08,8.832348e-09,8.264842,1.0165219e-06,0.28316462,4.168858e-10,53.66394230733816,0,-4.521611e-07
116,0.63028234,0.36971763,1.2496783e-08,5.5566907e-09,7.6903257,1.0564366e-06,0.2984834,4.1951034e-10,53.66394230733816,0,-9.2145046e-07
117,0.5854782,0.41452184,9.61612e-09,4.899441e-09,7.531198,1.0593536e-06,0.30285272,4.1601694e-10,53.66394230733816,0,-3.7838015e-07
118,0.5708986,0.4291014,9.498293e-09,5.062845e-09,7.6475387,1.028096e-06,0.30213106,4.069982e-10,53.66394230733816,1,-1.2264013e-07
119,0.58302796,0.41697204,8.924671e-09,5.20419e-09,7.8356156,9.941491e-07,0.2990436,3.997526e-10,53.66394230733816,1,-2.3179325e-07
120,0.61120653,0.3887935,9.150071e-09,5.243461e-09,7.7548814,1.0008765e-06,0.2980928,4.0076817e-10,53.66394230733816,1,-2.335185e-07
121,0.6141969,0.38580313,9.385967e-09,5.0935047e-09,7.7072954,1.010285e-06,0.29908958,4.0290335e-10,53.66394230733816,1,-2.413417e-07
122,0.63491887,0.36508113,9.780631e-09,5.3177325e-09,7.824363,9.994993e-07,0.29550847,4.0149306e-10,53.66394230733816,1,-2.618848e-07
123,0.66979927,0.33020076,1.10612115e-08,6.11387e-09,8.114344,9.683124e-07,0.28954247,3.9783724e-10,53.66394230733816,1,-4.2795958e-07
124,0.70087844,0.29912156,1.5167348e-08,7.377207e-09,8.318922,9.395443e-07,0.28858143,3.9323847e-10,53.66394230733816,1,-3.3423316e-07
125,0.86407244,0.13592753,2.3433941e-08,1.1708783e-08,8.591919,9.021672e-07,0.2760661,3.8906395e-10,53.66394230733816,1,-3.9065702e-07
126,0.9999947,5.0108733e-06,2.3289668e-07,9.679825e-08,8.304483,9.0160984e-07,0.26129404,3.939651e-10,53.66394230733816,1,-5.7222724e-07
127,0.9999987,1.2729188e-06,3.545658e-08,1.5631409e-08,7.581253,9.310943e-07,0.27200052,3.9277684e-10,53.66394230733816,0,3.627856e-07
128,0.73627245,0.26372764,1.2004893e-08,5.648401e-09,7.020143,9.5098477e-07,0.3015472,3.8839043e-10,53.66394230733816,0,-2.9669698e-06
129,0.6015176,0.39848238,5.1906497e-09,2.9951073e-09,5.50092,1.0695338e-06,0.3197368,3.9933848e-10,53.66394230733816,1,-2.2975146e-07
130,0.5656659,0.4343341,3.9603e-09,2.3248834e-09,4.811113,1.1420732e-06,0.3277095,4.1079004e-10,53.66394230733816,1,-9.5137466e-08
131,0.5698264,0.43017358,3.6003587e-09,2.133252e-09,4.369903,1.1913716e-06,0.3304233,4.1955206e-10,53.66394230733816,1,-1.1265297e-07
132,0.5721298,0.4278702,3.4119427e-09,2.0193989e-09,4.0754986,1.220042e-06,0.3328618,4.2443374e-10,53.66394230733816,1,5.4510338e-08
133,0.5755936,0.4244064,3.2400198e-09,1.9301738e-09,3.7783499,1.2362748e-06,0.33534563,4.2612064e-10,53.66394230733816,1,-2.6879138e-07
134,0.58481896,0.41518107,3.4796819e-09,2.0778732e-09,4.0400968,1.2276863e-06,0.33131856,4.3048953e-10,53.66394230733816,1,-4.708338e-07
135,0.62395436,0.37604567,4.441714e-09,2.5477638e-09,4.453969,1.2182808e-06,0.32566574,4.355952e-10,53.66394230733816,1,-4.020544e-07
136,0.6246785,0.3753215,4.899105e-09,2.699039e-09,4.761728,1.214097e-06,0.32264426,4.3915982e-10,53.66394230733816,1,-4.4215315e-07
137,0.60313606,0.39686397,4.60124e-09,2.5713318e-09,4.714375,1.2239142e-06,0.32521933,4.4065718e-10,53.66394230733816,1,-1.7958433e-07
138,0.5716098,0.42839015,3.747142e-09,2.182207e-09,4.4297876,1.2172454e-06,0.32913968,4.3444748e-10,53.66394230733816,1,9.971518e-08
139,0.577489,0.42251092,4.019406e-09,2.3745714e-09,4.7381225,1.2142673e-06,0.32498968,4.3426157e-10,53.66394230733816,1,-2.5078953e-07
140,0.5786076,0.4213924,4.4446464e-09,2.5905487e-09,5.1236897,1.2196367e-06,0.32107586,4.389073e-10,53.66394230733816,1,-3.2102412e-07
141,0.56672245,0.43327758,4.407018e-09,2.5034885e-09,5.0618005,1.2453004e-06,0.3232793,4.4366955e-10,53.66394230733816,1,-3.6461427e-07
142,0.57578284,0.42421716,4.973197e-09,2.8757283e-09,5.607447,1.2131353e-06,0.31679204,4.3831214e-10,53.66394230733816,1,-7.123259e-07
143,0.580627,0.41937298,5.6375713e-09,3.2753966e-09,6.128945,1.1662341e-06,0.31211537,4.2910359e-10,53.66394230733816,1,-4.4522176e-07
144,0.6145399,0.38546008,1.8407725e-08,9.410945e-09,9.113694,8.9525383e-07,0.28731853,3.798872e-10,48.59037774223244,1,-3.953534e-07
145,0.61919117,0.38080883,2.1985759e-08,1.1142142e-08,9.503189,8.6181905e-07,0.2844163,3.735209e-10,48.59037774223244,1,-4.3116015e-07
146,0.6297333,0.37026668,2.7578812e-08,1.3775611e-08,10.012817,8.0937787e-07,0.28033862,3.641814e-10,48.59037774223244,1,-4.0461595e-07
147,0.5998158,0.37717435,0.012568122,0.010441759,10.282439,7.679277e-07,0.28101167,3.562188e-10,48.59037774223244,0,-1.8644187e-08
148,0.595892,0.36187533,0.014258459,0.0279742,10.707556,7.0312825e-07,0.277712,3.4487171e-10,48.59037774223244,0,-1.5300753e-07
149,0.6030184,0.34105656,0.013637,0.042288043,11.262709,6.201706e-07,0.27280834,3.3263048e-10,48.59037774223244,0,-7.725487e-08
150,0.5995882,0.32925156,0.013953097,0.05720718,11.5071125,5.6770335e-07,0.27021933,3.2601868e-10,48.59037774223244,0,-1.169808e-07
151,0.6021878,0.3259901,0.010934933,0.060887188,11.62636,5.4335493e-07,0.26864055,3.2248876e-10,48.59037774223244,0,-7.040194e-07
152,0.54287064,0.34954673,0.031460527,0.07612206,11.133331,6.00108e-07,0.27647775,3.296788e-10,48.59037774223244,0,-8.5731494e-07
153,0.531082,0.35345602,0.033763293,0.08169872,10.97906,6.1202746e-07,0.2778874,3.2846978e-10,48.59037774223244,0,-1.6768496e-07
154,0.5380437,0.35262626,0.030613098,0.07871696,10.940065,6.097827e-07,0.27800933,3.2584235e-10,48.59037774223244,0,-1.9418326e-07
155,0.5729913,0.34687507,0.01685223,0.06328137,10.996832,5.9912816e-07,0.2755564,3.2388958e-10,48.59037774223244,0,-8.955948e-08
156,0.5933132,0.34844857,0.0098764645,0.048361678,10.9471,6.037861e-07,0.27568236,3.2538816e-10,48.59037774223244,0,-9.807903e-08
157,0.62144023,0.3482896,2.8390724e-08,0.030270146,10.848979,6.104327e-07,0.27456495,3.2674427e-10,48.59037774223244,0,-1.01733235e-07
158,0.6528941,0.34309483,2.4094849e-08,0.004011094,10.720627,6.1922054e-07,0.27575907,3.2790565e-10,48.59037774223244,0,-9.9607576e-08
159,0.67901576,0.32098418,2.129999e-08,1.4759899e-08,10.7135935,6.159096e-07,0.27448115,3.276935e-10,48.59037774223244,0,-8.886673e-08
160,0.6852908,0.31470922,2.20416e-08,1.4702063e-08,10.692573,6.111047e-07,0.27427703,3.2690112e-10,48.59037774223244,0,-8.069702e-08
161,0.72713274,0.27286726,2.273514e-08,1.4780933e-08,10.758147,5.794684e-07,0.27299765,3.196468e-10,48.59037774223244,0,-2.0254777e-07
162,0.99999934,5.988431e-07,3.7346503e-08,2.2739725e-08,10.491836,5.314366e-07,0.26279455,3.119533e-10,48.59037774223244,0,-1.9634847e-06
164,0.4959069,0.41427594,0.033024814,0.05679241,8.435054,7.482278e-07,0.30548275,3.3932587e-10,48.59037774223244,1,-4.6500816e-07
165,0.50505877,0.43117985,0.024636034,0.03912525,7.6794863,8.1024876e-07,0.31187603,3.4766218e-10,48.59037774223244,1,-1.9571965e-07
166,0.51424605,0.44181165,0.017558822,0.026383532,7.270201,8.561188e-07,0.31425232,3.5665446e-10,48.59037774223244,1,9.510131e-08
167,0.5313913,0.44863454,0.00805145,0.011922664,7.1028767,8.748515e-07,0.31387332,3.620311e-10,48.59037774223244,1,5.3875198e-08
168,0.5451986,0.4547972,1.3933028e-08,4.203292e-06,6.9504848,8.9637797e-07,0.31360033,3.6752326e-10,48.59037774223244,1,-1.4169873e-07
169,0.552902,0.44709808,7.485705e-09,5.1172417e-09,6.893348,9.124585e-07,0.3115299,3.73673e-10,48.59037774223244,1,-4.3122546e-07
170,0.58364725,0.4163528,7.475317e-09,4.8695536e-09,7.142446,9.08456e-07,0.3043923,3.8025308e-10,48.59037774223244,1,-4.8994957e-07
171,0.58902043,0.41097954,8.5175555e-09,5.4935385e-09,7.538546,8.8215586e-07,0.30071977,3.8057443e-10,48.59037774223244,1,-3.5817618e-07
172,0.5901193,0.4098807,1.0117319e-08,6.5551515e-09,7.997244,8.651798e-07,0.29707965,3.7949757e-10,48.59037774223244,0,-1.9162673e-07
173,0.58090174,0.4190982,1.2987837e-08,8.701233e-09,8.250976,8.831799e-07,0.29615584,3.8198403e-10,48.59037774223244,0,-3.4343168e-07
174,0.5616806,0.4310754,0.001906992,0.0053370507,8.042075,9.185857e-07,0.29978597,3.8395115e-10,48.59037774223244,0,-5.163469e-07
175,0.5558607,0.42980915,0.004469607,0.009860698,8.026889,9.25694e-07,0.3001427,3.824747e-10,48.59037774223244,0,-9.722032e-07
176,0.5999454,0.40005457,1.1431958e-08,7.659002e-09,8.549045,9.1415643e-07,0.29057598,3.842194e-10,48.59037774223244,0,-2.1191234e-08
177,0.589386,0.41061398,1.29323325e-08,8.131038e-09,8.474946,9.364977e-07,0.29242134,3.886592e-10,48.59037774223244,1,-5.5170375e-07
178,0.6032732,0.39672682,1.3234467e-08,7.51515e-09,8.570838,9.408517e-07,0.2910047,3.8992842e-10,48.59037774223244,1,-5.4796584e-07
179,0.60415196,0.3958481,1.4753607e-08,8.542913e-09,8.767386,9.239005e-07,0.2900451,3.8589876e-10,48.59037774223244,1,-4.3550227e-07
180,0.555597,0.34326953,0.034778014,0.066355534,11.491068,6.6311213e-07,0.27164766,3.3335967e-10,43.9829630039656,0,-1.1306321e-07
181,0.52972806,0.3331434,0.044208504,0.09292005,11.839425,6.0905967e-07,0.2713665,3.189781e-10,43.9829630039656,0,-8.573414e-08
182,0.5158256,0.31645197,0.050465122,0.11725727,12.381924,5.2506596e-07,0.26882344,3.002093e-10,43.9829630039656,0,-1.0721624e-07
183,0.5093176,0.30355105,0.053870905,0.13326043,12.790217,4.6064628e-07,0.26617974,2.904347e-10,43.9829630039656,0,-3.5831783e-07
184,0.49180895,0.28914732,0.062434867,0.1566089,13.340439,3.7345114e-07,0.26460564,2.7610617e-10,43.9829630039656,0,-1.1053987e-07
185,0.6245709,0.13568936,0.01205262,0.2276871,14.116867,2.729984e-07,0.25384724,2.5814575e-10,43.9829630039656,0,1.2245903e-07
186,0.75240093,8.701322e-08,2.5138014e-08,0.24759896,14.331841,2.3358982e-07,0.2426189,2.5514107e-10,43.9829630039656,0,-4.37378e-07
187,0.5800878,0.182541,0.08629033,0.15108086,14.987684,1.9180183e-07,0.22193606,2.4458277e-10,43.9829630039656,0,1.0119301e-06
188,0.6861771,6.911304e-08,2.3923306e-08,0.3138229,15.055344,1.9867497e-07,0.23766991,2.3770133e-10,43.9829630039656,0,1.4211173e-07
189,0.74332446,9.229422e-08,2.6993998e-08,0.2566755,14.773409,2.3811035e-07,0.2401931,2.4410765e-10,43.9829630039656,0,7.211668e-08
190,0.7570111,1.3206308e-07,2.8738578e-08,0.24298868,14.468903,2.64918e-07,0.24542171,2.487991e-10,43.9829630039656,0,6.844914e-09
191,0.7713509,2.1660415e-07,3.0979127e-08,0.22864884,14.217945,2.8213256e-07,0.24818625,2.5197774e-10,43.9829630039656,0,5.4242093e-08
192,0.7246006,0.075051524,3.1895958e-08,0.20034783,13.939776,2.9761932e-07,0.2511946,2.5477534e-10,43.9829630039656,0,8.29977e-08
193,0.6823787,0.13951495,3.4033043e-08,0.17810635,13.626263,3.1152277e-07,0.25418243,2.5716676e-10,43.9829630039656,0,6.646928e-08
194,0.6693553,0.17175072,3.3884852e-08,0.15889393,13.313185,3.2292394e-07,0.25661665,2.5894445e-10,43.9829630039656,0,3.62665e-08
195,0.7194794,0.14484459,2.9596807e-08,0.13567606,13.042294,3.3193552e-07,0.2568813,2.596582e-10,43.9829630039656,0,6.645442e-08
196,0.68391263,0.18534009,3.1277168e-08,0.13074718,12.784033,3.383131e-07,0.26132432,2.5903985e-10,43.9829630039656,0,7.468822e-08
197,0.74263537,0.11418701,2.465949e-08,0.14317755,12.728968,3.1394296e-07,0.25990245,2.4936325e-10,43.9829630039656,0,1.0887405e-07
198,0.9999997,1.6187973e-07,3.9449052e-08,4.498946e-08,12.231626,2.8852696e-07,0.25106555,2.457312e-10,43.9829630039656,0,-1.4629775e-06
200,0.43841788,0.3677525,0.06902613,0.12480347,10.929112,4.4995102e-07,0.2940158,2.817313e-10,43.9829630039656,0,-2.1002276e-07
201,0.44597727,0.37600067,0.064314954,0.11370711,10.450664,4.9372824e-07,0.2961292,2.9376232e-10,43.9829630039656,0,-3.2452886e-07
202,0.4518271,0.37910977,0.060916226,0.108146906,10.253216,5.1359376e-07,0.2963364,2.9979744e-10,43.9829630039656,0,-4.844557e-07
203,0.4604804,0.37960938,0.05642188,0.10348833,10.1553545,5.1862554e-07,0.29505354,3.0485403e-10,43.9829630039656,0,-1.0664209e-07
204,0.47003937,0.3814801,0.051301017,0.097179644,10.007291,5.3936117e-07,0.2940661,3.1277764e-10,43.9829630039656,0,-2.8976643e-07
205,0.5109605,0.37573084,0.03270363,0.080605015,9.942843,5.6292424e-07,0.28810394,3.2256328e-10,43.9829630039656,0,-2.2563648e-07
206,0.5284575,0.37229797,0.026205253,0.07303927,10.06385,5.648669e-07,0.28484887,3.282598e-10,43.9829630039656,0,-9.159862e-08
207,0.51129764,0.3699939,0.03644674,0.08226175,10.280828,5.5278974e-07,0.2850319,3.2532213e-10,43.9829630039656,0,-3.7475388e-08
208,0.49881503,0.3501782,0.046901885,0.10410484,11.212819,5.5956554e-07,0.27795666,3.2214506e-10,43.9829630039656,0,-1.2087185e-08
209,0.5360985,0.31371874,0.037457306,0.112725474,12.346122,5.8759883e-07,0.26390508,3.2680414e-10,43.9829630039656,0,-1.359644e-07
210,0.54434925,0.32039157,0.03815806,0.0971011,12.328265,6.151458e-07,0.26373777,3.320907e-10,43.9829630039656,0,-5.452739e-08
211,0.51117486,0.3419885,0.046396863,0.10043987,11.661149,6.5439497e-07,0.27215993,3.3597486e-10,43.9829630039656,0,-9.981811e-07
212,0.5862077,0.31632012,0.017315006,0.080157146,11.791757,6.4389565e-07,0.26472425,3.344922e-10,43.9829630039656,0,-2.3010264e-07
213,0.593943,0.33895585,0.020790113,0.04631104,11.5295925,6.792211e-07,0.26847866,3.416741e-10,43.9829630039656,0,-5.436834e-07
214,0.5980063,0.34535953,0.019309944,0.03732423,11.36773,6.9724723e-07,0.2695944,3.4493394e-10,43.9829630039656,0,-3.5518212e-08
215,0.5607091,0.3512135,0.03321336,0.054864008,11.311545,6.9331924e-07,0.2726596,3.421058e-10,43.9829630039656,0,-1.1059385e-07
216,0.47948214,0.28477085,0.069190346,0.16655667,13.779597,3.9999512e-07,0.2622678,2.6670824e-10,39.709016444306975,0,1.4410432e-07
217,0.4851438,0.25236335,0.06726347,0.19522932,14.258185,3.2122068e-07,0.26000988,2.4273847e-10,39.709016444306975,0,2.9773446e-08
218,0.66856307,8.230962e-08,2.4724956e-08,0.33143687,15.087968,2.3033566e-07,0.24393804,2.2500468e-10,39.709016444306975,0,1.8626656e-07
219,0.5448414,0.16339134,0.084344745,0.20742255,15.7716875,1.682522e-07,0.21963508,2.2641133e-10,39.709016444306975,0,-1.881964e-07
220,0.4698892,0.18531369,0.121248975,0.22354819,16.039965,1.3322087e-07,0.2058628,2.2809826e-10,39.709016444306975,0,8.489921e-07
221,0.45911178,0.1824263,0.1211059,0.23735602,16.968634,1.2153679e-07,0.19771269,2.2765412e-10,39.709016444306975,0,-1.08354755e-07
222,0.4110262,0.12983692,0.15121906,0.30791783,17.598633,9.259926e-08,0.17880905,2.1605837e-10,39.709016444306975,0,-8.994891e-08
223,0.4100452,0.13728794,0.14570364,0.3069632,18.176819,9.946671e-08,0.18009478,2.0931024e-10,39.709016444306975,1,-3.241222e-07
224,0.41451386,0.13511406,0.14296323,0.3074088,18.534786,1.0830003e-07,0.17897172,1.9806454e-10,39.709016444306975,0,3.8370467e-07
225,0.4246722,0.13922553,0.1441533,0.29194894,18.251377,1.2211149e-07,0.18022066,1.9832251e-10,39.709016444306975,0,3.1335313e-07
226,0.44311088,0.1562756,0.13702157,0.26359195,17.67708,1.3195464e-07,0.18535222,2.0002247e-10,39.709016444306975,0,1.844324e-07
227,0.45610657,0.16867056,0.13087797,0.24434493,17.143005,1.3725999e-07,0.19112664,2.001242e-10,39.709016444306975,0,2.0100865e-07
228,0.46527496,0.17705376,0.12686647,0.23080482,16.641512,1.4483744e-07,0.19668894,2.0128958e-10,39.709016444306975,0,1.9112349e-07
229,0.47829404,0.18367739,0.12151874,0.21650985,16.137804,1.5256036e-07,0.20321682,2.0281216e-10,39.709016444306975,0,2.0222413e-07
230,0.49525064,0.1890054,0.11477122,0.20097274,15.630598,1.6109743e-07,0.20991968,2.0459422e-10,39.709016444306975,0,1.7982055e-07
231,0.50678104,0.19390976,0.1103127,0.18899657,15.20006,1.6600443e-07,0.2143404,2.0481111e-10,39.709016444306975,0,2.151883e-07
232,0.517635,0.1956963,0.10504429,0.18162441,14.813945,1.6599576e-07,0.22035128,2.0175621e-10,39.709016444306975,0,1.7952718e-07
233,0.48186296,0.1983742,0.12013305,0.19962981,14.799282,1.448244e-07,0.21516056,1.9041996e-10,39.709016444306975,0,1.9853121e-07
234,0.43244913,0.18914351,0.14977558,0.22863185,14.281094,1.4347651e-07,0.20077816,1.9598365e-10,39.709016444306975,0,-4.4933336e-07
236,0.6161268,0.02872084,0.008324768,0.3468276,14.545914,1.8221435e-07,0.2523189,2.2867494e-10,39.709016444306975,0,1.1994015e-07
237,0.5925316,0.10765269,0.015881589,0.28393406,14.305955,2.114898e-07,0.25536215,2.5780736e-10,39.709016444306975,0,3.746839e-07
238,0.51116705,0.21804091,0.05180866,0.21898335,14.003712,2.384529e-07,0.2608456,2.7040858e-10,39.709016444306975,0,4.6410833e-08
239,0.49627343,0.2527724,0.055985533,0.19496866,13.493914,2.5388073e-07,0.26492196,2.7438857e-10,39.709016444306975,0,-8.334939e-08
240,0.5266962,0.24346048,0.04302978,0.1868135,13.095179,2.6746673e-07,0.2650312,2.760578e-10,39.709016444306975,0,-6.0147954e-08
241,0.5347076,0.25047815,0.039270043,0.17554417,12.847507,2.796489e-07,0.26604825,2.786149e-10,39.709016444306975,0,3.386134e-08
242,0.5402427,0.2530907,0.035970367,0.17069627,12.698883,2.838395e-07,0.26684725,2.750833e-10,39.709016444306975,0,2.4582698e-07
243,0.49877423,0.2761736,0.053427123,0.17162505,12.834256,2.858831e-07,0.2692779,2.6368796e-10,39.709016444306975,0,5.495697e-07
244,0.4457741,0.27999184,0.081475504,0.19275859,14.627723,3.6253707e-07,0.26178843,2.5757801e-10,39.709016444306975,0,3.076729e-07
245,0.54049206,0.13527848,0.059923433,0.26430598,16.82781,3.413761e-07,0.23546833,2.5467753e-10,39.709016444306975,0,4.5574177e-07
246,0.6160524,0.08344575,0.03384714,0.26665467,16.670845,3.364154e-07,0.23261338,2.5888808e-10,39.709016444306975,0,2.406208e-07
247,0.593553,0.16055381,0.03621253,0.20968063,15.679017,3.8464273e-07,0.23874292,2.739893e-10,39.709016444306975,0,2.4109897e-07
248,0.66207665,0.13579568,0.015917962,0.18620977,15.110803,4.016328e-07,0.2392188,2.7906502e-10,39.709016444306975,0,4.1984572e-07
249,0.5883871,0.21509479,0.03899895,0.1575192,14.474141,4.2759888e-07,0.24731153,2.844932e-10,39.709016444306975,0,4.667662e-07
250,0.5275882,0.27212602,0.05710111,0.14318469,13.919714,4.4924124e-07,0.25564796,2.8723354e-10,39.709016444306975,0,5.58404e-07
251,0.4968229,0.28890675,0.06459905,0.14967135,13.65086,4.4653515e-07,0.26065093,2.8293975e-10,39.709016444306975,0,4.790745e-07
252,0.36061677,5.2861754e-08,2.6233568e-08,0.63938314,16.38331,1.510454e-07,0.22644259,1.8246114e-10,35.685334618597295,0,2.9636828e-07
253,0.43474686,0.16341528,0.12975813,0.2720797,16.99783,1.10429276e-07,0.19719468,1.744036e-10,35.685334618597295,0,-8.010716e-08
254,0.35222912,0.02428278,0.17988445,0.44360366,18.26662,6.923564e-08,0.15264586,1.9682447e-10,35.685334618597295,0,1.1044984e-06
257,1.7748914e-07,4.327557e-08,2.8205124e-08,0.99999976,19.009548,1.4349662e-07,0.20537423,2.1409985e-10,35.685334618597295,1,3.5730636e-08
258,0.34697995,0.031892773,0.16422062,0.45690668,20.418774,6.5016145e-08,0.15222459,1.7679277e-10,35.685334618597295,0,-9.6078594e-08
267,0.34491825,0.032979146,0.18264885,0.43945375,17.443943,6.516136e-08,0.15488939,1.6281364e-10,35.685334618597295,0,2.4336376e-07
268,0.35501248,0.052417748,0.17935789,0.4132119,17.042917,6.517275e-08,0.15870132,1.5921897e-10,35.685334618597295,0,2.8909864e-07
272,0.39620486,1.1196829e-08,0.057083767,0.5467114,17.985296,7.3847175e-08,0.21316235,1.821694e-10,35.685334618597295,1,2.5329894e-07
273,0.4204892,0.16596457,0.117021635,0.29652458,18.335642,1.0974235e-07,0.18963139,2.3792213e-10,35.685334618597295,1,-1.200097e-07
274,0.45478782,0.18317331,0.110421,0.25161785,17.790924,1.1982763e-07,0.19512965,2.4971386e-10,35.685334618597295,0,4.8957554e-07
275,0.48734257,0.18373805,0.09839047,0.23052889,16.61462,1.3888858e-07,0.20785238,2.574712e-10,35.685334618597295,0,1.7056453e-07
276,0.5092165,0.19169192,0.097157106,0.20193447,15.724003,1.4578627e-07,0.21444915,2.5647454e-10,35.685334618597295,0,2.2981612e-07
277,0.50648636,0.20041971,0.10212757,0.19096638,15.25557,1.3933408e-07,0.21665594,2.4699304e-10,35.685334618597295,0,4.546834e-07
278,0.49114022,0.19861388,0.10568311,0.20456284,15.266355,1.1760745e-07,0.21681334,2.2248607e-10,35.685334618597295,0,8.1760123e-07
279,6.550301e-07,1.5194031e-07,7.111762e-08,0.9999991,15.457129,1.4208872e-07,0.22713363,2.0160365e-10,35.685334618597295,0,8.906239e-07
280,0.39689216,0.254126,0.111939594,0.23704216,17.248693,2.1848729e-07,0.2530034,1.9570875e-10,35.685334618597295,1,2.331053e-06
281,0.39959374,0.13438024,0.1269766,0.33904946,19.900808,1.3441527e-07,0.17949624,1.8286779e-10,35.685334618597295,1,1.4138354e-06
282,0.3547478,0.022789191,0.17203712,0.45042595,20.110662,9.607054e-08,0.15411487,1.7746098e-10,35.685334618597295,0,1.0535982e-06
283,0.4042031,0.12783578,0.136896,0.33106518,19.149332,1.1325467e-07,0.18360902,1.8595366e-10,35.685334618597295,0,7.604816e-07
284,4.4118917e-07,8.857238e-08,5.865343e-08,0.9999994,18.102566,1.4866734e-07,0.20980583,1.9830056e-10,35.685334618597295,0,9.1727725e-07
285,0.5680013,5.243142e-08,2.5215241e-08,0.43199867,17.024893,1.8497711e-07,0.22888918,2.079768e-10,35.685334618597295,0,8.024285e-07
286,0.5904747,0.0118309,0.0361553,0.3615391,16.292622,2.0126606e-07,0.2416337,2.0856498e-10,35.685334618597295,0,7.591739e-07
287,0.6010243,7.7225195e-08,0.0150061,0.3839695,16.099892,1.8516089e-07,0.24282219,1.979884e-10,35.685334618597295,0,3.70292e-07
293,0.33252972,0.072395556,0.12741011,0.46766463,21.710352,8.4054975e-08,0.16447486,1.6766903e-10,31.855430742650643,1,-2.561094e-07
312,0.32347453,0.022032345,0.18226942,0.47222376,18.351435,5.2545882e-08,0.1486222,2.2302012e-10,31.855430742650643,0,6.6499246e-07
315,0.35229394,0.08558974,0.17024074,0.39187565,17.350758,5.838355e-08,0.16431947,1.5839348e-10,31.855430742650643,0,5.950013e-07
345,0.34676012,0.02191785,0.15977414,0.47154784,20.661991,6.377164e-08,0.14839095,2.024106e-10,28.178642670371627,1,3.4223584e-07
351,0.3260112,0.08131469,0.16875577,0.42391828,18.396011,5.1463367e-08,0.16267651,1.5618504e-10,28.178642670371627,1,-7.281587e-07
381,8.736919e-08,2.6706156e-08,3.6515868e-08,0.9999999,20.83929,4.9946113e-08,0.1750888,1.7938612e-10,24.624318292137847,1,2.8786098e-07
387,0.31512493,0.059596583,0.16478924,0.4604892,19.444065,4.8690957e-08,0.15693665,1.5361155e-10,24.624318292137847,1,-7.3891465e-07
425,0.27316073,0.06302964,0.110699974,0.55310965,22.07347,7.934356e-08,0.16607134,1.5436273e-10,21.168448795118675,1,-6.367771e-07
458,0.21512862,0.027448498,0.16743022,0.5899927,20.956656,2.5560652e-08,0.14197026,1.20595e-10,17.791590530981612,1,-1.0755139e-06
494,0.14741501,0.04336717,0.10279674,0.7064211,21.99643,2.955843e-08,0.15793628,1.15067726e-10,14.47751215211574,1,-1.19144e-06
530,2.699233e-08,7.298511e-09,1.9367134e-08,0.99999994,23.065044,2.8788454e-08,0.15431024,1.2130912e-10,11.21227139168942,1,-8.068035e-07
540,0.23194756,2.8657894e-09,0.10036057,0.6676918,26.34589,4.2535817e-08,0.18795614,1.0153942e-10,7.9835561271882565,1,-1.9872325e-06
557,3.255406e-08,7.560931e-09,2.0324988e-08,0.9999999,23.521465,3.191076e-08,0.15263444,1.1084194e-10,7.9835561271882565,1,-1.0523133e-06
564,2.8853183e-08,8.173589e-09,2.1759222e-08,0.99999994,22.816378,2.6687461e-08,0.15280947,1.7665738e-10,7.9835561271882565,1,-2.1559467e-06
736,0.15312001,2.284123e-09,0.13876687,0.70811313,26.914654,3.163641e-08,0.12697689,9.5403456e-11,-7.983556127188249,1,-1.7688246e-06
787,6.638977e-08,6.4477472e-09,2.1112127e-08,0.9999999,24.886646,5.3532215e-08,0.1531731,4.1847223e-10,-11.21227139168942,1,-6.1835306e-07
808,9.621616e-08,1.4504222e-08,3.351734e-08,0.9999998,23.25497,4.692838e-08,0.15885004,1.4880616e-10,-14.47751215211574,0,1.5606615e-06
859,2.0930216e-07,1.5904998e-08,5.092177e-08,0.99999976,24.043232,7.193074e-08,0.15244746,7.932798e-10,-17.791590530981605,0,3.1963376e-07
932,3.0933117e-07,1.0156614e-07,6.190625e-08,0.9999995,21.850779,1.15448955e-07,0.17210849,1.0109285e-09,-24.624318292137833,0,6.774543e-07
938,0.3252924,0.05072498,0.1482353,0.4757473,21.559757,7.019058e-08,0.1617559,1.8731965e-10,-28.178642670371627,1,-2.4427102e-06
990,0.38745686,0.07182816,0.13739109,0.4033239,21.068766,7.4705625e-08,0.15978247,6.1482824e-10,-31.855430742650636,1,-5.173034e-07
1011,1.9890355e-07,6.35458e-08,4.0567908e-08,0.9999997,19.614687,1.3958164e-07,0.19628839,2.304874e-10,-35.68533461859729,1,5.9832223e-07
1012,0.43485454,0.16007464,0.11122925,0.2938416,19.328007,1.3137e-07,0.1862226,2.4040384e-10,-35.68533461859729,1,1.5166307e-07
1013,0.44054407,0.16075413,0.116017886,0.28268397,18.70926,1.2384795e-07,0.18920828,2.4275443e-10,-35.68533461859729,1,1.9640856e-07
1014,0.45245406,0.17359608,0.12071894,0.25323093,17.957857,1.2348345e-07,0.19091162,2.4518768e-10,-35.68533461859729,0,1.2440809e-07
1015,0.4662022,0.18318455,0.117366895,0.2332464,17.218185,1.2430931e-07,0.19592628,2.4607358e-10,-35.68533461859729,0,3.3834982e-07
1016,0.46284884,0.18400529,0.122319885,0.23082592,16.63323,1.1386602e-07,0.19724207,2.421407e-10,-35.68533461859729,0,4.3527592e-07
1017,0.44227603,0.16985175,0.13321416,0.25465807,16.334671,8.852656e-08,0.19389933,2.32725e-10,-35.68533461859729,0,3.976247e-07
1018,0.39644894,0.13402013,0.15830114,0.3112298,16.206022,6.622597e-08,0.17891619,2.2466475e-10,-35.68533461859729,0,2.982461e-07
1019,0.33962208,0.068048924,0.18353127,0.40879774,16.259937,4.893643e-08,0.15870705,2.2036611e-10,-35.68533461859729,0,3.2841865e-07
1026,0.46462837,0.14038232,0.09026077,0.3047285,18.059385,2.0848921e-07,0.22865616,6.3206357e-10,-35.68533461859729,1,-2.6383913e-07
1027,0.55538505,9.000966e-08,0.032714095,0.4119008,18.147295,1.9094786e-07,0.21744587,6.6475725e-10,-35.68533461859729,1,6.275553e-07
1028,0.3758611,7.970234e-08,3.539409e-08,0.6241388,17.970222,1.5565941e-07,0.20630012,6.6884454e-10,-35.68533461859729,0,7.6599844e-07
1029,1.1305422e-06,4.409979e-07,2.0371523e-07,0.9999982,17.770184,1.2074267e-07,0.19774109,6.5605815e-10,-35.68533461859729,0,7.082168e-07
1030,0.44350165,0.14582576,0.13364482,0.27702782,17.851843,7.124725e-08,0.17919531,6.235459e-10,-35.68533461859729,0,4.9461573e-07
1032,0.3448258,0.018009309,0.18958038,0.44758454,17.061302,5.6518154e-08,0.1487612,6.1060684e-10,-35.68533461859729,0,-9.613245e-08
1047,0.4530141,0.23061977,0.0878556,0.2285105,16.31981,3.2458513e-07,0.24686685,2.9113753e-10,-39.70901644430697,1,-3.589082e-07
1048,0.65315425,1.03638044e-07,3.985078e-08,0.34684557,16.241577,2.6247557e-07,0.23436421,2.8040917e-10,-39.70901644430697,0,6.6729217e-07
1049,0.6259795,7.7296704e-08,2.6789566e-08,0.3740204,16.153252,2.1925585e-07,0.23299511,2.7250105e-10,-39.70901644430697,1,-1.12110456e-07
1050,0.6489233,7.880228e-08,2.5661475e-08,0.35107663,15.646261,2.1819697e-07,0.23573573,2.7575708e-10,-39.70901644430697,1,2.8455077e-08
1051,0.6803709,8.151969e-08,2.4650905e-08,0.31962898,15.070297,2.1951783e-07,0.23705564,2.7934446e-10,-39.70901644430697,1,-1.534201e-07
1052,0.7095902,8.253788e-08,2.5582418e-08,0.29040974,14.538639,2.1031924e-07,0.23766045,2.7897104e-10,-39.70901644430697,1,-6.011559e-08
1053,0.79264545,1.4329977e-07,5.018807e-08,0.20735434,14.107777,1.8563527e-07,0.23578441,2.7326835e-10,-39.70901644430697,0,7.614871e-08
1054,0.5636604,0.20806909,0.08584793,0.14242257,13.739816,1.5664966e-07,0.23094702,2.6635755e-10,-39.70901644430697,0,1.19101e-07
1055,0.47456536,0.22503608,0.12092937,0.17946914,13.600933,1.1782828e-07,0.21847393,2.57092e-10,-39.70901644430697,0,2.1270384e-07
1056,0.4078073,0.16561782,0.16107608,0.26549882,13.920818,7.783837e-08,0.18634783,2.4690763e-10,-39.70901644430697,0,3.429064e-07
1062,0.4172809,0.29809624,0.10031195,0.18431094,15.101769,3.1999502e-07,0.25523353,6.3962147e-10,-39.70901644430697,1,-5.961904e-07
1063,0.43715346,0.2605749,0.09605441,0.20621724,15.656317,2.7607e-07,0.24787772,6.4441e-10,-39.70901644430697,1,-2.0529524e-07
1064,0.44596264,0.2539854,0.09355885,0.20649312,15.571998,2.7141718e-07,0.2458593,6.5460204e-10,-39.70901644430697,1,2.8282557e-07
1065,0.51876116,0.17293032,0.0674525,0.24085598,15.423802,2.443518e-07,0.23880747,6.5057176e-10,-39.70901644430697,0,3.3173487e-07
1066,0.6281929,0.041655958,0.022359516,0.30779165,15.142555,2.1086302e-07,0.23679803,6.362089e-10,-39.70901644430697,0,5.7023846e-07
1067,0.52009666,1.3849271e-07,4.3292566e-08,0.47990316,15.120147,1.419351e-07,0.22537546,6.010842e-10,-39.70901644430697,0,3.0564894e-07
1068,0.44456112,0.15676974,0.15029527,0.2483739,15.365381,9.110929e-08,0.18178001,5.9150057e-10,-39.70901644430697,0,-5.040289e-07
1083,0.45287117,0.31556115,0.07816016,0.15340759,13.292202,4.080663e-07,0.2664286,3.3568165e-10,-43.9829630039656,1,-8.1765245e-07
1084,0.60755634,0.14099099,0.02054782,0.23090483,14.147326,2.8056246e-07,0.25380138,2.977893e-10,-43.9829630039656,1,8.216371e-08
1085,0.5978207,0.17436042,0.016715966,0.21110287,13.635157,2.7453387e-07,0.25709596,3.0294806e-10,-43.9829630039656,1,-5.4214468e-08
1086,0.6382776,0.16787675,3.260521e-08,0.19384564,13.104983,2.75377e-07,0.25840226,3.0836472e-10,-43.9829630039656,1,-1.551578e-07
1087,0.64868003,0.17968428,2.5448964e-08,0.17163576,12.67649,2.773271e-07,0.2609305,3.108987e-10,-43.9829630039656,1,-4.599451e-08
1088,0.69334155,0.15104967,2.0266624e-08,0.15560877,12.292793,2.7052957e-07,0.26236212,3.1003522e-10,-43.9829630039656,1,-2.3258039e-07
1089,0.7318149,0.12845041,1.873905e-08,0.13973464,11.913664,2.5978812e-07,0.26529524,3.0842312e-10,-43.9829630039656,1,-1.5994517e-07
1090,0.9407048,1.194919e-07,2.0348411e-08,0.059295073,11.503466,2.3827208e-07,0.26376975,3.046235e-10,-43.9829630039656,1,-7.717985e-08
1091,0.9999993,4.3834976e-07,1.3346228e-07,1.6586301e-07,11.212093,1.9297603e-07,0.2549536,2.9518396e-10,-43.9829630039656,0,-8.267931e-08
1092,0.46412256,0.24137835,0.13027917,0.16421992,11.424861,1.3600021e-07,0.22678654,2.8177302e-10,-43.9829630039656,0,9.6147275e-08
1093,0.40175262,0.18112263,0.16945274,0.24767193,11.670727,9.78379e-08,0.19421169,2.901259e-10,-43.9829630039656,0,-6.174804e-07
1099,0.3984572,0.35982278,0.10174615,0.13997377,13.031272,4.3532344e-07,0.27265322,6.5759453e-10,-43.9829630039656,1,-3.1192792e-07
1100,0.41500697,0.33508933,0.09735338,0.15255031,13.546365,3.6410916e-07,0.26647696,6.43973e-10,-43.9829630039656,1,6.873037e-07
1101,0.4143237,0.3487265,0.09681674,0.14013308,13.179849,4.0271732e-07,0.26587304,6.613232e-10,-43.9829630039656,1,6.5918e-07
1102,0.43976015,0.33970818,0.089573406,0.13095826,12.8339205,3.9151152e-07,0.26287496,6.631656e-10,-43.9829630039656,0,1.8714913e-07
1103,0.45042393,0.3260773,0.08389633,0.13960233,12.536605,3.2907437e-07,0.2690175,6.4154354e-10,-43.9829630039656,0,2.5880792e-07
1104,0.7729648,3.193608e-07,3.7170388e-08,0.2270349,12.877253,2.1719796e-07,0.25102144,6.1226324e-10,-43.9829630039656,0,1.2659382e-07
1105,0.54681325,0.25041205,0.094447725,0.10832703,12.620601,1.6978113e-07,0.22602275,6.1702976e-10,-43.9829630039656,0,-8.7759986e-07
1120,0.6541728,0.24913342,1.46245736e-08,0.09669377,10.675175,2.794273e-07,0.278989,3.38856e-10,-48.59037774223244,1,8.683119e-07
1121,0.5965413,0.30028823,2.065333e-08,0.1031705,10.68121,2.808573e-07,0.28038105,3.359452e-10,-48.59037774223244,1,-6.551761e-07
1122,0.5838278,0.32484245,2.3084086e-08,0.09132976,10.28441,2.8049178e-07,0.2833965,3.3644373e-10,-48.59037774223244,1,-5.3538497e-07
1123,0.65827787,0.28022063,1.1812651e-08,0.06150152,10.116178,2.704163e-07,0.28177264,3.2914765e-10,-48.59037774223244,1,-4.6912112e-07
1124,0.67273194,0.29404533,1.2615783e-08,0.03322267,9.841689,2.974623e-07,0.28253224,3.3392655e-10,-48.59037774223244,1,-2.366371e-07
1125,0.65052813,0.32877508,1.2761803e-08,0.020696767,9.538809,3.1563764e-07,0.28583458,3.3851358e-10,-48.59037774223244,1,-1.3654886e-07
1126,0.7010953,0.2989047,1.1309279e-08,1.2458866e-08,9.111648,2.9715878e-07,0.28813764,3.3654707e-10,-48.59037774223244,1,-1.8329519e-07
1127,0.99999994,1.0050034e-07,1.7791193e-08,1.6874806e-08,8.873575,2.4047057e-07,0.28146031,3.2570874e-10,-48.59037774223244,1,-2.550567e-07
1128,0.5069769,0.27227372,0.10796516,0.112784185,9.041626,1.7008732e-07,0.25743413,3.1120703e-10,-48.59037774223244,1,1.419117e-07
1129,0.47732076,0.26048195,0.134172,0.12802523,8.910033,1.6109043e-07,0.23804912,3.26414e-10,-48.59037774223244,0,-2.186575e-06
1136,0.41569802,0.3827622,0.09031059,0.111229144,11.216125,5.2050837e-07,0.27880725,6.668881e-10,-48.59037774223244,1,5.9765284e-07
1137,0.43591923,0.39361614,0.08101182,0.089452825,10.380154,5.750649e-07,0.2810942,6.82461e-10,-48.59037774223244,1,1.0830852e-06
1138,0.47270373,0.39581615,0.07278485,0.0586953,10.332127,5.95586e-07,0.27736673,6.994106e-10,-48.59037774223244,1,4.2172167e-07
1139,0.4747652,0.39600554,0.074309066,0.054920238,10.185448,5.300566e-07,0.28168607,6.881859e-10,-48.59037774223244,0,2.006875e-07
1140,0.5199218,0.3709518,0.05941976,0.049706668,10.322918,3.7972634e-07,0.28478247,6.5991224e-10,-48.59037774223244,0,-1.6115561e-06
1141,0.9999995,4.29444e-07,4.7547754e-08,2.9649243e-08,10.50254,2.6041837e-07,0.2660154,6.478101e-10,-48.59037774223244,0,-2.8568718e-06
1157,0.7120328,0.28796726,1.371557e-08,1.2469242e-08,7.8584347,2.2857779e-07,0.30315772,3.289251e-10,-53.663942307338154,1,2.694294e-07
1158,0.9999999,1.3759959e-07,1.8789498e-08,1.5499943e-08,7.823052,2.1306913e-07,0.29498672,3.2359382e-10,-53.663942307338154,1,-8.565653e-07
1159,0.9999983,1.0623799e-06,3.3434827e-07,3.332253e-07,8.942053,1.2272403e-07,0.2702474,2.7279204e-10,-53.663942307338154,1,-5.1654416e-07
1160,0.9999997,2.7565184e-07,1.9199453e-08,1.6526693e-08,8.201241,2.1563446e-07,0.29330197,3.0344152e-10,-53.663942307338154,1,6.489847e-08
1161,0.5598841,0.42462215,0.005716171,0.009777655,7.3743167,3.317763e-07,0.3123409,3.4860229e-10,-53.663942307338154,1,3.1139166e-07
1162,0.81404394,0.18595608,8.997476e-09,6.564941e-09,6.8139434,2.8355882e-07,0.30431324,3.4737038e-10,-53.663942307338154,1,-1.0758044e-06
1163,0.9999999,1.5454124e-07,2.2251818e-08,1.5833963e-08,6.522205,2.535195e-07,0.3000314,3.4642567e-10,-53.663942307338154,1,-8.4462863e-07
1164,0.49432632,0.2908421,0.116473936,0.098357685,6.833901,1.799283e-07,0.26674145,3.3001232e-10,-53.663942307338154,0,-1.0909707e-06
1172,0.5751071,0.41886654,0.0060263965,1.046636e-08,7.6680813,8.817785e-07,0.29092443,7.400002e-10,-53.663942307338154,1,5.792743e-07
1173,0.5435095,0.43427798,0.022212569,8.111093e-09,7.4891424,7.666542e-07,0.29776773,7.106925e-10,-53.663942307338154,1,-4.0051677e-07
1174,0.61447465,0.38552523,1.12235526e-07,1.4431496e-08,7.6449227,7.0549675e-07,0.29741982,7.046904e-10,-53.663942307338154,1,-1.1917823e-06
1175,0.802827,0.19717287,1.348146e-07,2.4910458e-08,7.7839127,6.372844e-07,0.27205205,6.98965e-10,-53.663942307338154,1,-6.5403077e-07
1176,0.9049784,0.09502151,1.1810922e-07,2.5019002e-08,7.9861674,4.931975e-07,0.2687946,6.686086e-10,-53.663942307338154,0,-3.5646094e-06
1194,0.7079203,0.25986993,0.02215692,0.0100528775,3.3319879,3.7272443e-07,0.30336604,3.9287906e-10,-59.44156799225372,0,1.2387255e-07
1195,0.71716654,0.25420886,0.01988751,0.008737081,3.6551561,3.7714574e-07,0.30072215,3.8870226e-10,-59.44156799225372,0,-4.867892e-07
1196,0.7074071,0.25793454,0.023612348,0.011046007,4.0832133,3.409878e-07,0.29719642,3.7508668e-10,-59.44156799225372,0,-2.0168713e-06
1198,0.6552867,0.27135873,0.047356434,0.025998082,2.9813368,2.8360554e-07,0.29132825,3.6899794e-10,-59.44156799225372,0,2.7718494e-07
1199,0.591536,0.23331526,0.105185226,0.06996348,3.0335472,2.4353523e-07,0.26829723,3.49913e-10,-59.44156799225372,0,-1.4703685e-06
1208,0.9999968,3.0893611e-06,8.137934e-08,2.362382e-08,4.898192,8.006425e-07,0.2391512,7.017185e-10,-59.44156799225372,1,1.0642723e-06
1209,0.99999696,2.925834e-06,6.054266e-08,1.5142504e-08,5.3700137,6.522406e-07,0.24479406,6.622199e-10,-59.44156799225372,1,-2.0217165e-06
1210,0.780767,0.19642583,0.016502252,0.0063048336,5.273042,6.3834426e-07,0.21821745,6.727091e-10,-59.44156799225372,1,-3.5849548e-06
1211,0.7987675,0.18655051,0.011098519,0.0035834627,5.0050817,5.151262e-07,0.25114003,6.268514e-10,-59.44156799225372,0,-5.6831564e-06
1212,0.8266903,0.1617252,0.008689977,0.0028944903,4.7433405,4.5797717e-07,0.26927698,6.161935e-10,-59.44156799225372,0,-2.3752038e-06
1213,0.99999964,3.0967942e-07,2.4679348e-08,1.4270992e-08,2.0640886,2.7619905e-07,0.3381843,5.125401e-10,-59.44156799225372,0,1.1199653e-06
1244,0.62370783,0.33234042,0.029780777,0.014170991,-0.3747798,3.8456741e-07,0.29654557,5.1158344e-10,-66.44353539051714,1,-8.085448e-07
1247,0.49023378,0.2807309,0.1362783,0.09275703,-0.5866179,1.6823817e-07,0.25367814,3.8472e-10,-66.44353539051714,0,2.0035111e-07
1248,0.5983225,0.313817,0.056650255,0.03121028,-0.48572296,2.6811938e-07,0.28376228,4.3121215e-10,-66.44353539051714,1,-5.2778427e-07
1249,0.6017953,0.32004106,0.050831646,0.027331954,-0.2970716,2.9077518e-07,0.2800105,4.527968e-10,-66.44353539051714,1,-2.1021962e-07
1250,0.61365795,0.31660137,0.0457404,0.024000267,-0.20224074,3.037199e-07,0.28422722,4.726614e-10,-66.44353539051714,1,-1.1630155e-07
1251,0.610741,0.31248084,0.050138988,0.026639115,-0.107632376,2.926171e-07,0.2790852,4.755123e-10,-66.44353539051714,0,5.325656e-07
1260,0.58732444,0.2240203,0.12615198,0.06250331,-1.1440238,4.0604982e-07,0.19250792,3.3327918e-10,-76.46379671863822,0,2.0766122e-07
1261,0.58978504,0.22466576,0.1244149,0.06113427,-1.1766924,4.3331778e-07,0.19164144,3.2978245e-10,-76.46379671863822,0,1.0152724e-07
1262,0.5931969,0.2247879,0.122109495,0.05990571,-1.21147,4.6740828e-07,0.19092762,3.2586384e-10,-76.46379671863822,1,-5.669557e-08
1263,0.59164023,0.22467178,0.12322502,0.060462873,-1.2515281,4.8936266e-07,0.18974702,3.1842845e-10,-76.46379671863822,1,-7.7863135e-08
1264,0.58658797,0.22387524,0.12709229,0.062444452,-1.3014894,4.994268e-07,0.18859813,3.0891067e-10,-76.46379671863822,0,1.9584321e-07
1265,0.58348006,0.22374293,0.12920146,0.06357562,-1.3481631,5.150951e-07,0.18786861,3.0380218e-10,-76.46379671863822,0,1.12487186e-07
1266,0.5823235,0.22426012,0.12966247,0.06375401,-1.3894708,5.31314e-07,0.18709815,3.009993e-10,-76.46379671863822,0,7.002284e-08
1267,0.58143735,0.22439535,0.13016908,0.063998304,-1.422622,5.438458e-07,0.18568508,2.9959124e-10,-76.46379671863822,0,4.3598682e-08
1268,0.57897574,0.22353607,0.13268489,0.064803414,-1.4459009,5.4637246e-07,0.18088754,2.978151e-10,-76.46379671863822,0,6.074565e-08
1269,0.57627183,0.22220364,0.13544159,0.06608289,-1.4574913,5.4741616e-07,0.17790115,2.9803357e-10,-76.46379671863822,0,7.9463575e-08
1270,0.5751667,0.22490433,0.13376106,0.06616799,-1.4648645,4.977671e-07,0.18303677,2.8478134e-10,-76.46379671863822,1,5.8899293e-08
1271,0.57343054,0.22472839,0.13493347,0.06690761,-1.4582863,4.7816417e-07,0.1816964,2.8067404e-10,-76.46379671863822,1,5.1297867e-08
1272,0.5735138,0.22399475,0.13543108,0.06706033,-1.4468011,4.6541885e-07,0.1791337,2.7998637e-10,-76.46379671863822,1,3.2612313e-08
1273,0.573835,0.22389627,0.13533081,0.066937804,-1.4375653,4.456666e-07,0.17924835,2.792181e-10,-76.46379671863822,0,2.727388e-07
1274,0.57867736,0.22391747,0.13194345,0.06546169,-1.4247222,4.4401847e-07,0.18440291,2.877062e-10,-76.46379671863822,0,4.812192e-07
1275,0.5895525,0.22471845,0.12465584,0.061073195,-1.4065403,4.9424017e-07,0.18912573,3.1628497e-10,-76.46379671863822,1,4.9637706e-08
1278,0.6109586,0.22812715,0.10886715,0.052047074,-1.385659,5.2381165e-07,0.1963101,3.744078e-10,-76.46379671863822,1,-5.692665e-07
1279,0.61455446,0.2289987,0.10566324,0.0507836,-1.3653052,4.9391736e-07,0.2003821,3.6857573e-10,-76.46379671863822,1,-3.178083e-07
1284,0.6042663,0.2407363,0.10502673,0.049970657,-1.2867775,3.3719974e-07,0.21354382,4.0591833e-10,-76.46379671863822,0,2.0708953e-06
1285,0.6304869,0.25342113,0.079390906,0.036701072,-1.2200289,4.1935817e-07,0.22034137,4.3817974e-10,-76.46379671863822,1,-5.0633446e-07
1286,0.6278745,0.25295097,0.08149065,0.03768388,-1.1926419,4.1094196e-07,0.21922626,4.3162218e-10,-76.46379671863822,1,-3.2211483e-07
1287,0.61946416,0.27191055,0.07399025,0.03463503,-1.195055,3.7230834e-07,0.22937319,4.087436e-10,-76.46379671863822,1,3.1257343e-08
1288,0.6134238,0.26564673,0.08195747,0.038971987,-1.1744114,3.2052452e-07,0.22637756,3.7947018e-10,-76.46379671863822,0,1.9845842e-07
1289,0.6113712,0.24030502,0.10038901,0.047934778,-1.136138,3.5479312e-07,0.21284226,3.821529e-10,-76.46379671863822,1,-9.422966e-08
1290,0.62045264,0.2427873,0.09282485,0.043935176,-1.1131867,3.783624e-07,0.21458758,3.8220155e-10,-76.46379671863822,1,-4.1480067e-07
1291,0.61679846,0.2401592,0.09689321,0.046149157,-1.1030266,3.7540445e-07,0.21306746,3.7251843e-10,-76.46379671863822,1,-5.1491497e-08
1292,0.6110294,0.23476623,0.10428566,0.04991877,-1.0990459,3.672919e-07,0.21041322,3.6104256e-10,-76.46379671863822,1,9.018146e-08
1293,0.61907727,0.24080198,0.094907865,0.045212876,-1.1001713,4.0324505e-07,0.21223883,3.6347525e-10,-76.46379671863822,1,-6.777333e-08
1294,0.6209656,0.23986739,0.09412944,0.045037556,-1.1042364,4.2263636e-07,0.21134469,3.5888634e-10,-76.46379671863822,1,-2.1063141e-07
1295,0.59762406,0.22983997,0.11603115,0.05650478,-1.1167103,4.059702e-07,0.19788988,3.434372e-10,-76.46379671863822,0,1.88481e-07
